id,label
1,"neutral,neutral"
2,"positive,positive"
3,"neutral,neutral"
4,"positive,positive"
5,"positive,positive"
6,"positive,positive"
7,"neutral,neutral"
8,"positive,positive"
9,"neutral,neutral"
10,"negative,negative"
11,"negative,negative"
12,"neutral,neutral"
13,"neutral,neutral"
14,"neutral,neutral"
15,"positive,positive"
16,"positive,positive"
17,"neutral,neutral"
18,"neutral,neutral"
19,"positive,positive"
20,"neutral,neutral"
21,"neutral,neutral"
22,"neutral,neutral"
23,"negative,negative"
24,"negative,negative"
25,"neutral,neutral"
26,"positive,positive"
27,"positive,positive"
28,"neutral,neutral"
29,"positive,positive"
30,"neutral,neutral"
31,"negative,negative"
32,"neutral,neutral"
33,"negative,negative"
34,"negative,negative"
35,"neutral,neutral"
36,"negative,negative"
37,"neutral,neutral"
38,"positive,positive"
39,"positive,positive"
40,"positive,positive"
41,"positive,positive"
42,"positive,positive"
43,"positive,positive"
44,"neutral,neutral"
45,"neutral,neutral"
46,"positive,positive"
47,"neutral,neutral"
48,"positive,positive"
49,"neutral,neutral"
50,"neutral,neutral"
51,"positive,positive"
52,"neutral,neutral"
53,"neutral,neutral"
54,"positive,positive"
55,"positive,positive"
56,"positive,positive"
57,"negative,negative"
58,"neutral,neutral"
59,"neutral,neutral"
60,"positive,positive"
61,"positive,positive"
62,"neutral,neutral"
63,"neutral,neutral"
64,"neutral,neutral"
65,"neutral,neutral"
66,"neutral,neutral"
67,"negative,negative"
68,"neutral,neutral"
69,"neutral,neutral"
70,"positive,positive"
71,"positive,positive"
72,"positive,positive"
73,"neutral,neutral"
74,"positive,positive"
75,"positive,positive"
76,"positive,positive"
77,"neutral,neutral"
78,"positive,positive"
79,"neutral,neutral"
80,"positive,positive"
81,"positive,positive"
82,"negative,negative"
83,"negative,negative"
84,"neutral,neutral"
85,"negative,negative"
86,"positive,positive"
87,"negative,negative"
88,"positive,positive"
89,"negative,negative"
90,"positive,positive"
91,"negative,negative"
92,"neutral,neutral"
93,"negative,negative"
94,"negative,negative"
95,"neutral,neutral"
96,"positive,positive"
97,"neutral,neutral"
98,"positive,positive"
99,"positive,positive"
100,"neutral,neutral"
101,"negative,negative"
102,"negative,negative"
103,"positive,positive"
104,"negative,negative"
105,"neutral,neutral"
106,"neutral,neutral"
107,"positive,positive"
108,"neutral,neutral"
109,"positive,positive"
110,"positive,positive"
111,"positive,positive"
112,"negative,negative"
113,"negative,negative"
114,"positive,positive"
115,"positive,positive"
116,"positive,positive"
117,"positive,positive"
118,"positive,positive"
119,"negative,negative"
120,"negative,negative"
121,"positive,positive"
122,"negative,negative"
123,"negative,negative"
124,"positive,positive"
125,"neutral,neutral"
126,"negative,negative"
127,"negative,negative"
128,"negative,negative"
129,"negative,negative"
130,"neutral,neutral"
131,"neutral,neutral"
132,"positive,positive"
133,"neutral,neutral"
134,"neutral,neutral"
135,"neutral,neutral"
136,"positive,positive"
137,"positive,positive"
138,"negative,negative"
139,"positive,positive"
140,"positive,positive"
141,"positive,positive"
142,"positive,positive"
143,"negative,negative"
144,"neutral,neutral"
145,"positive,positive"
146,"neutral,neutral"
147,"negative,negative"
148,"neutral,neutral"
149,"positive,positive"
150,"positive,positive"
151,"positive,positive"
152,"negative,negative"
153,"neutral,neutral"
154,"positive,positive"
155,"negative,negative"
156,"neutral,neutral"
157,"positive,positive"
158,"negative,negative"
159,"negative,negative"
160,"positive,positive"
161,"negative,negative"
162,"positive,positive"
163,"neutral,neutral"
164,"neutral,neutral"
165,"positive,positive"
166,"negative,negative"
167,"positive,positive"
168,"neutral,neutral"
169,"negative,negative"
170,"positive,positive"
171,"negative,negative"
172,"positive,positive"
173,"neutral,neutral"
174,"neutral,neutral"
175,"negative,negative"
176,"negative,negative"
177,"positive,positive"
178,"positive,positive"
179,"positive,positive"
180,"positive,positive"
181,"neutral,neutral"
182,"neutral,neutral"
183,"negative,negative"
184,"negative,negative"
185,"positive,positive"
186,"negative,negative"
187,"negative,negative"
188,"neutral,neutral"
189,"neutral,neutral"
190,"neutral,neutral"
191,"neutral,neutral"
192,"positive,positive"
193,"positive,positive"
194,"negative,negative"
195,"positive,positive"
196,"negative,negative"
197,"neutral,neutral"
198,"positive,positive"
199,"positive,positive"
200,"negative,negative"
201,"positive,positive"
202,"negative,negative"
203,"negative,negative"
204,"positive,positive"
205,"neutral,neutral"
206,"positive,positive"
207,"neutral,neutral"
208,"negative,negative"
209,"negative,negative"
210,"positive,positive"
211,"positive,positive"
212,"neutral,neutral"
213,"positive,positive"
214,"neutral,neutral"
215,"positive,positive"
216,"positive,positive"
217,"positive,positive"
218,"neutral,neutral"
219,"neutral,neutral"
220,"negative,negative"
221,"positive,positive"
222,"neutral,neutral"
223,"negative,negative"
224,"negative,negative"
225,"neutral,neutral"
226,"negative,negative"
227,"negative,negative"
228,"negative,negative"
229,"positive,positive"
230,"negative,negative"
231,"positive,positive"
232,"positive,positive"
233,"neutral,neutral"
234,"negative,negative"
235,"neutral,neutral"
236,"positive,positive"
237,"positive,positive"
238,"positive,positive"
239,"neutral,neutral"
240,"positive,positive"
241,"negative,negative"
242,"neutral,neutral"
243,"neutral,neutral"
244,"negative,negative"
245,"neutral,neutral"
246,"negative,negative"
247,"positive,positive"
248,"neutral,neutral"
249,"positive,positive"
250,"positive,positive"
251,"neutral,neutral"
252,"neutral,neutral"
253,"positive,positive"
254,"negative,negative"
255,"positive,positive"
256,"negative,negative"
257,"positive,positive"
258,"neutral,neutral"
259,"positive,positive"
260,"positive,positive"
261,"positive,positive"
262,"neutral,neutral"
263,"positive,positive"
264,"neutral,neutral"
265,"positive,positive"
266,"neutral,neutral"
267,"negative,negative"
268,"negative,negative"
269,"positive,positive"
270,"positive,positive"
271,"negative,negative"
272,"neutral,neutral"
273,"neutral,neutral"
274,"neutral,neutral"
275,"neutral,neutral"
276,"neutral,neutral"
277,"positive,positive"
278,"positive,positive"
279,"positive,positive"
280,"neutral,neutral"
281,"neutral,neutral"
282,"positive,positive"
283,"neutral,neutral"
284,"neutral,neutral"
285,"neutral,neutral"
286,"negative,negative"
287,"neutral,neutral"
288,"positive,positive"
289,"negative,negative"
290,"neutral,neutral"
291,"negative,negative"
292,"negative,negative"
293,"positive,positive"
294,"positive,positive"
295,"positive,positive"
296,"neutral,neutral"
297,"neutral,neutral"
298,"positive,positive"
299,"neutral,neutral"
300,"neutral,neutral"
301,"neutral,neutral"
302,"negative,negative"
303,"neutral,neutral"
304,"neutral,neutral"
305,"neutral,neutral"
306,"positive,positive"
307,"positive,positive"
308,"negative,negative"
309,"negative,negative"
310,"positive,positive"
311,"positive,positive"
312,"positive,positive"
313,"negative,negative"
314,"positive,positive"
315,"negative,negative"
316,"neutral,neutral"
317,"positive,positive"
318,"positive,positive"
319,"positive,positive"
320,"positive,positive"
321,"neutral,neutral"
322,"neutral,neutral"
323,"negative,negative"
324,"neutral,neutral"
325,"positive,positive"
326,"negative,negative"
327,"neutral,neutral"
328,"positive,positive"
329,"positive,positive"
330,"negative,negative"
331,"positive,positive"
332,"negative,negative"
333,"negative,negative"
334,"neutral,neutral"
335,"positive,positive"
336,"neutral,neutral"
337,"neutral,neutral"
338,"positive,positive"
339,"positive,positive"
340,"neutral,neutral"
341,"positive,positive"
342,"positive,positive"
343,"negative,negative"
344,"negative,negative"
345,"positive,positive"
346,"negative,negative"
347,"neutral,neutral"
348,"positive,positive"
349,"positive,positive"
350,"positive,positive"
351,"neutral,neutral"
352,"positive,positive"
353,"neutral,neutral"
354,"neutral,neutral"
355,"negative,negative"
356,"neutral,neutral"
357,"negative,negative"
358,"positive,positive"
359,"positive,positive"
360,"positive,positive"
361,"neutral,neutral"
362,"neutral,neutral"
363,"neutral,neutral"
364,"positive,positive"
365,"positive,positive"
366,"negative,negative"
367,"positive,positive"
368,"positive,positive"
369,"negative,negative"
370,"neutral,neutral"
371,"positive,positive"
372,"positive,positive"
373,"positive,positive"
374,"positive,positive"
375,"neutral,neutral"
376,"positive,positive"
377,"negative,negative"
378,"negative,negative"
379,"positive,positive"
380,"negative,negative"
381,"neutral,neutral"
382,"neutral,neutral"
383,"negative,negative"
384,"positive,positive"
385,"neutral,neutral"
386,"negative,negative"
387,"positive,positive"
388,"positive,positive"
389,"positive,positive"
390,"negative,negative"
391,"negative,negative"
392,"negative,negative"
393,"neutral,neutral"
394,"positive,positive"
395,"neutral,neutral"
396,"neutral,neutral"
397,"negative,negative"
398,"negative,negative"
399,"neutral,neutral"
400,"neutral,neutral"
401,"neutral,neutral"
402,"neutral,neutral"
403,"negative,negative"
404,"positive,positive"
405,"negative,negative"
406,"neutral,neutral"
407,"negative,negative"
408,"positive,positive"
409,"negative,negative"
410,"neutral,neutral"
411,"neutral,neutral"
412,"negative,negative"
413,"neutral,neutral"
414,"negative,negative"
415,"negative,negative"
416,"neutral,neutral"
417,"neutral,neutral"
418,"negative,negative"
419,"neutral,neutral"
420,"positive,positive"
421,"neutral,neutral"
422,"neutral,neutral"
423,"neutral,neutral"
424,"negative,negative"
425,"negative,negative"
426,"neutral,neutral"
427,"neutral,neutral"
428,"neutral,neutral"
429,"neutral,neutral"
430,"neutral,neutral"
431,"neutral,neutral"
432,"positive,positive"
433,"neutral,neutral"
434,"neutral,neutral"
435,"positive,positive"
436,"positive,positive"
437,"positive,positive"
438,"neutral,neutral"
439,"neutral,neutral"
440,"negative,negative"
441,"neutral,neutral"
442,"neutral,neutral"
443,"positive,positive"
444,"negative,negative"
445,"neutral,neutral"
446,"positive,positive"
447,"positive,positive"
448,"positive,positive"
449,"neutral,neutral"
450,"neutral,neutral"
451,"positive,positive"
452,"neutral,neutral"
453,"neutral,neutral"
454,"positive,positive"
455,"neutral,neutral"
456,"positive,positive"
457,"positive,positive"
458,"positive,positive"
459,"neutral,neutral"
460,"neutral,neutral"
461,"neutral,neutral"
462,"positive,positive"
463,"positive,positive"
464,"positive,positive"
465,"negative,negative"
466,"negative,negative"
467,"neutral,neutral"
468,"positive,positive"
469,"negative,negative"
470,"positive,positive"
471,"neutral,neutral"
472,"negative,negative"
473,"positive,positive"
474,"neutral,neutral"
475,"positive,positive"
476,"neutral,neutral"
477,"negative,negative"
478,"neutral,neutral"
479,"positive,positive"
480,"positive,positive"
481,"positive,positive"
482,"negative,negative"
483,"positive,positive"
484,"positive,positive"
485,"negative,negative"
486,"neutral,neutral"
487,"negative,negative"
488,"positive,positive"
489,"neutral,neutral"
490,"positive,positive"
491,"neutral,neutral"
492,"positive,positive"
493,"positive,positive"
494,"positive,positive"
495,"neutral,neutral"
496,"negative,negative"
497,"neutral,neutral"
498,"positive,positive"
499,"positive,positive"
500,"neutral,neutral"
501,"positive,positive"
502,"negative,negative"
503,"negative,negative"
504,"positive,positive"
505,"neutral,neutral"
506,"neutral,neutral"
507,"positive,positive"
508,"neutral,neutral"
509,"neutral,neutral"
510,"positive,positive"
511,"negative,negative"
512,"positive,positive"
513,"neutral,neutral"
514,"neutral,neutral"
515,"positive,positive"
516,"negative,negative"
517,"positive,positive"
518,"neutral,neutral"
519,"neutral,neutral"
520,"neutral,neutral"
521,"negative,negative"
522,"neutral,neutral"
523,"positive,positive"
524,"neutral,neutral"
525,"negative,negative"
526,"neutral,neutral"
527,"positive,positive"
528,"negative,negative"
529,"negative,negative"
530,"positive,positive"
531,"negative,negative"
532,"neutral,neutral"
533,"neutral,neutral"
534,"positive,positive"
535,"negative,negative"
536,"neutral,neutral"
537,"negative,negative"
538,"neutral,neutral"
539,"negative,negative"
540,"positive,positive"
541,"neutral,neutral"
542,"positive,positive"
543,"positive,positive"
544,"negative,negative"
545,"positive,positive"
546,"positive,positive"
547,"negative,negative"
548,"neutral,neutral"
549,"positive,positive"
550,"neutral,neutral"
551,"positive,positive"
552,"neutral,neutral"
553,"neutral,neutral"
554,"positive,positive"
555,"negative,negative"
556,"negative,negative"
557,"neutral,neutral"
558,"neutral,neutral"
559,"negative,negative"
560,"neutral,neutral"
561,"positive,positive"
562,"negative,negative"
563,"positive,positive"
564,"negative,negative"
565,"positive,positive"
566,"negative,negative"
567,"positive,positive"
568,"negative,negative"
569,"positive,positive"
570,"positive,positive"
571,"neutral,neutral"
572,"neutral,neutral"
573,"neutral,neutral"
574,"positive,positive"
575,"positive,positive"
576,"neutral,neutral"
577,"positive,positive"
578,"neutral,neutral"
579,"positive,positive"
580,"neutral,neutral"
581,"positive,positive"
582,"neutral,neutral"
583,"negative,negative"
584,"negative,negative"
585,"neutral,neutral"
586,"positive,positive"
587,"neutral,neutral"
588,"neutral,neutral"
589,"neutral,neutral"
590,"negative,negative"
591,"neutral,neutral"
592,"neutral,neutral"
593,"negative,negative"
594,"positive,positive"
595,"positive,positive"
596,"positive,positive"
597,"positive,positive"
598,"positive,positive"
599,"negative,negative"
600,"positive,positive"
601,"neutral,neutral"
602,"positive,positive"
603,"positive,positive"
604,"positive,positive"
605,"neutral,neutral"
606,"negative,negative"
607,"negative,negative"
608,"neutral,neutral"
609,"negative,negative"
610,"neutral,neutral"
611,"positive,positive"
612,"neutral,neutral"
613,"negative,negative"
614,"neutral,neutral"
615,"negative,negative"
616,"positive,positive"
617,"neutral,neutral"
618,"positive,positive"
619,"positive,positive"
620,"neutral,neutral"
621,"neutral,neutral"
622,"positive,positive"
623,"negative,negative"
624,"negative,negative"
625,"positive,positive"
626,"positive,positive"
627,"negative,negative"
628,"positive,positive"
629,"positive,positive"
630,"positive,positive"
631,"neutral,neutral"
632,"negative,negative"
633,"positive,positive"
634,"negative,negative"
635,"neutral,neutral"
636,"neutral,neutral"
637,"positive,positive"
638,"positive,positive"
639,"positive,positive"
640,"positive,positive"
641,"positive,positive"
642,"neutral,neutral"
643,"neutral,neutral"
644,"positive,positive"
645,"positive,positive"
646,"positive,positive"
647,"positive,positive"
648,"negative,negative"
649,"neutral,neutral"
650,"positive,positive"
651,"positive,positive"
652,"positive,positive"
653,"positive,positive"
654,"neutral,neutral"
655,"positive,positive"
656,"positive,positive"
657,"positive,positive"
658,"positive,positive"
659,"negative,negative"
660,"negative,negative"
661,"neutral,neutral"
662,"neutral,neutral"
663,"positive,positive"
664,"neutral,neutral"
665,"neutral,neutral"
666,"positive,positive"
667,"neutral,neutral"
668,"neutral,neutral"
669,"negative,negative"
670,"negative,negative"
671,"negative,negative"
672,"negative,negative"
673,"positive,positive"
674,"negative,negative"
675,"positive,positive"
676,"neutral,neutral"
677,"positive,positive"
678,"neutral,neutral"
679,"positive,positive"
680,"positive,positive"
681,"positive,positive"
682,"neutral,neutral"
683,"neutral,neutral"
684,"positive,positive"
685,"positive,positive"
686,"neutral,neutral"
687,"neutral,neutral"
688,"negative,negative"
689,"positive,positive"
690,"positive,positive"
691,"negative,negative"
692,"negative,negative"
693,"neutral,neutral"
694,"positive,positive"
695,"negative,negative"
696,"negative,negative"
697,"positive,positive"
698,"positive,positive"
699,"neutral,neutral"
700,"positive,positive"
701,"positive,positive"
702,"neutral,neutral"
703,"positive,positive"
704,"negative,negative"
705,"positive,positive"
706,"neutral,neutral"
707,"positive,positive"
708,"positive,positive"
709,"positive,positive"
710,"positive,positive"
711,"negative,negative"
712,"neutral,neutral"
713,"negative,negative"
714,"negative,negative"
715,"positive,positive"
716,"neutral,neutral"
717,"negative,negative"
718,"neutral,neutral"
719,"neutral,neutral"
720,"neutral,neutral"
721,"positive,positive"
722,"positive,positive"
723,"neutral,neutral"
724,"neutral,neutral"
725,"positive,positive"
726,"negative,negative"
727,"neutral,neutral"
728,"positive,positive"
729,"neutral,neutral"
730,"positive,positive"
731,"neutral,neutral"
732,"positive,positive"
733,"positive,positive"
734,"positive,positive"
735,"negative,negative"
736,"positive,positive"
737,"negative,negative"
738,"positive,positive"
739,"neutral,neutral"
740,"negative,negative"
741,"neutral,neutral"
742,"positive,positive"
743,"neutral,neutral"
744,"positive,positive"
745,"positive,positive"
746,"negative,negative"
747,"positive,positive"
748,"neutral,neutral"
749,"negative,negative"
750,"positive,positive"
751,"positive,positive"
752,"positive,positive"
753,"neutral,neutral"
754,"positive,positive"
755,"neutral,neutral"
756,"negative,negative"
757,"positive,positive"
758,"neutral,neutral"
759,"neutral,neutral"
760,"neutral,neutral"
761,"neutral,neutral"
762,"negative,negative"
763,"neutral,neutral"
764,"positive,positive"
765,"positive,positive"
766,"negative,negative"
767,"neutral,neutral"
768,"neutral,neutral"
769,"positive,positive"
770,"positive,positive"
771,"negative,negative"
772,"positive,positive"
773,"neutral,neutral"
774,"positive,positive"
775,"negative,negative"
776,"positive,positive"
777,"neutral,neutral"
778,"negative,negative"
779,"neutral,neutral"
780,"positive,positive"
781,"negative,negative"
782,"positive,positive"
783,"neutral,neutral"
784,"positive,positive"
785,"negative,negative"
786,"neutral,neutral"
787,"positive,positive"
788,"positive,positive"
789,"neutral,neutral"
790,"neutral,neutral"
791,"negative,negative"
792,"negative,negative"
793,"neutral,neutral"
794,"positive,positive"
795,"neutral,neutral"
796,"positive,positive"
797,"positive,positive"
798,"neutral,neutral"
799,"neutral,neutral"
800,"neutral,neutral"
801,"positive,positive"
802,"positive,positive"
803,"positive,positive"
804,"negative,negative"
805,"positive,positive"
806,"positive,positive"
807,"positive,positive"
808,"positive,positive"
809,"positive,positive"
810,"negative,negative"
811,"positive,positive"
812,"positive,positive"
813,"negative,negative"
814,"neutral,neutral"
815,"positive,positive"
816,"negative,negative"
817,"neutral,neutral"
818,"positive,positive"
819,"negative,negative"
820,"positive,positive"
821,"positive,positive"
822,"positive,positive"
823,"positive,positive"
824,"positive,positive"
825,"negative,negative"
826,"positive,positive"
827,"positive,positive"
828,"positive,positive"
829,"negative,negative"
830,"negative,negative"
831,"positive,positive"
832,"positive,positive"
833,"neutral,neutral"
834,"neutral,neutral"
835,"positive,positive"
836,"positive,positive"
837,"positive,positive"
838,"neutral,neutral"
839,"neutral,neutral"
840,"neutral,neutral"
841,"positive,positive"
842,"negative,negative"
843,"neutral,neutral"
844,"negative,negative"
845,"positive,positive"
846,"positive,positive"
847,"neutral,neutral"
848,"neutral,neutral"
849,"positive,positive"
850,"neutral,neutral"
851,"neutral,neutral"
852,"negative,negative"
853,"negative,negative"
854,"negative,negative"
855,"negative,negative"
856,"positive,positive"
857,"negative,negative"
858,"positive,positive"
859,"neutral,neutral"
860,"positive,positive"
861,"neutral,neutral"
862,"positive,positive"
863,"neutral,neutral"
864,"positive,positive"
865,"negative,negative"
866,"positive,positive"
867,"positive,positive"
868,"positive,positive"
869,"positive,positive"
870,"negative,negative"
871,"positive,positive"
872,"positive,positive"
873,"neutral,neutral"
874,"negative,negative"
875,"positive,positive"
876,"positive,positive"
877,"neutral,neutral"
878,"neutral,neutral"
879,"negative,negative"
880,"neutral,neutral"
881,"neutral,neutral"
882,"neutral,neutral"
883,"negative,negative"
884,"positive,positive"
885,"neutral,neutral"
886,"neutral,neutral"
887,"neutral,neutral"
888,"positive,positive"
889,"negative,negative"
890,"negative,negative"
891,"negative,negative"
892,"neutral,neutral"
893,"neutral,neutral"
894,"neutral,neutral"
895,"negative,negative"
896,"positive,positive"
897,"neutral,neutral"
898,"negative,negative"
899,"positive,positive"
900,"positive,positive"
901,"positive,positive"
902,"neutral,neutral"
903,"neutral,neutral"
904,"positive,positive"
905,"positive,positive"
906,"positive,positive"
907,"neutral,neutral"
908,"negative,negative"
909,"negative,negative"
910,"positive,positive"
911,"positive,positive"
912,"neutral,neutral"
913,"positive,positive"
914,"positive,positive"
915,"positive,positive"
916,"positive,positive"
917,"negative,negative"
918,"negative,negative"
919,"negative,negative"
920,"neutral,neutral"
921,"neutral,neutral"
922,"negative,negative"
923,"positive,positive"
924,"neutral,neutral"
925,"negative,negative"
926,"neutral,neutral"
927,"neutral,neutral"
928,"positive,positive"
929,"positive,positive"
930,"neutral,neutral"
931,"neutral,neutral"
932,"positive,positive"
933,"positive,positive"
934,"positive,positive"
935,"negative,negative"
936,"neutral,neutral"
937,"positive,positive"
938,"negative,negative"
939,"positive,positive"
940,"positive,positive"
941,"positive,positive"
942,"positive,positive"
943,"neutral,neutral"
944,"negative,negative"
945,"neutral,neutral"
946,"neutral,neutral"
947,"negative,negative"
948,"negative,negative"
949,"negative,negative"
950,"neutral,neutral"
951,"negative,negative"
952,"positive,positive"
953,"positive,positive"
954,"positive,positive"
955,"positive,positive"
956,"negative,negative"
957,"neutral,neutral"
958,"neutral,neutral"
959,"positive,positive"
960,"negative,negative"
961,"negative,negative"
962,"neutral,neutral"
963,"neutral,neutral"
964,"negative,negative"
965,"negative,negative"
966,"positive,positive"
967,"neutral,neutral"
968,"neutral,neutral"
969,"negative,negative"
970,"negative,negative"
971,"positive,positive"
972,"negative,negative"
973,"positive,positive"
974,"neutral,neutral"
975,"neutral,neutral"
976,"positive,positive"
977,"neutral,neutral"
978,"positive,positive"
979,"negative,negative"
980,"positive,positive"
981,"neutral,neutral"
982,"negative,negative"
983,"neutral,neutral"
984,"neutral,neutral"
985,"positive,positive"
986,"negative,negative"
987,"positive,positive"
988,"negative,negative"
989,"positive,positive"
990,"positive,positive"
991,"positive,positive"
992,"neutral,neutral"
993,"positive,positive"
994,"neutral,neutral"
995,"positive,positive"
996,"neutral,neutral"
997,"neutral,neutral"
998,"negative,negative"
999,"neutral,neutral"
1000,"positive,positive"
1001,"neutral,neutral"
1002,"neutral,neutral"
1003,"positive,positive"
1004,"positive,positive"
1005,"positive,positive"
1006,"neutral,neutral"
1007,"neutral,neutral"
1008,"neutral,neutral"
1009,"positive,positive"
1010,"neutral,neutral"
1011,"negative,negative"
1012,"negative,negative"
1013,"neutral,neutral"
1014,"neutral,neutral"
1015,"positive,positive"
1016,"positive,positive"
1017,"neutral,neutral"
1018,"neutral,neutral"
1019,"neutral,neutral"
1020,"neutral,neutral"
1021,"negative,negative"
1022,"positive,positive"
1023,"negative,negative"
1024,"positive,positive"
1025,"neutral,neutral"
1026,"negative,negative"
1027,"negative,negative"
1028,"positive,positive"
1029,"negative,negative"
1030,"negative,negative"
1031,"positive,positive"
1032,"positive,positive"
1033,"positive,positive"
1034,"neutral,neutral"
1035,"neutral,neutral"
1036,"positive,positive"
1037,"neutral,neutral"
1038,"negative,negative"
1039,"negative,negative"
1040,"neutral,neutral"
1041,"positive,positive"
1042,"positive,positive"
1043,"positive,positive"
1044,"neutral,neutral"
1045,"positive,positive"
1046,"neutral,neutral"
1047,"neutral,neutral"
1048,"neutral,neutral"
1049,"neutral,neutral"
1050,"negative,negative"
1051,"positive,positive"
1052,"positive,positive"
1053,"neutral,neutral"
1054,"positive,positive"
1055,"positive,positive"
1056,"positive,positive"
1057,"negative,negative"
1058,"negative,negative"
1059,"negative,negative"
1060,"negative,negative"
1061,"neutral,neutral"
1062,"neutral,neutral"
1063,"negative,negative"
1064,"neutral,neutral"
1065,"positive,positive"
1066,"neutral,neutral"
1067,"neutral,neutral"
1068,"positive,positive"
1069,"neutral,neutral"
1070,"negative,negative"
1071,"negative,negative"
1072,"negative,negative"
1073,"negative,negative"
1074,"positive,positive"
1075,"positive,positive"
1076,"positive,positive"
1077,"negative,negative"
1078,"positive,positive"
1079,"neutral,neutral"
1080,"neutral,neutral"
1081,"negative,negative"
1082,"positive,positive"
1083,"negative,negative"
1084,"negative,negative"
1085,"negative,negative"
1086,"neutral,neutral"
1087,"negative,negative"
1088,"neutral,neutral"
1089,"positive,positive"
1090,"positive,positive"
1091,"positive,positive"
1092,"neutral,neutral"
1093,"positive,positive"
1094,"positive,positive"
1095,"neutral,neutral"
1096,"positive,positive"
1097,"neutral,neutral"
1098,"positive,positive"
1099,"positive,positive"
1100,"positive,positive"
1101,"positive,positive"
1102,"positive,positive"
1103,"neutral,neutral"
1104,"positive,positive"
1105,"neutral,neutral"
1106,"negative,negative"
1107,"negative,negative"
1108,"neutral,neutral"
1109,"negative,negative"
1110,"positive,positive"
1111,"positive,positive"
1112,"neutral,neutral"
1113,"positive,positive"
1114,"positive,positive"
1115,"positive,positive"
1116,"positive,positive"
1117,"positive,positive"
1118,"negative,negative"
1119,"positive,positive"
1120,"neutral,neutral"
1121,"neutral,neutral"
1122,"positive,positive"
1123,"negative,negative"
1124,"neutral,neutral"
1125,"positive,positive"
1126,"negative,negative"
1127,"neutral,neutral"
1128,"positive,positive"
1129,"negative,negative"
1130,"positive,positive"
1131,"neutral,neutral"
1132,"positive,positive"
1133,"neutral,neutral"
1134,"positive,positive"
1135,"negative,negative"
1136,"negative,negative"
1137,"neutral,neutral"
1138,"positive,positive"
1139,"neutral,neutral"
1140,"positive,positive"
1141,"positive,positive"
1142,"negative,negative"
1143,"positive,positive"
1144,"negative,negative"
1145,"neutral,neutral"
1146,"neutral,neutral"
1147,"positive,positive"
1148,"negative,negative"
1149,"negative,negative"
1150,"neutral,neutral"
1151,"positive,positive"
1152,"positive,positive"
1153,"negative,negative"
1154,"positive,positive"
1155,"positive,positive"
1156,"negative,negative"
1157,"positive,positive"
1158,"positive,positive"
1159,"neutral,neutral"
1160,"positive,positive"
1161,"neutral,neutral"
1162,"neutral,neutral"
1163,"neutral,neutral"
1164,"positive,positive"
1165,"negative,negative"
1166,"negative,negative"
1167,"positive,positive"
1168,"negative,negative"
1169,"neutral,neutral"
1170,"negative,negative"
1171,"positive,positive"
1172,"neutral,neutral"
1173,"positive,positive"
1174,"negative,negative"
1175,"neutral,neutral"
1176,"neutral,neutral"
1177,"neutral,neutral"
1178,"negative,negative"
1179,"neutral,neutral"
1180,"positive,positive"
1181,"positive,positive"
1182,"positive,positive"
1183,"negative,negative"
1184,"positive,positive"
1185,"positive,positive"
1186,"positive,positive"
1187,"negative,negative"
1188,"positive,positive"
1189,"negative,negative"
1190,"neutral,neutral"
1191,"negative,negative"
1192,"neutral,neutral"
1193,"positive,positive"
1194,"neutral,neutral"
1195,"neutral,neutral"
1196,"positive,positive"
1197,"neutral,neutral"
1198,"neutral,neutral"
1199,"neutral,neutral"
1200,"neutral,neutral"
1201,"positive,positive"
1202,"positive,positive"
1203,"neutral,neutral"
1204,"negative,negative"
1205,"negative,negative"
1206,"negative,negative"
1207,"positive,positive"
1208,"positive,positive"
1209,"positive,positive"
1210,"positive,positive"
1211,"positive,positive"
1212,"positive,positive"
1213,"neutral,neutral"
1214,"neutral,neutral"
1215,"positive,positive"
1216,"positive,positive"
1217,"neutral,neutral"
1218,"positive,positive"
1219,"neutral,neutral"
1220,"neutral,neutral"
1221,"positive,positive"
1222,"positive,positive"
1223,"neutral,neutral"
1224,"positive,positive"
1225,"neutral,neutral"
1226,"positive,positive"
1227,"positive,positive"
1228,"positive,positive"
1229,"positive,positive"
1230,"positive,positive"
1231,"positive,positive"
1232,"positive,positive"
1233,"positive,positive"
1234,"positive,positive"
1235,"positive,positive"
1236,"positive,positive"
1237,"neutral,neutral"
1238,"positive,positive"
1239,"neutral,neutral"
1240,"neutral,neutral"
1241,"positive,positive"
1242,"neutral,neutral"
1243,"neutral,neutral"
1244,"positive,positive"
1245,"neutral,neutral"
1246,"neutral,neutral"
1247,"neutral,neutral"
1248,"neutral,neutral"
1249,"neutral,neutral"
1250,"negative,negative"
1251,"neutral,neutral"
1252,"neutral,neutral"
1253,"positive,positive"
1254,"positive,positive"
1255,"positive,positive"
1256,"neutral,neutral"
1257,"neutral,neutral"
1258,"positive,positive"
1259,"neutral,neutral"
1260,"neutral,neutral"
1261,"positive,positive"
1262,"positive,positive"
1263,"positive,positive"
1264,"positive,positive"
1265,"neutral,neutral"
1266,"neutral,neutral"
1267,"neutral,neutral"
1268,"neutral,neutral"
1269,"neutral,neutral"
1270,"positive,positive"
1271,"neutral,neutral"
1272,"positive,positive"
1273,"positive,positive"
1274,"positive,positive"
1275,"positive,positive"
1276,"positive,positive"
1277,"positive,positive"
1278,"neutral,neutral"
1279,"positive,positive"
1280,"neutral,neutral"
1281,"positive,positive"
1282,"positive,positive"
1283,"negative,negative"
1284,"positive,positive"
1285,"neutral,neutral"
1286,"neutral,neutral"
1287,"positive,positive"
1288,"positive,positive"
1289,"positive,positive"
1290,"neutral,neutral"
1291,"positive,positive"
1292,"positive,positive"
1293,"positive,positive"
1294,"positive,positive"
1295,"neutral,neutral"
1296,"neutral,neutral"
1297,"positive,positive"
1298,"positive,positive"
1299,"negative,negative"
1300,"positive,positive"
1301,"positive,positive"
1302,"negative,negative"
1303,"neutral,neutral"
1304,"positive,positive"
1305,"positive,positive"
1306,"neutral,neutral"
1307,"neutral,neutral"
1308,"positive,positive"
1309,"neutral,neutral"
1310,"neutral,neutral"
1311,"positive,positive"
1312,"negative,negative"
1313,"positive,positive"
1314,"positive,positive"
1315,"positive,positive"
1316,"positive,positive"
1317,"neutral,neutral"
1318,"neutral,neutral"
1319,"neutral,neutral"
1320,"neutral,neutral"
1321,"neutral,neutral"
1322,"neutral,neutral"
1323,"negative,negative"
1324,"positive,positive"
1325,"positive,positive"
1326,"negative,negative"
1327,"negative,negative"
1328,"positive,positive"
1329,"positive,positive"
1330,"negative,negative"
1331,"positive,positive"
1332,"neutral,neutral"
1333,"positive,positive"
1334,"positive,positive"
1335,"positive,positive"
1336,"positive,positive"
1337,"neutral,neutral"
1338,"neutral,neutral"
1339,"negative,negative"
1340,"positive,positive"
1341,"positive,positive"
1342,"neutral,neutral"
1343,"neutral,neutral"
1344,"neutral,neutral"
1345,"neutral,neutral"
1346,"neutral,neutral"
1347,"negative,negative"
1348,"positive,positive"
1349,"positive,positive"
1350,"positive,positive"
1351,"positive,positive"
1352,"positive,positive"
1353,"neutral,neutral"
1354,"positive,positive"
1355,"positive,positive"
1356,"positive,positive"
1357,"positive,positive"
1358,"neutral,neutral"
1359,"positive,positive"
1360,"positive,positive"
1361,"positive,positive"
1362,"positive,positive"
1363,"neutral,neutral"
1364,"positive,positive"
1365,"positive,positive"
1366,"neutral,neutral"
1367,"neutral,neutral"
1368,"neutral,neutral"
1369,"neutral,neutral"
1370,"neutral,neutral"
1371,"neutral,neutral"
1372,"positive,positive"
1373,"neutral,neutral"
1374,"neutral,neutral"
1375,"positive,positive"
1376,"positive,positive"
1377,"neutral,neutral"
1378,"positive,positive"
1379,"neutral,neutral"
1380,"neutral,neutral"
1381,"positive,positive"
1382,"positive,positive"
1383,"neutral,neutral"
1384,"positive,positive"
1385,"positive,positive"
1386,"positive,positive"
1387,"negative,negative"
1388,"neutral,neutral"
1389,"positive,positive"
1390,"positive,positive"
1391,"positive,positive"
1392,"neutral,neutral"
1393,"positive,positive"
1394,"neutral,neutral"
1395,"negative,negative"
1396,"negative,negative"
1397,"positive,positive"
1398,"positive,positive"
1399,"negative,negative"
1400,"positive,positive"
1401,"positive,positive"
1402,"neutral,neutral"
1403,"positive,positive"
1404,"neutral,neutral"
1405,"neutral,neutral"
1406,"positive,positive"
1407,"positive,positive"
1408,"positive,positive"
1409,"positive,positive"
1410,"negative,negative"
1411,"neutral,neutral"
1412,"positive,positive"
1413,"neutral,neutral"
1414,"positive,positive"
1415,"neutral,neutral"
1416,"positive,positive"
1417,"positive,positive"
1418,"neutral,neutral"
1419,"positive,positive"
1420,"neutral,neutral"
1421,"neutral,neutral"
1422,"positive,positive"
1423,"positive,positive"
1424,"positive,positive"
1425,"positive,positive"
1426,"positive,positive"
1427,"positive,positive"
1428,"positive,positive"
1429,"positive,positive"
1430,"neutral,neutral"
1431,"positive,positive"
1432,"positive,positive"
1433,"neutral,neutral"
1434,"negative,negative"
1435,"positive,positive"
1436,"positive,positive"
1437,"positive,positive"
1438,"neutral,neutral"
1439,"positive,positive"
1440,"positive,positive"
1441,"positive,positive"
1442,"positive,positive"
1443,"positive,positive"
1444,"positive,positive"
1445,"positive,positive"
1446,"positive,positive"
1447,"neutral,neutral"
1448,"neutral,neutral"
1449,"positive,positive"
1450,"neutral,neutral"
1451,"positive,positive"
1452,"neutral,neutral"
1453,"positive,positive"
1454,"positive,positive"
1455,"positive,positive"
1456,"neutral,neutral"
1457,"positive,positive"
1458,"positive,positive"
1459,"positive,positive"
1460,"positive,positive"
1461,"neutral,neutral"
1462,"neutral,neutral"
1463,"positive,positive"
1464,"positive,positive"
1465,"positive,positive"
1466,"negative,negative"
1467,"positive,positive"
1468,"positive,positive"
1469,"positive,positive"
1470,"positive,positive"
1471,"positive,positive"
1472,"neutral,neutral"
1473,"positive,positive"
1474,"positive,positive"
1475,"neutral,neutral"
1476,"positive,positive"
1477,"positive,positive"
1478,"positive,positive"
1479,"positive,positive"
1480,"neutral,neutral"
1481,"neutral,neutral"
1482,"positive,positive"
1483,"neutral,neutral"
1484,"positive,positive"
1485,"neutral,neutral"
1486,"neutral,neutral"
1487,"neutral,neutral"
1488,"neutral,neutral"
1489,"neutral,neutral"
1490,"positive,positive"
1491,"positive,positive"
1492,"positive,positive"
1493,"positive,positive"
1494,"neutral,neutral"
1495,"positive,positive"
1496,"negative,negative"
1497,"neutral,neutral"
1498,"positive,positive"
1499,"positive,positive"
1500,"positive,positive"
1501,"positive,positive"
1502,"neutral,neutral"
1503,"positive,positive"
1504,"neutral,neutral"
1505,"positive,positive"
1506,"positive,positive"
1507,"neutral,neutral"
1508,"positive,positive"
1509,"positive,positive"
1510,"positive,positive"
1511,"positive,positive"
1512,"positive,positive"
1513,"neutral,neutral"
1514,"neutral,neutral"
1515,"negative,negative"
1516,"neutral,neutral"
1517,"positive,positive"
1518,"positive,positive"
1519,"neutral,neutral"
1520,"positive,positive"
1521,"neutral,neutral"
1522,"neutral,neutral"
1523,"positive,positive"
1524,"positive,positive"
1525,"neutral,neutral"
1526,"positive,positive"
1527,"positive,positive"
1528,"positive,positive"
1529,"positive,positive"
1530,"neutral,neutral"
1531,"negative,negative"
1532,"neutral,neutral"
1533,"positive,positive"
1534,"positive,positive"
1535,"positive,positive"
1536,"positive,positive"
1537,"positive,positive"
1538,"neutral,neutral"
1539,"positive,positive"
1540,"positive,positive"
1541,"positive,positive"
1542,"positive,positive"
1543,"positive,positive"
1544,"positive,positive"
1545,"neutral,neutral"
1546,"positive,positive"
1547,"positive,positive"
1548,"neutral,neutral"
1549,"positive,positive"
1550,"positive,positive"
1551,"positive,positive"
1552,"neutral,neutral"
1553,"neutral,neutral"
1554,"negative,negative"
1555,"positive,positive"
1556,"positive,positive"
1557,"positive,positive"
1558,"positive,positive"
1559,"positive,positive"
1560,"positive,positive"
1561,"positive,positive"
1562,"positive,positive"
1563,"positive,positive"
1564,"negative,negative"
1565,"positive,positive"
1566,"positive,positive"
1567,"negative,negative"
1568,"neutral,neutral"
1569,"positive,positive"
1570,"neutral,neutral"
1571,"negative,negative"
1572,"positive,positive"
1573,"positive,positive"
1574,"neutral,neutral"
1575,"neutral,neutral"
1576,"positive,positive"
1577,"neutral,neutral"
1578,"positive,positive"
1579,"neutral,neutral"
1580,"positive,positive"
1581,"neutral,neutral"
1582,"positive,positive"
1583,"positive,positive"
1584,"positive,positive"
1585,"neutral,neutral"
1586,"neutral,neutral"
1587,"positive,positive"
1588,"positive,positive"
1589,"neutral,neutral"
1590,"positive,positive"
1591,"positive,positive"
1592,"positive,positive"
1593,"neutral,neutral"
1594,"positive,positive"
1595,"positive,positive"
1596,"positive,positive"
1597,"positive,positive"
1598,"neutral,neutral"
1599,"positive,positive"
1600,"negative,negative"
1601,"positive,positive"
1602,"positive,positive"
1603,"positive,positive"
1604,"positive,positive"
1605,"neutral,neutral"
1606,"positive,positive"
1607,"positive,positive"
1608,"positive,positive"
1609,"positive,positive"
1610,"neutral,neutral"
1611,"positive,positive"
1612,"neutral,neutral"
1613,"neutral,neutral"
1614,"positive,positive"
1615,"positive,positive"
1616,"neutral,neutral"
1617,"positive,positive"
1618,"positive,positive"
1619,"positive,positive"
1620,"positive,positive"
1621,"positive,positive"
1622,"positive,positive"
1623,"positive,positive"
1624,"positive,positive"
1625,"positive,positive"
1626,"positive,positive"
1627,"positive,positive"
1628,"neutral,neutral"
1629,"positive,positive"
1630,"positive,positive"
1631,"positive,positive"
1632,"positive,positive"
1633,"positive,positive"
1634,"neutral,neutral"
1635,"positive,positive"
1636,"positive,positive"
1637,"positive,positive"
1638,"positive,positive"
1639,"neutral,neutral"
1640,"neutral,neutral"
1641,"positive,positive"
1642,"positive,positive"
1643,"positive,positive"
1644,"positive,positive"
1645,"positive,positive"
1646,"negative,negative"
1647,"neutral,neutral"
1648,"neutral,neutral"
1649,"positive,positive"
1650,"positive,positive"
1651,"positive,positive"
1652,"neutral,neutral"
1653,"positive,positive"
1654,"positive,positive"
1655,"positive,positive"
1656,"neutral,neutral"
1657,"positive,positive"
1658,"positive,positive"
1659,"positive,positive"
1660,"positive,positive"
1661,"positive,positive"
1662,"positive,positive"
1663,"positive,positive"
1664,"positive,positive"
1665,"positive,positive"
1666,"neutral,neutral"
1667,"positive,positive"
1668,"neutral,neutral"
1669,"neutral,neutral"
1670,"positive,positive"
1671,"positive,positive"
1672,"positive,positive"
1673,"neutral,neutral"
1674,"positive,positive"
1675,"positive,positive"
1676,"positive,positive"
1677,"neutral,neutral"
1678,"neutral,neutral"
1679,"positive,positive"
1680,"positive,positive"
1681,"positive,positive"
1682,"positive,positive"
1683,"positive,positive"
1684,"positive,positive"
1685,"positive,positive"
1686,"neutral,neutral"
1687,"positive,positive"
1688,"positive,positive"
1689,"neutral,neutral"
1690,"positive,positive"
1691,"positive,positive"
1692,"neutral,neutral"
1693,"neutral,neutral"
1694,"positive,positive"
1695,"negative,negative"
1696,"positive,positive"
1697,"positive,positive"
1698,"positive,positive"
1699,"positive,positive"
1700,"neutral,neutral"
1701,"positive,positive"
1702,"neutral,neutral"
1703,"neutral,neutral"
1704,"positive,positive"
1705,"negative,negative"
1706,"positive,positive"
1707,"neutral,neutral"
1708,"positive,positive"
1709,"neutral,neutral"
1710,"neutral,neutral"
1711,"neutral,neutral"
1712,"positive,positive"
1713,"neutral,neutral"
1714,"positive,positive"
1715,"positive,positive"
1716,"neutral,neutral"
1717,"neutral,neutral"
1718,"neutral,neutral"
1719,"positive,positive"
1720,"positive,positive"
1721,"positive,positive"
1722,"positive,positive"
1723,"positive,positive"
1724,"positive,positive"
1725,"neutral,neutral"
1726,"positive,positive"
1727,"positive,positive"
1728,"positive,positive"
1729,"positive,positive"
1730,"positive,positive"
1731,"positive,positive"
1732,"neutral,neutral"
1733,"positive,positive"
1734,"neutral,neutral"
1735,"neutral,neutral"
1736,"neutral,neutral"
1737,"positive,positive"
1738,"positive,positive"
1739,"positive,positive"
1740,"positive,positive"
1741,"neutral,neutral"
1742,"positive,positive"
1743,"neutral,neutral"
1744,"positive,positive"
1745,"neutral,neutral"
1746,"neutral,neutral"
1747,"neutral,neutral"
1748,"positive,positive"
1749,"positive,positive"
1750,"neutral,neutral"
1751,"positive,positive"
1752,"neutral,neutral"
1753,"positive,positive"
1754,"positive,positive"
1755,"positive,positive"
1756,"positive,positive"
1757,"neutral,neutral"
1758,"positive,positive"
1759,"neutral,neutral"
1760,"positive,positive"
1761,"positive,positive"
1762,"positive,positive"
1763,"neutral,neutral"
1764,"positive,positive"
1765,"positive,positive"
1766,"positive,positive"
1767,"neutral,neutral"
1768,"positive,positive"
1769,"positive,positive"
1770,"positive,positive"
1771,"positive,positive"
1772,"positive,positive"
1773,"neutral,neutral"
1774,"positive,positive"
1775,"positive,positive"
1776,"positive,positive"
1777,"positive,positive"
1778,"positive,positive"
1779,"positive,positive"
1780,"positive,positive"
1781,"negative,negative"
1782,"positive,positive"
1783,"negative,negative"
1784,"positive,positive"
1785,"negative,negative"
1786,"positive,positive"
1787,"neutral,neutral"
1788,"positive,positive"
1789,"positive,positive"
1790,"positive,positive"
1791,"positive,positive"
1792,"positive,positive"
1793,"neutral,neutral"
1794,"positive,positive"
1795,"positive,positive"
1796,"positive,positive"
1797,"positive,positive"
1798,"positive,positive"
1799,"positive,positive"
1800,"neutral,neutral"
1801,"negative,negative"
1802,"positive,positive"
1803,"neutral,neutral"
1804,"neutral,neutral"
1805,"neutral,neutral"
1806,"positive,positive"
1807,"positive,positive"
1808,"neutral,neutral"
1809,"positive,positive"
1810,"positive,positive"
1811,"neutral,neutral"
1812,"negative,negative"
1813,"neutral,neutral"
1814,"negative,negative"
1815,"neutral,neutral"
1816,"positive,positive"
1817,"positive,positive"
1818,"positive,positive"
1819,"negative,negative"
1820,"positive,positive"
1821,"positive,positive"
1822,"positive,positive"
1823,"neutral,neutral"
1824,"positive,positive"
1825,"positive,positive"
1826,"positive,positive"
1827,"positive,positive"
1828,"neutral,neutral"
1829,"positive,positive"
1830,"positive,positive"
1831,"neutral,neutral"
1832,"neutral,neutral"
1833,"positive,positive"
1834,"positive,positive"
1835,"neutral,neutral"
1836,"positive,positive"
1837,"positive,positive"
1838,"negative,negative"
1839,"negative,negative"
1840,"neutral,neutral"
1841,"positive,positive"
1842,"negative,negative"
1843,"neutral,neutral"
1844,"positive,positive"
1845,"positive,positive"
1846,"neutral,neutral"
1847,"neutral,neutral"
1848,"neutral,neutral"
1849,"neutral,neutral"
1850,"positive,positive"
1851,"positive,positive"
1852,"positive,positive"
1853,"positive,positive"
1854,"positive,positive"
1855,"neutral,neutral"
1856,"neutral,neutral"
1857,"positive,positive"
1858,"positive,positive"
1859,"positive,positive"
1860,"positive,positive"
1861,"positive,positive"
1862,"neutral,neutral"
1863,"neutral,neutral"
1864,"positive,positive"
1865,"positive,positive"
1866,"positive,positive"
1867,"positive,positive"
1868,"neutral,neutral"
1869,"positive,positive"
1870,"positive,positive"
1871,"negative,negative"
1872,"positive,positive"
1873,"positive,positive"
1874,"positive,positive"
1875,"negative,negative"
1876,"positive,positive"
1877,"positive,positive"
1878,"positive,positive"
1879,"neutral,neutral"
1880,"neutral,neutral"
1881,"neutral,neutral"
1882,"positive,positive"
1883,"positive,positive"
1884,"positive,positive"
1885,"neutral,neutral"
1886,"positive,positive"
1887,"positive,positive"
1888,"positive,positive"
1889,"neutral,neutral"
1890,"positive,positive"
1891,"neutral,neutral"
1892,"neutral,neutral"
1893,"positive,positive"
1894,"positive,positive"
1895,"positive,positive"
1896,"positive,positive"
1897,"negative,negative"
1898,"positive,positive"
1899,"neutral,neutral"
1900,"neutral,neutral"
1901,"positive,positive"
1902,"positive,positive"
1903,"positive,positive"
1904,"neutral,neutral"
1905,"positive,positive"
1906,"positive,positive"
1907,"positive,positive"
1908,"positive,positive"
1909,"positive,positive"
1910,"positive,positive"
1911,"neutral,neutral"
1912,"neutral,neutral"
1913,"neutral,neutral"
1914,"positive,positive"
1915,"positive,positive"
1916,"neutral,neutral"
1917,"positive,positive"
1918,"positive,positive"
1919,"positive,positive"
1920,"positive,positive"
1921,"positive,positive"
1922,"positive,positive"
1923,"neutral,neutral"
1924,"neutral,neutral"
1925,"positive,positive"
1926,"positive,positive"
1927,"positive,positive"
1928,"neutral,neutral"
1929,"positive,positive"
1930,"negative,negative"
1931,"positive,positive"
1932,"positive,positive"
1933,"positive,positive"
1934,"neutral,neutral"
1935,"positive,positive"
1936,"neutral,neutral"
1937,"neutral,neutral"
1938,"neutral,neutral"
1939,"positive,positive"
1940,"neutral,neutral"
1941,"positive,positive"
1942,"positive,positive"
1943,"neutral,neutral"
1944,"neutral,neutral"
1945,"negative,negative"
1946,"positive,positive"
1947,"neutral,neutral"
1948,"neutral,neutral"
1949,"positive,positive"
1950,"neutral,neutral"
1951,"positive,positive"
1952,"negative,negative"
1953,"positive,positive"
1954,"positive,positive"
1955,"positive,positive"
1956,"positive,positive"
1957,"positive,positive"
1958,"positive,positive"
1959,"neutral,neutral"
1960,"positive,positive"
1961,"positive,positive"
1962,"positive,positive"
1963,"neutral,neutral"
1964,"neutral,neutral"
1965,"positive,positive"
1966,"negative,negative"
1967,"positive,positive"
1968,"positive,positive"
1969,"neutral,neutral"
1970,"negative,negative"
1971,"neutral,neutral"
1972,"positive,positive"
1973,"positive,positive"
1974,"neutral,neutral"
1975,"positive,positive"
1976,"positive,positive"
1977,"neutral,neutral"
1978,"positive,positive"
1979,"neutral,neutral"
1980,"positive,positive"
1981,"positive,positive"
1982,"neutral,neutral"
1983,"neutral,neutral"
1984,"neutral,neutral"
1985,"positive,positive"
1986,"neutral,neutral"
1987,"neutral,neutral"
1988,"positive,positive"
1989,"positive,positive"
1990,"neutral,neutral"
1991,"positive,positive"
1992,"neutral,neutral"
1993,"positive,positive"
1994,"neutral,neutral"
1995,"positive,positive"
1996,"positive,positive"
1997,"neutral,neutral"
1998,"positive,positive"
1999,"negative,negative"
2000,"positive,positive"
2001,"positive,positive"
2002,"positive,positive"
2003,"neutral,neutral"
2004,"positive,positive"
2005,"positive,positive"
2006,"positive,positive"
2007,"positive,positive"
2008,"negative,negative"
2009,"positive,positive"
2010,"positive,positive"
2011,"positive,positive"
2012,"neutral,neutral"
2013,"positive,positive"
2014,"neutral,neutral"
2015,"neutral,neutral"
2016,"negative,negative"
2017,"positive,positive"
2018,"positive,positive"
2019,"neutral,neutral"
2020,"positive,positive"
2021,"positive,positive"
2022,"neutral,neutral"
2023,"positive,positive"
2024,"positive,positive"
2025,"positive,positive"
2026,"positive,positive"
2027,"positive,positive"
2028,"positive,positive"
2029,"positive,positive"
2030,"positive,positive"
2031,"positive,positive"
2032,"neutral,neutral"
2033,"positive,positive"
2034,"positive,positive"
2035,"positive,positive"
2036,"positive,positive"
2037,"positive,positive"
2038,"neutral,neutral"
2039,"positive,positive"
2040,"positive,positive"
2041,"positive,positive"
2042,"neutral,neutral"
2043,"neutral,neutral"
2044,"neutral,neutral"
2045,"negative,negative"
2046,"neutral,neutral"
2047,"neutral,neutral"
2048,"positive,positive"
2049,"positive,positive"
2050,"neutral,neutral"
2051,"neutral,neutral"
2052,"positive,positive"
2053,"positive,positive"
2054,"negative,negative"
2055,"positive,positive"
2056,"neutral,neutral"
2057,"positive,positive"
2058,"positive,positive"
2059,"neutral,neutral"
2060,"positive,positive"
2061,"positive,positive"
2062,"neutral,neutral"
2063,"neutral,neutral"
2064,"negative,negative"
2065,"negative,negative"
2066,"positive,positive"
2067,"neutral,neutral"
2068,"positive,positive"
2069,"neutral,neutral"
2070,"neutral,neutral"
2071,"neutral,neutral"
2072,"positive,positive"
2073,"neutral,neutral"
2074,"positive,positive"
2075,"neutral,neutral"
2076,"neutral,neutral"
2077,"positive,positive"
2078,"neutral,neutral"
2079,"positive,positive"
2080,"positive,positive"
2081,"neutral,neutral"
2082,"positive,positive"
2083,"neutral,neutral"
2084,"negative,negative"
2085,"positive,positive"
2086,"positive,positive"
2087,"positive,positive"
2088,"positive,positive"
2089,"positive,positive"
2090,"positive,positive"
2091,"negative,negative"
2092,"positive,positive"
2093,"neutral,neutral"
2094,"positive,positive"
2095,"neutral,neutral"
2096,"neutral,neutral"
2097,"positive,positive"
2098,"positive,positive"
2099,"positive,positive"
2100,"positive,positive"
2101,"neutral,neutral"
2102,"positive,positive"
2103,"neutral,neutral"
2104,"positive,positive"
2105,"positive,positive"
2106,"positive,positive"
2107,"neutral,neutral"
2108,"positive,positive"
2109,"positive,positive"
2110,"positive,positive"
2111,"positive,positive"
2112,"negative,negative"
2113,"positive,positive"
2114,"neutral,neutral"
2115,"positive,positive"
2116,"neutral,neutral"
2117,"neutral,neutral"
2118,"neutral,neutral"
2119,"positive,positive"
2120,"positive,positive"
2121,"positive,positive"
2122,"positive,positive"
2123,"positive,positive"
2124,"positive,positive"
2125,"positive,positive"
2126,"positive,positive"
2127,"positive,positive"
2128,"positive,positive"
2129,"neutral,neutral"
2130,"neutral,neutral"
2131,"neutral,neutral"
2132,"neutral,neutral"
2133,"positive,positive"
2134,"positive,positive"
2135,"negative,negative"
2136,"positive,positive"
2137,"positive,positive"
2138,"positive,positive"
2139,"neutral,neutral"
2140,"positive,positive"
2141,"neutral,neutral"
2142,"positive,positive"
2143,"neutral,neutral"
2144,"positive,positive"
2145,"neutral,neutral"
2146,"positive,positive"
2147,"neutral,neutral"
2148,"positive,positive"
2149,"positive,positive"
2150,"negative,negative"
2151,"positive,positive"
2152,"positive,positive"
2153,"neutral,neutral"
2154,"positive,positive"
2155,"positive,positive"
2156,"positive,positive"
2157,"positive,positive"
2158,"positive,positive"
2159,"neutral,neutral"
2160,"positive,positive"
2161,"negative,negative"
2162,"neutral,neutral"
2163,"positive,positive"
2164,"positive,positive"
2165,"positive,positive"
2166,"positive,positive"
2167,"positive,positive"
2168,"positive,positive"
2169,"positive,positive"
2170,"neutral,neutral"
2171,"neutral,neutral"
2172,"positive,positive"
2173,"positive,positive"
2174,"positive,positive"
2175,"positive,positive"
2176,"neutral,neutral"
2177,"neutral,neutral"
2178,"positive,positive"
2179,"positive,positive"
2180,"positive,positive"
2181,"positive,positive"
2182,"positive,positive"
2183,"neutral,neutral"
2184,"positive,positive"
2185,"positive,positive"
2186,"positive,positive"
2187,"neutral,neutral"
2188,"positive,positive"
2189,"neutral,neutral"
2190,"positive,positive"
2191,"positive,positive"
2192,"positive,positive"
2193,"neutral,neutral"
2194,"positive,positive"
2195,"positive,positive"
2196,"positive,positive"
2197,"positive,positive"
2198,"neutral,neutral"
2199,"positive,positive"
2200,"positive,positive"
2201,"positive,positive"
2202,"neutral,neutral"
2203,"positive,positive"
2204,"positive,positive"
2205,"neutral,neutral"
2206,"neutral,neutral"
2207,"neutral,neutral"
2208,"positive,positive"
2209,"neutral,neutral"
2210,"positive,positive"
2211,"positive,positive"
2212,"positive,positive"
2213,"positive,positive"
2214,"positive,positive"
2215,"positive,positive"
2216,"positive,positive"
2217,"neutral,neutral"
2218,"positive,positive"
2219,"neutral,neutral"
2220,"neutral,neutral"
2221,"neutral,neutral"
2222,"positive,positive"
2223,"positive,positive"
2224,"positive,positive"
2225,"positive,positive"
2226,"neutral,neutral"
2227,"positive,positive"
2228,"positive,positive"
2229,"positive,positive"
2230,"positive,positive"
2231,"neutral,neutral"
2232,"neutral,neutral"
2233,"positive,positive"
2234,"positive,positive"
2235,"neutral,neutral"
2236,"positive,positive"
2237,"positive,positive"
2238,"positive,positive"
2239,"positive,positive"
2240,"positive,positive"
2241,"neutral,neutral"
2242,"positive,positive"
2243,"negative,negative"
2244,"positive,positive"
2245,"positive,positive"
2246,"neutral,neutral"
2247,"positive,positive"
2248,"positive,positive"
2249,"positive,positive"
2250,"positive,positive"
2251,"positive,positive"
2252,"positive,positive"
2253,"positive,positive"
2254,"neutral,neutral"
2255,"positive,positive"
2256,"positive,positive"
2257,"neutral,neutral"
2258,"positive,positive"
2259,"positive,positive"
2260,"positive,positive"
2261,"neutral,neutral"
2262,"positive,positive"
2263,"positive,positive"
2264,"neutral,neutral"
2265,"positive,positive"
2266,"neutral,neutral"
2267,"positive,positive"
2268,"positive,positive"
2269,"positive,positive"
2270,"positive,positive"
2271,"positive,positive"
2272,"neutral,neutral"
2273,"neutral,neutral"
2274,"positive,positive"
2275,"positive,positive"
2276,"positive,positive"
2277,"negative,negative"
2278,"negative,negative"
2279,"neutral,neutral"
2280,"positive,positive"
2281,"positive,positive"
2282,"neutral,neutral"
2283,"positive,positive"
2284,"positive,positive"
2285,"neutral,neutral"
2286,"neutral,neutral"
2287,"negative,negative"
2288,"positive,positive"
2289,"positive,positive"
2290,"negative,negative"
2291,"positive,positive"
2292,"positive,positive"
2293,"neutral,neutral"
2294,"neutral,neutral"
2295,"positive,positive"
2296,"neutral,neutral"
2297,"neutral,neutral"
2298,"positive,positive"
2299,"positive,positive"
2300,"positive,positive"
2301,"neutral,neutral"
2302,"positive,positive"
2303,"positive,positive"
2304,"positive,positive"
2305,"neutral,neutral"
2306,"positive,positive"
2307,"neutral,neutral"
2308,"positive,positive"
2309,"neutral,neutral"
2310,"neutral,neutral"
2311,"neutral,neutral"
2312,"positive,positive"
2313,"positive,positive"
2314,"positive,positive"
2315,"neutral,neutral"
2316,"positive,positive"
2317,"neutral,neutral"
2318,"positive,positive"
2319,"neutral,neutral"
2320,"positive,positive"
2321,"positive,positive"
2322,"positive,positive"
2323,"neutral,neutral"
2324,"positive,positive"
2325,"neutral,neutral"
2326,"positive,positive"
2327,"positive,positive"
2328,"positive,positive"
2329,"positive,positive"
2330,"neutral,neutral"
2331,"positive,positive"
2332,"positive,positive"
2333,"positive,positive"
2334,"positive,positive"
2335,"negative,negative"
2336,"neutral,neutral"
2337,"positive,positive"
2338,"positive,positive"
2339,"positive,positive"
2340,"positive,positive"
2341,"neutral,neutral"
2342,"neutral,neutral"
2343,"neutral,neutral"
2344,"positive,positive"
2345,"positive,positive"
2346,"neutral,neutral"
2347,"positive,positive"
2348,"neutral,neutral"
2349,"positive,positive"
2350,"neutral,neutral"
2351,"neutral,neutral"
2352,"positive,positive"
2353,"positive,positive"
2354,"neutral,neutral"
2355,"positive,positive"
2356,"positive,positive"
2357,"positive,positive"
2358,"positive,positive"
2359,"neutral,neutral"
2360,"positive,positive"
2361,"negative,negative"
2362,"neutral,neutral"
2363,"positive,positive"
2364,"positive,positive"
2365,"positive,positive"
2366,"positive,positive"
2367,"neutral,neutral"
2368,"neutral,neutral"
2369,"positive,positive"
2370,"positive,positive"
2371,"neutral,neutral"
2372,"neutral,neutral"
2373,"positive,positive"
2374,"positive,positive"
2375,"positive,positive"
2376,"positive,positive"
2377,"neutral,neutral"
2378,"positive,positive"
2379,"positive,positive"
2380,"positive,positive"
2381,"positive,positive"
2382,"positive,positive"
2383,"positive,positive"
2384,"positive,positive"
2385,"positive,positive"
2386,"neutral,neutral"
2387,"neutral,neutral"
2388,"neutral,neutral"
2389,"positive,positive"
2390,"positive,positive"
2391,"neutral,neutral"
2392,"positive,positive"
2393,"positive,positive"
2394,"positive,positive"
2395,"positive,positive"
2396,"positive,positive"
2397,"positive,positive"
2398,"positive,positive"
2399,"positive,positive"
2400,"neutral,neutral"
2401,"neutral,neutral"
2402,"positive,positive"
2403,"positive,positive"
2404,"positive,positive"
2405,"positive,positive"
2406,"neutral,neutral"
2407,"positive,positive"
2408,"positive,positive"
2409,"neutral,neutral"
2410,"positive,positive"
2411,"positive,positive"
2412,"neutral,neutral"
2413,"negative,negative"
2414,"neutral,neutral"
2415,"positive,positive"
2416,"positive,positive"
2417,"neutral,neutral"
2418,"positive,positive"
2419,"positive,positive"
2420,"positive,positive"
2421,"negative,negative"
2422,"positive,positive"
2423,"positive,positive"
2424,"positive,positive"
2425,"negative,negative"
2426,"positive,positive"
2427,"positive,positive"
2428,"neutral,neutral"
2429,"neutral,neutral"
2430,"neutral,neutral"
2431,"neutral,neutral"
2432,"positive,positive"
2433,"positive,positive"
2434,"positive,positive"
2435,"neutral,neutral"
2436,"neutral,neutral"
2437,"neutral,neutral"
2438,"positive,positive"
2439,"positive,positive"
2440,"positive,positive"
2441,"positive,positive"
2442,"negative,negative"
2443,"positive,positive"
2444,"positive,positive"
2445,"positive,positive"
2446,"positive,positive"
2447,"neutral,neutral"
2448,"positive,positive"
2449,"neutral,neutral"
2450,"neutral,neutral"
2451,"positive,positive"
2452,"positive,positive"
2453,"positive,positive"
2454,"negative,negative"
2455,"neutral,neutral"
2456,"positive,positive"
2457,"positive,positive"
2458,"positive,positive"
2459,"positive,positive"
2460,"neutral,neutral"
2461,"positive,positive"
2462,"neutral,neutral"
2463,"positive,positive"
2464,"positive,positive"
2465,"neutral,neutral"
2466,"positive,positive"
2467,"neutral,neutral"
2468,"neutral,neutral"
2469,"positive,positive"
2470,"positive,positive"
2471,"neutral,neutral"
2472,"positive,positive"
2473,"negative,negative"
2474,"positive,positive"
2475,"positive,positive"
2476,"negative,negative"
2477,"negative,negative"
2478,"positive,positive"
2479,"neutral,neutral"
2480,"positive,positive"
2481,"positive,positive"
2482,"neutral,neutral"
2483,"negative,negative"
2484,"neutral,neutral"
2485,"negative,negative"
2486,"positive,positive"
2487,"neutral,neutral"
2488,"positive,positive"
2489,"positive,positive"
2490,"positive,positive"
2491,"positive,positive"
2492,"positive,positive"
2493,"positive,positive"
2494,"positive,positive"
2495,"positive,positive"
2496,"positive,positive"
2497,"positive,positive"
2498,"neutral,neutral"
2499,"positive,positive"
2500,"positive,positive"
2501,"positive,positive"
2502,"positive,positive"
2503,"positive,positive"
2504,"positive,positive"
2505,"neutral,neutral"
2506,"positive,positive"
2507,"positive,positive"
2508,"positive,positive"
2509,"positive,positive"
2510,"positive,positive"
2511,"positive,positive"
2512,"positive,positive"
2513,"positive,positive"
2514,"neutral,neutral"
2515,"positive,positive"
2516,"positive,positive"
2517,"neutral,neutral"
2518,"positive,positive"
2519,"positive,positive"
2520,"positive,positive"
2521,"positive,positive"
2522,"positive,positive"
2523,"positive,positive"
2524,"negative,negative"
2525,"positive,positive"
2526,"positive,positive"
2527,"negative,negative"
2528,"positive,positive"
2529,"positive,positive"
2530,"negative,negative"
2531,"neutral,neutral"
2532,"positive,positive"
2533,"positive,positive"
2534,"neutral,neutral"
2535,"neutral,neutral"
2536,"negative,negative"
2537,"positive,positive"
2538,"positive,positive"
2539,"positive,positive"
2540,"positive,positive"
2541,"positive,positive"
2542,"positive,positive"
2543,"neutral,neutral"
2544,"positive,positive"
2545,"neutral,neutral"
2546,"positive,positive"
2547,"positive,positive"
2548,"neutral,neutral"
2549,"positive,positive"
2550,"positive,positive"
2551,"positive,positive"
2552,"neutral,neutral"
2553,"positive,positive"
2554,"positive,positive"
2555,"positive,positive"
2556,"positive,positive"
2557,"positive,positive"
2558,"positive,positive"
2559,"positive,positive"
2560,"positive,positive"
2561,"neutral,neutral"
2562,"neutral,neutral"
2563,"positive,positive"
2564,"neutral,neutral"
2565,"neutral,neutral"
2566,"positive,positive"
2567,"neutral,neutral"
2568,"positive,positive"
2569,"positive,positive"
2570,"neutral,neutral"
2571,"positive,positive"
2572,"neutral,neutral"
2573,"positive,positive"
2574,"positive,positive"
2575,"neutral,neutral"
2576,"neutral,neutral"
2577,"positive,positive"
2578,"neutral,neutral"
2579,"positive,positive"
2580,"neutral,neutral"
2581,"positive,positive"
2582,"positive,positive"
2583,"positive,positive"
2584,"neutral,neutral"
2585,"neutral,neutral"
2586,"positive,positive"
2587,"positive,positive"
2588,"positive,positive"
2589,"neutral,neutral"
2590,"positive,positive"
2591,"negative,negative"
2592,"positive,positive"
2593,"neutral,neutral"
2594,"neutral,neutral"
2595,"neutral,neutral"
2596,"positive,positive"
2597,"positive,positive"
2598,"positive,positive"
2599,"positive,positive"
2600,"neutral,neutral"
2601,"positive,positive"
2602,"neutral,neutral"
2603,"positive,positive"
2604,"positive,positive"
2605,"neutral,neutral"
2606,"neutral,neutral"
2607,"positive,positive"
2608,"positive,positive"
2609,"neutral,neutral"
2610,"positive,positive"
2611,"neutral,neutral"
2612,"neutral,neutral"
2613,"neutral,neutral"
2614,"positive,positive"
2615,"positive,positive"
2616,"positive,positive"
2617,"positive,positive"
2618,"neutral,neutral"
2619,"positive,positive"
2620,"neutral,neutral"
2621,"positive,positive"
2622,"negative,negative"
2623,"neutral,neutral"
2624,"neutral,neutral"
2625,"negative,negative"
2626,"positive,positive"
2627,"positive,positive"
2628,"negative,negative"
2629,"positive,positive"
2630,"positive,positive"
2631,"neutral,neutral"
2632,"positive,positive"
2633,"neutral,neutral"
2634,"neutral,neutral"
2635,"positive,positive"
2636,"neutral,neutral"
2637,"positive,positive"
2638,"positive,positive"
2639,"positive,positive"
2640,"positive,positive"
2641,"negative,negative"
2642,"neutral,neutral"
2643,"positive,positive"
2644,"neutral,neutral"
2645,"positive,positive"
2646,"positive,positive"
2647,"positive,positive"
2648,"negative,negative"
2649,"neutral,neutral"
2650,"neutral,neutral"
2651,"neutral,neutral"
2652,"neutral,neutral"
2653,"positive,positive"
2654,"positive,positive"
2655,"neutral,neutral"
2656,"positive,positive"
2657,"positive,positive"
2658,"positive,positive"
2659,"positive,positive"
2660,"positive,positive"
2661,"neutral,neutral"
2662,"positive,positive"
2663,"neutral,neutral"
2664,"neutral,neutral"
2665,"positive,positive"
2666,"positive,positive"
2667,"positive,positive"
2668,"positive,positive"
2669,"positive,positive"
2670,"positive,positive"
2671,"positive,positive"
2672,"positive,positive"
2673,"positive,positive"
2674,"positive,positive"
2675,"positive,positive"
2676,"positive,positive"
2677,"positive,positive"
2678,"positive,positive"
2679,"neutral,neutral"
2680,"positive,positive"
2681,"positive,positive"
2682,"positive,positive"
2683,"neutral,neutral"
2684,"positive,positive"
2685,"positive,positive"
2686,"negative,negative"
2687,"neutral,neutral"
2688,"negative,negative"
2689,"positive,positive"
2690,"positive,positive"
2691,"positive,positive"
2692,"neutral,neutral"
2693,"neutral,neutral"
2694,"positive,positive"
2695,"positive,positive"
2696,"neutral,neutral"
2697,"positive,positive"
2698,"positive,positive"
2699,"neutral,neutral"
2700,"neutral,neutral"
2701,"neutral,neutral"
2702,"positive,positive"
2703,"neutral,neutral"
2704,"positive,positive"
2705,"positive,positive"
2706,"positive,positive"
2707,"neutral,neutral"
2708,"positive,positive"
2709,"positive,positive"
2710,"positive,positive"
2711,"positive,positive"
2712,"positive,positive"
2713,"negative,negative"
2714,"positive,positive"
2715,"positive,positive"
2716,"neutral,neutral"
2717,"positive,positive"
2718,"positive,positive"
2719,"positive,positive"
2720,"positive,positive"
2721,"positive,positive"
2722,"positive,positive"
2723,"neutral,neutral"
2724,"positive,positive"
2725,"positive,positive"
2726,"positive,positive"
2727,"positive,positive"
2728,"neutral,neutral"
2729,"negative,negative"
2730,"neutral,neutral"
2731,"neutral,neutral"
2732,"positive,positive"
2733,"positive,positive"
2734,"neutral,neutral"
2735,"neutral,neutral"
2736,"neutral,neutral"
2737,"positive,positive"
2738,"positive,positive"
2739,"positive,positive"
2740,"positive,positive"
2741,"neutral,neutral"
2742,"positive,positive"
2743,"positive,positive"
2744,"positive,positive"
2745,"positive,positive"
2746,"positive,positive"
2747,"neutral,neutral"
2748,"positive,positive"
2749,"positive,positive"
2750,"positive,positive"
2751,"positive,positive"
2752,"positive,positive"
2753,"neutral,neutral"
2754,"neutral,neutral"
2755,"positive,positive"
2756,"neutral,neutral"
2757,"neutral,neutral"
2758,"neutral,neutral"
2759,"neutral,neutral"
2760,"neutral,neutral"
2761,"positive,positive"
2762,"positive,positive"
2763,"positive,positive"
2764,"neutral,neutral"
2765,"positive,positive"
2766,"positive,positive"
2767,"positive,positive"
2768,"positive,positive"
2769,"neutral,neutral"
2770,"positive,positive"
2771,"positive,positive"
2772,"positive,positive"
2773,"positive,positive"
2774,"neutral,neutral"
2775,"neutral,neutral"
2776,"negative,negative"
2777,"positive,positive"
2778,"positive,positive"
2779,"neutral,neutral"
2780,"positive,positive"
2781,"positive,positive"
2782,"neutral,neutral"
2783,"neutral,neutral"
2784,"positive,positive"
2785,"positive,positive"
2786,"negative,negative"
2787,"positive,positive"
2788,"neutral,neutral"
2789,"positive,positive"
2790,"negative,negative"
2791,"neutral,neutral"
2792,"neutral,neutral"
2793,"negative,negative"
2794,"positive,positive"
2795,"positive,positive"
2796,"positive,positive"
2797,"positive,positive"
2798,"positive,positive"
2799,"positive,positive"
2800,"neutral,neutral"
2801,"negative,negative"
2802,"positive,positive"
2803,"positive,positive"
2804,"neutral,neutral"
2805,"neutral,neutral"
2806,"neutral,neutral"
2807,"positive,positive"
2808,"positive,positive"
2809,"positive,positive"
2810,"positive,positive"
2811,"neutral,neutral"
2812,"neutral,neutral"
2813,"positive,positive"
2814,"positive,positive"
2815,"positive,positive"
2816,"neutral,neutral"
2817,"neutral,neutral"
2818,"positive,positive"
2819,"positive,positive"
2820,"neutral,neutral"
2821,"positive,positive"
2822,"positive,positive"
2823,"positive,positive"
2824,"positive,positive"
2825,"neutral,neutral"
2826,"positive,positive"
2827,"positive,positive"
2828,"positive,positive"
2829,"positive,positive"
2830,"positive,positive"
2831,"positive,positive"
2832,"negative,negative"
2833,"neutral,neutral"
2834,"positive,positive"
2835,"positive,positive"
2836,"negative,negative"
2837,"positive,positive"
2838,"positive,positive"
2839,"positive,positive"
2840,"positive,positive"
2841,"positive,positive"
2842,"positive,positive"
2843,"negative,negative"
2844,"positive,positive"
2845,"neutral,neutral"
2846,"positive,positive"
2847,"neutral,neutral"
2848,"positive,positive"
2849,"positive,positive"
2850,"positive,positive"
2851,"positive,positive"
2852,"positive,positive"
2853,"neutral,neutral"
2854,"neutral,neutral"
2855,"positive,positive"
2856,"neutral,neutral"
2857,"positive,positive"
2858,"positive,positive"
2859,"positive,positive"
2860,"positive,positive"
2861,"positive,positive"
2862,"neutral,neutral"
2863,"positive,positive"
2864,"positive,positive"
2865,"positive,positive"
2866,"neutral,neutral"
2867,"positive,positive"
2868,"positive,positive"
2869,"negative,negative"
2870,"positive,positive"
2871,"neutral,neutral"
2872,"positive,positive"
2873,"neutral,neutral"
2874,"positive,positive"
2875,"positive,positive"
2876,"negative,negative"
2877,"positive,positive"
2878,"positive,positive"
2879,"positive,positive"
2880,"positive,positive"
2881,"neutral,neutral"
2882,"neutral,neutral"
2883,"negative,negative"
2884,"positive,positive"
2885,"positive,positive"
2886,"neutral,neutral"
2887,"positive,positive"
2888,"positive,positive"
2889,"positive,positive"
2890,"neutral,neutral"
2891,"neutral,neutral"
2892,"positive,positive"
2893,"positive,positive"
2894,"positive,positive"
2895,"positive,positive"
2896,"neutral,neutral"
2897,"positive,positive"
2898,"positive,positive"
2899,"neutral,neutral"
2900,"positive,positive"
2901,"positive,positive"
2902,"neutral,neutral"
2903,"neutral,neutral"
2904,"positive,positive"
2905,"positive,positive"
2906,"positive,positive"
2907,"positive,positive"
2908,"positive,positive"
2909,"neutral,neutral"
2910,"positive,positive"
2911,"positive,positive"
2912,"neutral,neutral"
2913,"negative,negative"
2914,"positive,positive"
2915,"positive,positive"
2916,"neutral,neutral"
2917,"neutral,neutral"
2918,"positive,positive"
2919,"neutral,neutral"
2920,"positive,positive"
2921,"neutral,neutral"
2922,"positive,positive"
2923,"positive,positive"
2924,"positive,positive"
2925,"neutral,neutral"
2926,"positive,positive"
2927,"positive,positive"
2928,"positive,positive"
2929,"positive,positive"
2930,"neutral,neutral"
2931,"neutral,neutral"
2932,"positive,positive"
2933,"positive,positive"
2934,"neutral,neutral"
2935,"neutral,neutral"
2936,"positive,positive"
2937,"positive,positive"
2938,"positive,positive"
2939,"positive,positive"
2940,"positive,positive"
2941,"positive,positive"
2942,"positive,positive"
2943,"neutral,neutral"
2944,"positive,positive"
2945,"neutral,neutral"
2946,"positive,positive"
2947,"positive,positive"
2948,"positive,positive"
2949,"positive,positive"
2950,"positive,positive"
2951,"negative,negative"
2952,"positive,positive"
2953,"neutral,neutral"
2954,"positive,positive"
2955,"positive,positive"
2956,"neutral,neutral"
2957,"positive,positive"
2958,"positive,positive"
2959,"neutral,neutral"
2960,"negative,negative"
2961,"positive,positive"
2962,"positive,positive"
2963,"positive,positive"
2964,"positive,positive"
2965,"neutral,neutral"
2966,"positive,positive"
2967,"neutral,neutral"
2968,"neutral,neutral"
2969,"neutral,neutral"
2970,"positive,positive"
2971,"positive,positive"
2972,"neutral,neutral"
2973,"positive,positive"
2974,"neutral,neutral"
2975,"neutral,neutral"
2976,"positive,positive"
2977,"neutral,neutral"
2978,"positive,positive"
2979,"positive,positive"
2980,"positive,positive"
2981,"neutral,neutral"
2982,"neutral,neutral"
2983,"positive,positive"
2984,"positive,positive"
2985,"positive,positive"
2986,"positive,positive"
2987,"neutral,neutral"
2988,"neutral,neutral"
2989,"positive,positive"
2990,"positive,positive"
2991,"neutral,neutral"
2992,"negative,negative"
2993,"positive,positive"
2994,"positive,positive"
2995,"positive,positive"
2996,"positive,positive"
2997,"neutral,neutral"
2998,"positive,positive"
2999,"neutral,neutral"
3000,"positive,positive"
3001,"neutral,neutral"
3002,"positive,positive"
3003,"negative,negative"
3004,"positive,positive"
3005,"positive,positive"
3006,"positive,positive"
3007,"neutral,neutral"
3008,"neutral,neutral"
3009,"positive,positive"
3010,"neutral,neutral"
3011,"positive,positive"
3012,"positive,positive"
3013,"positive,positive"
3014,"positive,positive"
3015,"neutral,neutral"
3016,"negative,negative"
3017,"negative,negative"
3018,"positive,positive"
3019,"positive,positive"
3020,"positive,positive"
3021,"positive,positive"
3022,"positive,positive"
3023,"neutral,neutral"
3024,"neutral,neutral"
3025,"positive,positive"
3026,"positive,positive"
3027,"positive,positive"
3028,"neutral,neutral"
3029,"neutral,neutral"
3030,"negative,negative"
3031,"positive,positive"
3032,"positive,positive"
3033,"positive,positive"
3034,"positive,positive"
3035,"neutral,neutral"
3036,"positive,positive"
3037,"positive,positive"
3038,"positive,positive"
3039,"positive,positive"
3040,"neutral,neutral"
3041,"positive,positive"
3042,"neutral,neutral"
3043,"neutral,neutral"
3044,"positive,positive"
3045,"positive,positive"
3046,"positive,positive"
3047,"positive,positive"
3048,"neutral,neutral"
3049,"positive,positive"
3050,"neutral,neutral"
3051,"positive,positive"
3052,"positive,positive"
3053,"positive,positive"
3054,"positive,positive"
3055,"positive,positive"
3056,"positive,positive"
3057,"positive,positive"
3058,"neutral,neutral"
3059,"positive,positive"
3060,"positive,positive"
3061,"neutral,neutral"
3062,"negative,negative"
3063,"neutral,neutral"
3064,"positive,positive"
3065,"positive,positive"
3066,"positive,positive"
3067,"neutral,neutral"
3068,"positive,positive"
3069,"positive,positive"
3070,"neutral,neutral"
3071,"positive,positive"
3072,"negative,negative"
3073,"positive,positive"
3074,"positive,positive"
3075,"positive,positive"
3076,"positive,positive"
3077,"positive,positive"
3078,"negative,negative"
3079,"negative,negative"
3080,"positive,positive"
3081,"positive,positive"
3082,"neutral,neutral"
3083,"positive,positive"
3084,"neutral,neutral"
3085,"positive,positive"
3086,"positive,positive"
3087,"negative,negative"
3088,"neutral,neutral"
3089,"positive,positive"
3090,"neutral,neutral"
3091,"positive,positive"
3092,"positive,positive"
3093,"neutral,neutral"
3094,"neutral,neutral"
3095,"positive,positive"
3096,"positive,positive"
3097,"positive,positive"
3098,"neutral,neutral"
3099,"neutral,neutral"
3100,"positive,positive"
3101,"positive,positive"
3102,"positive,positive"
3103,"positive,positive"
3104,"neutral,neutral"
3105,"positive,positive"
3106,"positive,positive"
3107,"neutral,neutral"
3108,"neutral,neutral"
3109,"positive,positive"
3110,"positive,positive"
3111,"positive,positive"
3112,"positive,positive"
3113,"positive,positive"
3114,"negative,negative"
3115,"positive,positive"
3116,"positive,positive"
3117,"positive,positive"
3118,"positive,positive"
3119,"positive,positive"
3120,"positive,positive"
3121,"positive,positive"
3122,"neutral,neutral"
3123,"positive,positive"
3124,"positive,positive"
3125,"neutral,neutral"
3126,"negative,negative"
3127,"positive,positive"
3128,"positive,positive"
3129,"neutral,neutral"
3130,"neutral,neutral"
3131,"negative,negative"
3132,"positive,positive"
3133,"positive,positive"
3134,"positive,positive"
3135,"positive,positive"
3136,"positive,positive"
3137,"positive,positive"
3138,"positive,positive"
3139,"positive,positive"
3140,"positive,positive"
3141,"neutral,neutral"
3142,"neutral,neutral"
3143,"positive,positive"
3144,"neutral,neutral"
3145,"neutral,neutral"
3146,"positive,positive"
3147,"neutral,neutral"
3148,"positive,positive"
3149,"neutral,neutral"
3150,"neutral,neutral"
3151,"negative,negative"
3152,"positive,positive"
3153,"positive,positive"
3154,"neutral,neutral"
3155,"neutral,neutral"
3156,"positive,positive"
3157,"positive,positive"
3158,"positive,positive"
3159,"positive,positive"
3160,"positive,positive"
3161,"neutral,neutral"
3162,"neutral,neutral"
3163,"positive,positive"
3164,"neutral,neutral"
3165,"neutral,neutral"
3166,"positive,positive"
3167,"positive,positive"
3168,"positive,positive"
3169,"neutral,neutral"
3170,"positive,positive"
3171,"positive,positive"
3172,"neutral,neutral"
3173,"positive,positive"
3174,"positive,positive"
3175,"positive,positive"
3176,"neutral,neutral"
3177,"neutral,neutral"
3178,"positive,positive"
3179,"positive,positive"
3180,"positive,positive"
3181,"positive,positive"
3182,"positive,positive"
3183,"neutral,neutral"
3184,"neutral,neutral"
3185,"positive,positive"
3186,"positive,positive"
3187,"positive,positive"
3188,"positive,positive"
3189,"positive,positive"
3190,"positive,positive"
3191,"neutral,neutral"
3192,"neutral,neutral"
3193,"positive,positive"
3194,"positive,positive"
3195,"positive,positive"
3196,"positive,positive"
3197,"positive,positive"
3198,"positive,positive"
3199,"positive,positive"
3200,"neutral,neutral"
3201,"neutral,neutral"
3202,"positive,positive"
3203,"positive,positive"
3204,"positive,positive"
3205,"positive,positive"
3206,"neutral,neutral"
3207,"positive,positive"
3208,"neutral,neutral"
3209,"positive,positive"
3210,"positive,positive"
3211,"neutral,neutral"
3212,"positive,positive"
3213,"positive,positive"
3214,"neutral,neutral"
3215,"positive,positive"
3216,"positive,positive"
3217,"positive,positive"
3218,"neutral,neutral"
3219,"neutral,neutral"
3220,"positive,positive"
3221,"positive,positive"
3222,"positive,positive"
3223,"positive,positive"
3224,"positive,positive"
3225,"positive,positive"
3226,"positive,positive"
3227,"neutral,neutral"
3228,"neutral,neutral"
3229,"neutral,neutral"
3230,"positive,positive"
3231,"positive,positive"
3232,"neutral,neutral"
3233,"neutral,neutral"
3234,"neutral,neutral"
3235,"positive,positive"
3236,"neutral,neutral"
3237,"positive,positive"
3238,"positive,positive"
3239,"positive,positive"
3240,"positive,positive"
3241,"positive,positive"
3242,"positive,positive"
3243,"positive,positive"
3244,"positive,positive"
3245,"positive,positive"
3246,"neutral,neutral"
3247,"neutral,neutral"
3248,"positive,positive"
3249,"neutral,neutral"
3250,"neutral,neutral"
3251,"positive,positive"
3252,"neutral,neutral"
3253,"positive,positive"
3254,"positive,positive"
3255,"neutral,neutral"
3256,"positive,positive"
3257,"positive,positive"
3258,"positive,positive"
3259,"negative,negative"
3260,"neutral,neutral"
3261,"neutral,neutral"
3262,"positive,positive"
3263,"neutral,neutral"
3264,"positive,positive"
3265,"positive,positive"
3266,"positive,positive"
3267,"negative,negative"
3268,"positive,positive"
3269,"positive,positive"
3270,"positive,positive"
3271,"neutral,neutral"
3272,"negative,negative"
3273,"positive,positive"
3274,"neutral,neutral"
3275,"positive,positive"
3276,"positive,positive"
3277,"positive,positive"
3278,"positive,positive"
3279,"positive,positive"
3280,"positive,positive"
3281,"neutral,neutral"
3282,"neutral,neutral"
3283,"positive,positive"
3284,"positive,positive"
3285,"negative,negative"
3286,"positive,positive"
3287,"positive,positive"
3288,"positive,positive"
3289,"positive,positive"
3290,"positive,positive"
3291,"neutral,neutral"
3292,"neutral,neutral"
3293,"positive,positive"
3294,"positive,positive"
3295,"positive,positive"
3296,"positive,positive"
3297,"positive,positive"
3298,"positive,positive"
3299,"neutral,neutral"
3300,"positive,positive"
3301,"positive,positive"
3302,"neutral,neutral"
3303,"positive,positive"
3304,"positive,positive"
3305,"negative,negative"
3306,"positive,positive"
3307,"neutral,neutral"
3308,"positive,positive"
3309,"neutral,neutral"
3310,"positive,positive"
3311,"neutral,neutral"
3312,"neutral,neutral"
3313,"neutral,neutral"
3314,"positive,positive"
3315,"positive,positive"
3316,"negative,negative"
3317,"positive,positive"
3318,"positive,positive"
3319,"positive,positive"
3320,"neutral,neutral"
3321,"neutral,neutral"
3322,"neutral,neutral"
3323,"positive,positive"
3324,"neutral,neutral"
3325,"neutral,neutral"
3326,"neutral,neutral"
3327,"negative,negative"
3328,"negative,negative"
3329,"positive,positive"
3330,"positive,positive"
3331,"positive,positive"
3332,"positive,positive"
3333,"negative,negative"
3334,"neutral,neutral"
3335,"positive,positive"
3336,"positive,positive"
3337,"positive,positive"
3338,"positive,positive"
3339,"positive,positive"
3340,"negative,negative"
3341,"positive,positive"
3342,"neutral,neutral"
3343,"positive,positive"
3344,"positive,positive"
3345,"positive,positive"
3346,"neutral,neutral"
3347,"positive,positive"
3348,"neutral,neutral"
3349,"positive,positive"
3350,"neutral,neutral"
3351,"positive,positive"
3352,"positive,positive"
3353,"positive,positive"
3354,"positive,positive"
3355,"positive,positive"
3356,"neutral,neutral"
3357,"neutral,neutral"
3358,"positive,positive"
3359,"neutral,neutral"
3360,"positive,positive"
3361,"positive,positive"
3362,"neutral,neutral"
3363,"positive,positive"
3364,"positive,positive"
3365,"neutral,neutral"
3366,"positive,positive"
3367,"positive,positive"
3368,"positive,positive"
3369,"neutral,neutral"
3370,"negative,negative"
3371,"positive,positive"
3372,"positive,positive"
3373,"positive,positive"
3374,"negative,negative"
3375,"neutral,neutral"
3376,"positive,positive"
3377,"positive,positive"
3378,"positive,positive"
3379,"neutral,neutral"
3380,"neutral,neutral"
3381,"neutral,neutral"
3382,"negative,negative"
3383,"positive,positive"
3384,"neutral,neutral"
3385,"neutral,neutral"
3386,"positive,positive"
3387,"positive,positive"
3388,"negative,negative"
3389,"neutral,neutral"
3390,"positive,positive"
3391,"positive,positive"
3392,"neutral,neutral"
3393,"positive,positive"
3394,"negative,negative"
3395,"positive,positive"
3396,"positive,positive"
3397,"positive,positive"
3398,"neutral,neutral"
3399,"positive,positive"
3400,"positive,positive"
3401,"positive,positive"
3402,"neutral,neutral"
3403,"neutral,neutral"
3404,"neutral,neutral"
3405,"positive,positive"
3406,"positive,positive"
3407,"neutral,neutral"
3408,"positive,positive"
3409,"positive,positive"
3410,"positive,positive"
3411,"neutral,neutral"
3412,"neutral,neutral"
3413,"neutral,neutral"
3414,"positive,positive"
3415,"positive,positive"
3416,"positive,positive"
3417,"positive,positive"
3418,"neutral,neutral"
3419,"neutral,neutral"
3420,"positive,positive"
3421,"neutral,neutral"
3422,"neutral,neutral"
3423,"positive,positive"
3424,"positive,positive"
3425,"positive,positive"
3426,"positive,positive"
3427,"positive,positive"
3428,"positive,positive"
3429,"positive,positive"
3430,"positive,positive"
3431,"positive,positive"
3432,"negative,negative"
3433,"positive,positive"
3434,"positive,positive"
3435,"neutral,neutral"
3436,"positive,positive"
3437,"positive,positive"
3438,"positive,positive"
3439,"positive,positive"
3440,"neutral,neutral"
3441,"positive,positive"
3442,"neutral,neutral"
3443,"neutral,neutral"
3444,"positive,positive"
3445,"positive,positive"
3446,"positive,positive"
3447,"negative,negative"
3448,"positive,positive"
3449,"neutral,neutral"
3450,"positive,positive"
3451,"positive,positive"
3452,"positive,positive"
3453,"neutral,neutral"
3454,"positive,positive"
3455,"positive,positive"
3456,"positive,positive"
3457,"positive,positive"
3458,"positive,positive"
3459,"negative,negative"
3460,"positive,positive"
3461,"neutral,neutral"
3462,"neutral,neutral"
3463,"positive,positive"
3464,"positive,positive"
3465,"neutral,neutral"
3466,"negative,negative"
3467,"positive,positive"
3468,"positive,positive"
3469,"neutral,neutral"
3470,"positive,positive"
3471,"neutral,neutral"
3472,"positive,positive"
3473,"neutral,neutral"
3474,"positive,positive"
3475,"positive,positive"
3476,"positive,positive"
3477,"positive,positive"
3478,"positive,positive"
3479,"positive,positive"
3480,"positive,positive"
3481,"neutral,neutral"
3482,"positive,positive"
3483,"negative,negative"
3484,"neutral,neutral"
3485,"positive,positive"
3486,"neutral,neutral"
3487,"positive,positive"
3488,"positive,positive"
3489,"neutral,neutral"
3490,"negative,negative"
3491,"neutral,neutral"
3492,"positive,positive"
3493,"positive,positive"
3494,"positive,positive"
3495,"neutral,neutral"
3496,"positive,positive"
3497,"positive,positive"
3498,"neutral,neutral"
3499,"neutral,neutral"
3500,"neutral,neutral"
3501,"neutral,neutral"
3502,"positive,positive"
3503,"neutral,neutral"
3504,"positive,positive"
3505,"neutral,neutral"
3506,"positive,positive"
3507,"neutral,neutral"
3508,"positive,positive"
3509,"positive,positive"
3510,"positive,positive"
3511,"positive,positive"
3512,"positive,positive"
3513,"positive,positive"
3514,"positive,positive"
3515,"negative,negative"
3516,"neutral,neutral"
3517,"positive,positive"
3518,"positive,positive"
3519,"neutral,neutral"
3520,"positive,positive"
3521,"neutral,neutral"
3522,"negative,negative"
3523,"negative,negative"
3524,"positive,positive"
3525,"negative,negative"
3526,"negative,negative"
3527,"neutral,neutral"
3528,"positive,positive"
3529,"positive,positive"
3530,"neutral,neutral"
3531,"negative,negative"
3532,"positive,positive"
3533,"positive,positive"
3534,"neutral,neutral"
3535,"neutral,neutral"
3536,"negative,negative"
3537,"positive,positive"
3538,"neutral,neutral"
3539,"positive,positive"
3540,"negative,negative"
3541,"neutral,neutral"
3542,"positive,positive"
3543,"positive,positive"
3544,"positive,positive"
3545,"negative,negative"
3546,"positive,positive"
3547,"neutral,neutral"
3548,"neutral,neutral"
3549,"neutral,neutral"
3550,"negative,negative"
3551,"neutral,neutral"
3552,"positive,positive"
3553,"positive,positive"
3554,"negative,negative"
3555,"positive,positive"
3556,"negative,negative"
3557,"neutral,neutral"
3558,"negative,negative"
3559,"neutral,neutral"
3560,"neutral,neutral"
3561,"positive,positive"
3562,"positive,positive"
3563,"positive,positive"
3564,"negative,negative"
3565,"neutral,neutral"
3566,"positive,positive"
3567,"neutral,neutral"
3568,"neutral,neutral"
3569,"positive,positive"
3570,"negative,negative"
3571,"neutral,neutral"
3572,"negative,negative"
3573,"negative,negative"
3574,"positive,positive"
3575,"positive,positive"
3576,"positive,positive"
3577,"neutral,neutral"
3578,"positive,positive"
3579,"positive,positive"
3580,"positive,positive"
3581,"positive,positive"
3582,"neutral,neutral"
3583,"neutral,neutral"
3584,"positive,positive"
3585,"negative,negative"
3586,"positive,positive"
3587,"positive,positive"
3588,"neutral,neutral"
3589,"neutral,neutral"
3590,"positive,positive"
3591,"neutral,neutral"
3592,"positive,positive"
3593,"negative,negative"
3594,"neutral,neutral"
3595,"neutral,neutral"
3596,"positive,positive"
3597,"neutral,neutral"
3598,"neutral,neutral"
3599,"positive,positive"
3600,"positive,positive"
3601,"neutral,neutral"
3602,"neutral,neutral"
3603,"positive,positive"
3604,"negative,negative"
3605,"positive,positive"
3606,"neutral,neutral"
3607,"positive,positive"
3608,"positive,positive"
3609,"positive,positive"
3610,"positive,positive"
3611,"neutral,neutral"
3612,"positive,positive"
3613,"neutral,neutral"
3614,"neutral,neutral"
3615,"neutral,neutral"
3616,"neutral,neutral"
3617,"positive,positive"
3618,"positive,positive"
3619,"neutral,neutral"
3620,"negative,negative"
3621,"positive,positive"
3622,"neutral,neutral"
3623,"neutral,neutral"
3624,"positive,positive"
3625,"positive,positive"
3626,"positive,positive"
3627,"positive,positive"
3628,"positive,positive"
3629,"neutral,neutral"
3630,"positive,positive"
3631,"positive,positive"
3632,"negative,negative"
3633,"negative,negative"
3634,"positive,positive"
3635,"neutral,neutral"
3636,"positive,positive"
3637,"neutral,neutral"
3638,"neutral,neutral"
3639,"positive,positive"
3640,"positive,positive"
3641,"negative,negative"
3642,"positive,positive"
3643,"neutral,neutral"
3644,"positive,positive"
3645,"positive,positive"
3646,"positive,positive"
3647,"positive,positive"
3648,"neutral,neutral"
3649,"positive,positive"
3650,"positive,positive"
3651,"neutral,neutral"
3652,"positive,positive"
3653,"positive,positive"
3654,"neutral,neutral"
3655,"positive,positive"
3656,"neutral,neutral"
3657,"neutral,neutral"
3658,"positive,positive"
3659,"positive,positive"
3660,"negative,negative"
3661,"positive,positive"
3662,"neutral,neutral"
3663,"positive,positive"
3664,"positive,positive"
3665,"negative,negative"
3666,"negative,negative"
3667,"positive,positive"
3668,"positive,positive"
3669,"positive,positive"
3670,"positive,positive"
3671,"positive,positive"
3672,"neutral,neutral"
3673,"neutral,neutral"
3674,"positive,positive"
3675,"positive,positive"
3676,"neutral,neutral"
3677,"positive,positive"
3678,"neutral,neutral"
3679,"neutral,neutral"
3680,"neutral,neutral"
3681,"positive,positive"
3682,"positive,positive"
3683,"neutral,neutral"
3684,"neutral,neutral"
3685,"neutral,neutral"
3686,"neutral,neutral"
3687,"positive,positive"
3688,"positive,positive"
3689,"positive,positive"
3690,"neutral,neutral"
3691,"positive,positive"
3692,"neutral,neutral"
3693,"neutral,neutral"
3694,"positive,positive"
3695,"positive,positive"
3696,"positive,positive"
3697,"positive,positive"
3698,"positive,positive"
3699,"neutral,neutral"
3700,"positive,positive"
3701,"positive,positive"
3702,"neutral,neutral"
3703,"positive,positive"
3704,"negative,negative"
3705,"positive,positive"
3706,"positive,positive"
3707,"negative,negative"
3708,"positive,positive"
3709,"neutral,neutral"
3710,"positive,positive"
3711,"neutral,neutral"
3712,"positive,positive"
3713,"positive,positive"
3714,"neutral,neutral"
3715,"neutral,neutral"
3716,"neutral,neutral"
3717,"positive,positive"
3718,"positive,positive"
3719,"neutral,neutral"
3720,"neutral,neutral"
3721,"positive,positive"
3722,"positive,positive"
3723,"negative,negative"
3724,"positive,positive"
3725,"positive,positive"
3726,"positive,positive"
3727,"positive,positive"
3728,"positive,positive"
3729,"positive,positive"
3730,"positive,positive"
3731,"positive,positive"
3732,"positive,positive"
3733,"positive,positive"
3734,"positive,positive"
3735,"positive,positive"
3736,"neutral,neutral"
3737,"positive,positive"
3738,"positive,positive"
3739,"positive,positive"
3740,"positive,positive"
3741,"neutral,neutral"
3742,"positive,positive"
3743,"positive,positive"
3744,"negative,negative"
3745,"positive,positive"
3746,"positive,positive"
3747,"positive,positive"
3748,"negative,negative"
3749,"negative,negative"
3750,"positive,positive"
3751,"positive,positive"
3752,"neutral,neutral"
3753,"negative,negative"
3754,"neutral,neutral"
3755,"neutral,neutral"
3756,"positive,positive"
3757,"positive,positive"
3758,"neutral,neutral"
3759,"neutral,neutral"
3760,"positive,positive"
3761,"neutral,neutral"
3762,"positive,positive"
3763,"positive,positive"
3764,"negative,negative"
3765,"neutral,neutral"
3766,"positive,positive"
3767,"positive,positive"
3768,"positive,positive"
3769,"positive,positive"
3770,"neutral,neutral"
3771,"negative,negative"
3772,"positive,positive"
3773,"neutral,neutral"
3774,"neutral,neutral"
3775,"positive,positive"
3776,"positive,positive"
3777,"positive,positive"
3778,"neutral,neutral"
3779,"positive,positive"
3780,"positive,positive"
3781,"neutral,neutral"
3782,"neutral,neutral"
3783,"positive,positive"
3784,"positive,positive"
3785,"positive,positive"
3786,"neutral,neutral"
3787,"neutral,neutral"
3788,"neutral,neutral"
3789,"neutral,neutral"
3790,"positive,positive"
3791,"negative,negative"
3792,"neutral,neutral"
3793,"neutral,neutral"
3794,"positive,positive"
3795,"positive,positive"
3796,"positive,positive"
3797,"negative,negative"
3798,"neutral,neutral"
3799,"positive,positive"
3800,"positive,positive"
3801,"neutral,neutral"
3802,"neutral,neutral"
3803,"positive,positive"
3804,"neutral,neutral"
3805,"negative,negative"
3806,"negative,negative"
3807,"neutral,neutral"
3808,"positive,positive"
3809,"positive,positive"
3810,"neutral,neutral"
3811,"negative,negative"
3812,"neutral,neutral"
3813,"neutral,neutral"
3814,"neutral,neutral"
3815,"neutral,neutral"
3816,"neutral,neutral"
3817,"negative,negative"
3818,"positive,positive"
3819,"positive,positive"
3820,"positive,positive"
3821,"positive,positive"
3822,"negative,negative"
3823,"neutral,neutral"
3824,"positive,positive"
3825,"positive,positive"
3826,"negative,negative"
3827,"positive,positive"
3828,"negative,negative"
3829,"neutral,neutral"
3830,"positive,positive"
3831,"positive,positive"
3832,"negative,negative"
3833,"positive,positive"
3834,"neutral,neutral"
3835,"positive,positive"
3836,"neutral,neutral"
3837,"negative,negative"
3838,"positive,positive"
3839,"neutral,neutral"
3840,"neutral,neutral"
3841,"neutral,neutral"
3842,"positive,positive"
3843,"positive,positive"
3844,"negative,negative"
3845,"positive,positive"
3846,"neutral,neutral"
3847,"neutral,neutral"
3848,"positive,positive"
3849,"positive,positive"
3850,"positive,positive"
3851,"positive,positive"
3852,"positive,positive"
3853,"positive,positive"
3854,"neutral,neutral"
3855,"neutral,neutral"
3856,"positive,positive"
3857,"positive,positive"
3858,"neutral,neutral"
3859,"neutral,neutral"
3860,"neutral,neutral"
3861,"positive,positive"
3862,"positive,positive"
3863,"positive,positive"
3864,"neutral,neutral"
3865,"neutral,neutral"
3866,"positive,positive"
3867,"neutral,neutral"
3868,"positive,positive"
3869,"negative,negative"
3870,"positive,positive"
3871,"positive,positive"
3872,"positive,positive"
3873,"positive,positive"
3874,"positive,positive"
3875,"neutral,neutral"
3876,"neutral,neutral"
3877,"positive,positive"
3878,"neutral,neutral"
3879,"neutral,neutral"
3880,"positive,positive"
3881,"positive,positive"
3882,"positive,positive"
3883,"positive,positive"
3884,"negative,negative"
3885,"positive,positive"
3886,"neutral,neutral"
3887,"neutral,neutral"
3888,"negative,negative"
3889,"neutral,neutral"
3890,"neutral,neutral"
3891,"positive,positive"
3892,"positive,positive"
3893,"positive,positive"
3894,"positive,positive"
3895,"negative,negative"
3896,"positive,positive"
3897,"positive,positive"
3898,"neutral,neutral"
3899,"neutral,neutral"
3900,"neutral,neutral"
3901,"positive,positive"
3902,"positive,positive"
3903,"positive,positive"
3904,"positive,positive"
3905,"positive,positive"
3906,"positive,positive"
3907,"neutral,neutral"
3908,"positive,positive"
3909,"positive,positive"
3910,"positive,positive"
3911,"positive,positive"
3912,"positive,positive"
3913,"neutral,neutral"
3914,"positive,positive"
3915,"positive,positive"
3916,"positive,positive"
3917,"neutral,neutral"
3918,"neutral,neutral"
3919,"neutral,neutral"
3920,"positive,positive"
3921,"neutral,neutral"
3922,"positive,positive"
3923,"positive,positive"
3924,"positive,positive"
3925,"neutral,neutral"
3926,"neutral,neutral"
3927,"positive,positive"
3928,"positive,positive"
3929,"positive,positive"
3930,"positive,positive"
3931,"positive,positive"
3932,"positive,positive"
3933,"neutral,neutral"
3934,"neutral,neutral"
3935,"neutral,neutral"
3936,"neutral,neutral"
3937,"neutral,neutral"
3938,"negative,negative"
3939,"positive,positive"
3940,"negative,negative"
3941,"neutral,neutral"
3942,"positive,positive"
3943,"negative,negative"
3944,"positive,positive"
3945,"positive,positive"
3946,"neutral,neutral"
3947,"neutral,neutral"
3948,"neutral,neutral"
3949,"positive,positive"
3950,"neutral,neutral"
3951,"negative,negative"
3952,"negative,negative"
3953,"positive,positive"
3954,"neutral,neutral"
3955,"positive,positive"
3956,"positive,positive"
3957,"positive,positive"
3958,"positive,positive"
3959,"neutral,neutral"
3960,"negative,negative"
3961,"neutral,neutral"
3962,"neutral,neutral"
3963,"neutral,neutral"
3964,"neutral,neutral"
3965,"neutral,neutral"
3966,"positive,positive"
3967,"positive,positive"
3968,"positive,positive"
3969,"neutral,neutral"
3970,"neutral,neutral"
3971,"neutral,neutral"
3972,"neutral,neutral"
3973,"positive,positive"
3974,"negative,negative"
3975,"positive,positive"
3976,"neutral,neutral"
3977,"positive,positive"
3978,"negative,negative"
3979,"positive,positive"
3980,"positive,positive"
3981,"positive,positive"
3982,"positive,positive"
3983,"neutral,neutral"
3984,"negative,negative"
3985,"neutral,neutral"
3986,"positive,positive"
3987,"neutral,neutral"
3988,"neutral,neutral"
3989,"positive,positive"
3990,"positive,positive"
3991,"neutral,neutral"
3992,"positive,positive"
3993,"positive,positive"
3994,"neutral,neutral"
3995,"positive,positive"
3996,"neutral,neutral"
3997,"positive,positive"
3998,"neutral,neutral"
3999,"neutral,neutral"
4000,"neutral,neutral"
4001,"neutral,neutral"
4002,"positive,positive"
4003,"negative,negative"
4004,"neutral,neutral"
4005,"neutral,neutral"
4006,"neutral,neutral"
4007,"neutral,neutral"
4008,"positive,positive"
4009,"positive,positive"
4010,"positive,positive"
4011,"positive,positive"
4012,"neutral,neutral"
4013,"neutral,neutral"
4014,"negative,negative"
4015,"positive,positive"
4016,"neutral,neutral"
4017,"positive,positive"
4018,"positive,positive"
4019,"positive,positive"
4020,"neutral,neutral"
4021,"neutral,neutral"
4022,"positive,positive"
4023,"neutral,neutral"
4024,"negative,negative"
4025,"positive,positive"
4026,"positive,positive"
4027,"neutral,neutral"
4028,"neutral,neutral"
4029,"positive,positive"
4030,"neutral,neutral"
4031,"neutral,neutral"
4032,"positive,positive"
4033,"positive,positive"
4034,"neutral,neutral"
4035,"positive,positive"
4036,"positive,positive"
4037,"neutral,neutral"
4038,"positive,positive"
4039,"positive,positive"
4040,"positive,positive"
4041,"neutral,neutral"
4042,"positive,positive"
4043,"positive,positive"
4044,"neutral,neutral"
4045,"positive,positive"
4046,"negative,negative"
4047,"positive,positive"
4048,"positive,positive"
4049,"positive,positive"
4050,"neutral,neutral"
4051,"negative,negative"
4052,"negative,negative"
4053,"neutral,neutral"
4054,"positive,positive"
4055,"negative,negative"
4056,"positive,positive"
4057,"neutral,neutral"
4058,"neutral,neutral"
4059,"neutral,neutral"
4060,"positive,positive"
4061,"negative,negative"
4062,"neutral,neutral"
4063,"positive,positive"
4064,"positive,positive"
4065,"positive,positive"
4066,"positive,positive"
4067,"positive,positive"
4068,"neutral,neutral"
4069,"positive,positive"
4070,"positive,positive"
4071,"positive,positive"
4072,"positive,positive"
4073,"neutral,neutral"
4074,"negative,negative"
4075,"positive,positive"
4076,"positive,positive"
4077,"neutral,neutral"
4078,"positive,positive"
4079,"neutral,neutral"
4080,"positive,positive"
4081,"neutral,neutral"
4082,"positive,positive"
4083,"positive,positive"
4084,"negative,negative"
4085,"positive,positive"
4086,"negative,negative"
4087,"positive,positive"
4088,"positive,positive"
4089,"positive,positive"
4090,"positive,positive"
4091,"neutral,neutral"
4092,"neutral,neutral"
4093,"positive,positive"
4094,"neutral,neutral"
4095,"positive,positive"
4096,"negative,negative"
4097,"neutral,neutral"
4098,"neutral,neutral"
4099,"positive,positive"
4100,"negative,negative"
4101,"neutral,neutral"
4102,"neutral,neutral"
4103,"positive,positive"
4104,"neutral,neutral"
4105,"neutral,neutral"
4106,"neutral,neutral"
4107,"neutral,neutral"
4108,"neutral,neutral"
4109,"neutral,neutral"
4110,"neutral,neutral"
4111,"neutral,neutral"
4112,"positive,positive"
4113,"neutral,neutral"
4114,"positive,positive"
4115,"positive,positive"
4116,"neutral,neutral"
4117,"positive,positive"
4118,"neutral,neutral"
4119,"positive,positive"
4120,"positive,positive"
4121,"positive,positive"
4122,"neutral,neutral"
4123,"neutral,neutral"
4124,"neutral,neutral"
4125,"positive,positive"
4126,"positive,positive"
4127,"positive,positive"
4128,"positive,positive"
4129,"neutral,neutral"
4130,"neutral,neutral"
4131,"neutral,neutral"
4132,"neutral,neutral"
4133,"positive,positive"
4134,"positive,positive"
4135,"positive,positive"
4136,"positive,positive"
4137,"positive,positive"
4138,"neutral,neutral"
4139,"positive,positive"
4140,"positive,positive"
4141,"positive,positive"
4142,"positive,positive"
4143,"positive,positive"
4144,"positive,positive"
4145,"positive,positive"
4146,"neutral,neutral"
4147,"neutral,neutral"
4148,"positive,positive"
4149,"negative,negative"
4150,"positive,positive"
4151,"positive,positive"
4152,"positive,positive"
4153,"positive,positive"
4154,"negative,negative"
4155,"positive,positive"
4156,"negative,negative"
4157,"positive,positive"
4158,"positive,positive"
4159,"positive,positive"
4160,"positive,positive"
4161,"neutral,neutral"
4162,"positive,positive"
4163,"positive,positive"
4164,"positive,positive"
4165,"positive,positive"
4166,"positive,positive"
4167,"neutral,neutral"
4168,"positive,positive"
4169,"positive,positive"
4170,"negative,negative"
4171,"positive,positive"
4172,"positive,positive"
4173,"neutral,neutral"
4174,"neutral,neutral"
4175,"positive,positive"
4176,"neutral,neutral"
4177,"positive,positive"
4178,"positive,positive"
4179,"positive,positive"
4180,"neutral,neutral"
4181,"positive,positive"
4182,"positive,positive"
4183,"positive,positive"
4184,"positive,positive"
4185,"neutral,neutral"
4186,"positive,positive"
4187,"neutral,neutral"
4188,"positive,positive"
4189,"negative,negative"
4190,"neutral,neutral"
4191,"neutral,neutral"
4192,"neutral,neutral"
4193,"neutral,neutral"
4194,"positive,positive"
4195,"neutral,neutral"
4196,"positive,positive"
4197,"neutral,neutral"
4198,"positive,positive"
4199,"negative,negative"
4200,"positive,positive"
4201,"positive,positive"
4202,"positive,positive"
4203,"positive,positive"
4204,"positive,positive"
4205,"neutral,neutral"
4206,"positive,positive"
4207,"neutral,neutral"
4208,"positive,positive"
4209,"neutral,neutral"
4210,"positive,positive"
4211,"neutral,neutral"
4212,"positive,positive"
4213,"positive,positive"
4214,"neutral,neutral"
4215,"positive,positive"
4216,"neutral,neutral"
4217,"neutral,neutral"
4218,"negative,negative"
4219,"positive,positive"
4220,"neutral,neutral"
4221,"neutral,neutral"
4222,"negative,negative"
4223,"positive,positive"
4224,"positive,positive"
4225,"positive,positive"
4226,"neutral,neutral"
4227,"positive,positive"
4228,"neutral,neutral"
4229,"positive,positive"
4230,"positive,positive"
4231,"positive,positive"
4232,"positive,positive"
4233,"positive,positive"
4234,"positive,positive"
4235,"neutral,neutral"
4236,"positive,positive"
4237,"positive,positive"
4238,"positive,positive"
4239,"neutral,neutral"
4240,"positive,positive"
4241,"neutral,neutral"
4242,"neutral,neutral"
4243,"positive,positive"
4244,"positive,positive"
4245,"positive,positive"
4246,"neutral,neutral"
4247,"neutral,neutral"
4248,"neutral,neutral"
4249,"positive,positive"
4250,"positive,positive"
4251,"positive,positive"
4252,"negative,negative"
4253,"positive,positive"
4254,"positive,positive"
4255,"neutral,neutral"
4256,"positive,positive"
4257,"positive,positive"
4258,"positive,positive"
4259,"neutral,neutral"
4260,"positive,positive"
4261,"neutral,neutral"
4262,"neutral,neutral"
4263,"positive,positive"
4264,"positive,positive"
4265,"positive,positive"
4266,"neutral,neutral"
4267,"neutral,neutral"
4268,"negative,negative"
4269,"positive,positive"
4270,"negative,negative"
4271,"negative,negative"
4272,"neutral,neutral"
4273,"negative,negative"
4274,"positive,positive"
4275,"positive,positive"
4276,"positive,positive"
4277,"negative,negative"
4278,"positive,positive"
4279,"positive,positive"
4280,"neutral,neutral"
4281,"positive,positive"
4282,"positive,positive"
4283,"neutral,neutral"
4284,"negative,negative"
4285,"positive,positive"
4286,"positive,positive"
4287,"positive,positive"
4288,"positive,positive"
4289,"neutral,neutral"
4290,"positive,positive"
4291,"positive,positive"
4292,"positive,positive"
4293,"neutral,neutral"
4294,"positive,positive"
4295,"positive,positive"
4296,"negative,negative"
4297,"positive,positive"
4298,"positive,positive"
4299,"positive,positive"
4300,"positive,positive"
4301,"positive,positive"
4302,"neutral,neutral"
4303,"positive,positive"
4304,"neutral,neutral"
4305,"positive,positive"
4306,"neutral,neutral"
4307,"positive,positive"
4308,"neutral,neutral"
4309,"positive,positive"
4310,"positive,positive"
4311,"neutral,neutral"
4312,"neutral,neutral"
4313,"neutral,neutral"
4314,"positive,positive"
4315,"neutral,neutral"
4316,"neutral,neutral"
4317,"neutral,neutral"
4318,"neutral,neutral"
4319,"positive,positive"
4320,"positive,positive"
4321,"neutral,neutral"
4322,"positive,positive"
4323,"positive,positive"
4324,"positive,positive"
4325,"negative,negative"
4326,"positive,positive"
4327,"neutral,neutral"
4328,"negative,negative"
4329,"neutral,neutral"
4330,"negative,negative"
4331,"negative,negative"
4332,"negative,negative"
4333,"positive,positive"
4334,"positive,positive"
4335,"positive,positive"
4336,"neutral,neutral"
4337,"neutral,neutral"
4338,"positive,positive"
4339,"positive,positive"
4340,"positive,positive"
4341,"positive,positive"
4342,"positive,positive"
4343,"positive,positive"
4344,"positive,positive"
4345,"positive,positive"
4346,"positive,positive"
4347,"positive,positive"
4348,"positive,positive"
4349,"neutral,neutral"
4350,"positive,positive"
4351,"positive,positive"
4352,"positive,positive"
4353,"negative,negative"
4354,"positive,positive"
4355,"positive,positive"
4356,"positive,positive"
4357,"positive,positive"
4358,"positive,positive"
4359,"neutral,neutral"
4360,"neutral,neutral"
4361,"positive,positive"
4362,"neutral,neutral"
4363,"positive,positive"
4364,"positive,positive"
4365,"positive,positive"
4366,"positive,positive"
4367,"positive,positive"
4368,"positive,positive"
4369,"neutral,neutral"
4370,"positive,positive"
4371,"positive,positive"
4372,"neutral,neutral"
4373,"neutral,neutral"
4374,"neutral,neutral"
4375,"neutral,neutral"
4376,"positive,positive"
4377,"positive,positive"
4378,"positive,positive"
4379,"positive,positive"
4380,"neutral,neutral"
4381,"neutral,neutral"
4382,"positive,positive"
4383,"neutral,neutral"
4384,"neutral,neutral"
4385,"positive,positive"
4386,"negative,negative"
4387,"positive,positive"
4388,"positive,positive"
4389,"negative,negative"
4390,"positive,positive"
4391,"negative,negative"
4392,"neutral,neutral"
4393,"positive,positive"
4394,"positive,positive"
4395,"positive,positive"
4396,"negative,negative"
4397,"negative,negative"
4398,"neutral,neutral"
4399,"positive,positive"
4400,"positive,positive"
4401,"positive,positive"
4402,"neutral,neutral"
4403,"positive,positive"
4404,"positive,positive"
4405,"positive,positive"
4406,"neutral,neutral"
4407,"negative,negative"
4408,"positive,positive"
4409,"positive,positive"
4410,"positive,positive"
4411,"positive,positive"
4412,"neutral,neutral"
4413,"neutral,neutral"
4414,"positive,positive"
4415,"negative,negative"
4416,"positive,positive"
4417,"negative,negative"
4418,"positive,positive"
4419,"neutral,neutral"
4420,"neutral,neutral"
4421,"neutral,neutral"
4422,"negative,negative"
4423,"neutral,neutral"
4424,"neutral,neutral"
4425,"positive,positive"
4426,"positive,positive"
4427,"positive,positive"
4428,"positive,positive"
4429,"neutral,neutral"
4430,"neutral,neutral"
4431,"neutral,neutral"
4432,"neutral,neutral"
4433,"positive,positive"
4434,"positive,positive"
4435,"positive,positive"
4436,"neutral,neutral"
4437,"positive,positive"
4438,"negative,negative"
4439,"negative,negative"
4440,"positive,positive"
4441,"negative,negative"
4442,"positive,positive"
4443,"neutral,neutral"
4444,"neutral,neutral"
4445,"positive,positive"
4446,"positive,positive"
4447,"neutral,neutral"
4448,"positive,positive"
4449,"neutral,neutral"
4450,"positive,positive"
4451,"negative,negative"
4452,"positive,positive"
4453,"positive,positive"
4454,"neutral,neutral"
4455,"neutral,neutral"
4456,"positive,positive"
4457,"positive,positive"
4458,"neutral,neutral"
4459,"positive,positive"
4460,"neutral,neutral"
4461,"positive,positive"
4462,"positive,positive"
4463,"positive,positive"
4464,"neutral,neutral"
4465,"positive,positive"
4466,"neutral,neutral"
4467,"positive,positive"
4468,"positive,positive"
4469,"neutral,neutral"
4470,"neutral,neutral"
4471,"neutral,neutral"
4472,"neutral,neutral"
4473,"positive,positive"
4474,"positive,positive"
4475,"positive,positive"
4476,"positive,positive"
4477,"negative,negative"
4478,"positive,positive"
4479,"neutral,neutral"
4480,"negative,negative"
4481,"neutral,neutral"
4482,"positive,positive"
4483,"neutral,neutral"
4484,"positive,positive"
4485,"positive,positive"
4486,"positive,positive"
4487,"positive,positive"
4488,"positive,positive"
4489,"positive,positive"
4490,"positive,positive"
4491,"positive,positive"
4492,"positive,positive"
4493,"negative,negative"
4494,"positive,positive"
4495,"neutral,neutral"
4496,"positive,positive"
4497,"positive,positive"
4498,"negative,negative"
4499,"neutral,neutral"
4500,"negative,negative"
4501,"positive,positive"
4502,"positive,positive"
4503,"negative,negative"
4504,"neutral,neutral"
4505,"neutral,neutral"
4506,"negative,negative"
4507,"neutral,neutral"
4508,"neutral,neutral"
4509,"neutral,neutral"
4510,"neutral,neutral"
4511,"positive,positive"
4512,"positive,positive"
4513,"positive,positive"
4514,"neutral,neutral"
4515,"neutral,neutral"
4516,"positive,positive"
4517,"neutral,neutral"
4518,"neutral,neutral"
4519,"positive,positive"
4520,"positive,positive"
4521,"positive,positive"
4522,"positive,positive"
4523,"positive,positive"
4524,"positive,positive"
4525,"positive,positive"
4526,"neutral,neutral"
4527,"positive,positive"
4528,"neutral,neutral"
4529,"neutral,neutral"
4530,"negative,negative"
4531,"negative,negative"
4532,"neutral,neutral"
4533,"negative,negative"
4534,"positive,positive"
4535,"neutral,neutral"
4536,"neutral,neutral"
4537,"negative,negative"
4538,"positive,positive"
4539,"positive,positive"
4540,"positive,positive"
4541,"neutral,neutral"
4542,"positive,positive"
4543,"negative,negative"
4544,"neutral,neutral"
4545,"positive,positive"
4546,"positive,positive"
4547,"positive,positive"
4548,"negative,negative"
4549,"positive,positive"
4550,"positive,positive"
4551,"positive,positive"
4552,"positive,positive"
4553,"positive,positive"
4554,"negative,negative"
4555,"positive,positive"
4556,"positive,positive"
4557,"neutral,neutral"
4558,"positive,positive"
4559,"neutral,neutral"
4560,"positive,positive"
4561,"neutral,neutral"
4562,"positive,positive"
4563,"positive,positive"
4564,"negative,negative"
4565,"positive,positive"
4566,"positive,positive"
4567,"neutral,neutral"
4568,"positive,positive"
4569,"neutral,neutral"
4570,"positive,positive"
4571,"positive,positive"
4572,"neutral,neutral"
4573,"neutral,neutral"
4574,"positive,positive"
4575,"neutral,neutral"
4576,"positive,positive"
4577,"positive,positive"
4578,"neutral,neutral"
4579,"neutral,neutral"
4580,"positive,positive"
4581,"positive,positive"
4582,"positive,positive"
4583,"neutral,neutral"
4584,"positive,positive"
4585,"neutral,neutral"
4586,"positive,positive"
4587,"neutral,neutral"
4588,"neutral,neutral"
4589,"positive,positive"
4590,"neutral,neutral"
4591,"neutral,neutral"
4592,"positive,positive"
4593,"positive,positive"
4594,"positive,positive"
4595,"positive,positive"
4596,"positive,positive"
4597,"positive,positive"
4598,"positive,positive"
4599,"neutral,neutral"
4600,"positive,positive"
4601,"positive,positive"
4602,"positive,positive"
4603,"negative,negative"
4604,"neutral,neutral"
4605,"positive,positive"
4606,"neutral,neutral"
4607,"positive,positive"
4608,"neutral,neutral"
4609,"positive,positive"
4610,"negative,negative"
4611,"negative,negative"
4612,"negative,negative"
4613,"positive,positive"
4614,"positive,positive"
4615,"positive,positive"
4616,"neutral,neutral"
4617,"positive,positive"
4618,"neutral,neutral"
4619,"positive,positive"
4620,"negative,negative"
4621,"negative,negative"
4622,"neutral,neutral"
4623,"positive,positive"
4624,"positive,positive"
4625,"neutral,neutral"
4626,"positive,positive"
4627,"neutral,neutral"
4628,"neutral,neutral"
4629,"neutral,neutral"
4630,"positive,positive"
4631,"positive,positive"
4632,"negative,negative"
4633,"positive,positive"
4634,"positive,positive"
4635,"positive,positive"
4636,"neutral,neutral"
4637,"neutral,neutral"
4638,"neutral,neutral"
4639,"positive,positive"
4640,"negative,negative"
4641,"negative,negative"
4642,"positive,positive"
4643,"positive,positive"
4644,"negative,negative"
4645,"negative,negative"
4646,"neutral,neutral"
4647,"negative,negative"
4648,"neutral,neutral"
4649,"positive,positive"
4650,"positive,positive"
4651,"positive,positive"
4652,"positive,positive"
4653,"positive,positive"
4654,"positive,positive"
4655,"negative,negative"
4656,"positive,positive"
4657,"positive,positive"
4658,"negative,negative"
4659,"positive,positive"
4660,"positive,positive"
4661,"positive,positive"
4662,"negative,negative"
4663,"positive,positive"
4664,"positive,positive"
4665,"positive,positive"
4666,"positive,positive"
4667,"positive,positive"
4668,"positive,positive"
4669,"positive,positive"
4670,"neutral,neutral"
4671,"neutral,neutral"
4672,"positive,positive"
4673,"positive,positive"
4674,"positive,positive"
4675,"positive,positive"
4676,"negative,negative"
4677,"positive,positive"
4678,"positive,positive"
4679,"positive,positive"
4680,"positive,positive"
4681,"positive,positive"
4682,"positive,positive"
4683,"negative,negative"
4684,"positive,positive"
4685,"positive,positive"
4686,"positive,positive"
4687,"positive,positive"
4688,"positive,positive"
4689,"positive,positive"
4690,"negative,negative"
4691,"positive,positive"
4692,"positive,positive"
4693,"positive,positive"
4694,"positive,positive"
4695,"positive,positive"
4696,"negative,negative"
4697,"positive,positive"
4698,"positive,positive"
4699,"neutral,neutral"
4700,"positive,positive"
4701,"positive,positive"
4702,"positive,positive"
4703,"positive,positive"
4704,"positive,positive"
4705,"positive,positive"
4706,"positive,positive"
4707,"positive,positive"
4708,"positive,positive"
4709,"positive,positive"
4710,"positive,positive"
4711,"positive,positive"
4712,"negative,negative"
4713,"positive,positive"
4714,"positive,positive"
4715,"positive,positive"
4716,"positive,positive"
4717,"positive,positive"
4718,"neutral,neutral"
4719,"positive,positive"
4720,"positive,positive"
4721,"positive,positive"
4722,"positive,positive"
4723,"positive,positive"
4724,"negative,negative"
4725,"positive,positive"
4726,"negative,negative"
4727,"positive,positive"
4728,"positive,positive"
4729,"negative,negative"
4730,"negative,negative"
4731,"neutral,neutral"
4732,"positive,positive"
4733,"positive,positive"
4734,"neutral,neutral"
4735,"positive,positive"
4736,"positive,positive"
4737,"negative,negative"
4738,"positive,positive"
4739,"positive,positive"
4740,"neutral,neutral"
4741,"positive,positive"
4742,"positive,positive"
4743,"positive,positive"
4744,"positive,positive"
4745,"positive,positive"
4746,"positive,positive"
4747,"positive,positive"
4748,"positive,positive"
4749,"positive,positive"
4750,"positive,positive"
4751,"positive,positive"
4752,"positive,positive"
4753,"positive,positive"
4754,"positive,positive"
4755,"positive,positive"
4756,"positive,positive"
4757,"positive,positive"
4758,"positive,positive"
4759,"positive,positive"
4760,"positive,positive"
4761,"positive,positive"
4762,"positive,positive"
4763,"negative,negative"
4764,"positive,positive"
4765,"positive,positive"
4766,"positive,positive"
4767,"positive,positive"
4768,"positive,positive"
4769,"neutral,neutral"
4770,"positive,positive"
4771,"positive,positive"
4772,"positive,positive"
4773,"neutral,neutral"
4774,"positive,positive"
4775,"positive,positive"
4776,"positive,positive"
4777,"neutral,neutral"
4778,"neutral,neutral"
4779,"positive,positive"
4780,"positive,positive"
4781,"neutral,neutral"
4782,"positive,positive"
4783,"positive,positive"
4784,"neutral,neutral"
4785,"positive,positive"
4786,"positive,positive"
4787,"positive,positive"
4788,"positive,positive"
4789,"positive,positive"
4790,"positive,positive"
4791,"positive,positive"
4792,"positive,positive"
4793,"positive,positive"
4794,"positive,positive"
4795,"positive,positive"
4796,"positive,positive"
4797,"positive,positive"
4798,"negative,negative"
4799,"positive,positive"
4800,"positive,positive"
4801,"positive,positive"
4802,"positive,positive"
4803,"positive,positive"
4804,"negative,negative"
4805,"positive,positive"
4806,"negative,negative"
4807,"neutral,neutral"
4808,"neutral,neutral"
4809,"positive,positive"
4810,"positive,positive"
4811,"positive,positive"
4812,"positive,positive"
4813,"positive,positive"
4814,"positive,positive"
4815,"positive,positive"
4816,"positive,positive"
4817,"positive,positive"
4818,"positive,positive"
4819,"positive,positive"
4820,"positive,positive"
4821,"positive,positive"
4822,"positive,positive"
4823,"positive,positive"
4824,"positive,positive"
4825,"negative,negative"
4826,"positive,positive"
4827,"positive,positive"
4828,"negative,negative"
4829,"negative,negative"
4830,"neutral,neutral"
4831,"positive,positive"
4832,"neutral,neutral"
4833,"positive,positive"
4834,"positive,positive"
4835,"negative,negative"
4836,"positive,positive"
4837,"positive,positive"
4838,"positive,positive"
4839,"positive,positive"
4840,"neutral,neutral"
4841,"positive,positive"
4842,"positive,positive"
4843,"positive,positive"
4844,"positive,positive"
4845,"positive,positive"
4846,"positive,positive"
4847,"positive,positive"
4848,"positive,positive"
4849,"positive,positive"
4850,"positive,positive"
4851,"positive,positive"
4852,"positive,positive"
4853,"positive,positive"
4854,"positive,positive"
4855,"positive,positive"
4856,"positive,positive"
4857,"positive,positive"
4858,"positive,positive"
4859,"positive,positive"
4860,"positive,positive"
4861,"neutral,neutral"
4862,"positive,positive"
4863,"positive,positive"
4864,"positive,positive"
4865,"positive,positive"
4866,"neutral,neutral"
4867,"positive,positive"
4868,"positive,positive"
4869,"positive,positive"
4870,"positive,positive"
4871,"positive,positive"
4872,"positive,positive"
4873,"positive,positive"
4874,"neutral,neutral"
4875,"positive,positive"
4876,"positive,positive"
4877,"positive,positive"
4878,"negative,negative"
4879,"neutral,neutral"
4880,"positive,positive"
4881,"positive,positive"
4882,"neutral,neutral"
4883,"positive,positive"
4884,"positive,positive"
4885,"positive,positive"
4886,"positive,positive"
4887,"neutral,neutral"
4888,"positive,positive"
4889,"positive,positive"
4890,"positive,positive"
4891,"positive,positive"
4892,"positive,positive"
4893,"positive,positive"
4894,"positive,positive"
4895,"positive,positive"
4896,"positive,positive"
4897,"positive,positive"
4898,"neutral,neutral"
4899,"negative,negative"
4900,"neutral,neutral"
4901,"positive,positive"
4902,"neutral,neutral"
4903,"positive,positive"
4904,"positive,positive"
4905,"positive,positive"
4906,"neutral,neutral"
4907,"positive,positive"
4908,"positive,positive"
4909,"positive,positive"
4910,"positive,positive"
4911,"neutral,neutral"
4912,"positive,positive"
4913,"positive,positive"
4914,"positive,positive"
4915,"negative,negative"
4916,"positive,positive"
4917,"positive,positive"
4918,"positive,positive"
4919,"positive,positive"
4920,"positive,positive"
4921,"neutral,neutral"
4922,"positive,positive"
4923,"positive,positive"
4924,"positive,positive"
4925,"positive,positive"
4926,"positive,positive"
4927,"positive,positive"
4928,"positive,positive"
4929,"positive,positive"
4930,"negative,negative"
4931,"neutral,neutral"
4932,"positive,positive"
4933,"positive,positive"
4934,"positive,positive"
4935,"positive,positive"
4936,"positive,positive"
4937,"positive,positive"
4938,"positive,positive"
4939,"positive,positive"
4940,"positive,positive"
4941,"positive,positive"
4942,"positive,positive"
4943,"neutral,neutral"
4944,"positive,positive"
4945,"positive,positive"
4946,"neutral,neutral"
4947,"positive,positive"
4948,"negative,negative"
4949,"positive,positive"
4950,"positive,positive"
4951,"positive,positive"
4952,"positive,positive"
4953,"neutral,neutral"
4954,"positive,positive"
4955,"positive,positive"
4956,"positive,positive"
4957,"positive,positive"
4958,"positive,positive"
4959,"positive,positive"
4960,"positive,positive"
4961,"positive,positive"
4962,"positive,positive"
4963,"positive,positive"
4964,"positive,positive"
4965,"positive,positive"
4966,"positive,positive"
4967,"positive,positive"
4968,"positive,positive"
4969,"positive,positive"
4970,"positive,positive"
4971,"negative,negative"
4972,"positive,positive"
4973,"positive,positive"
4974,"positive,positive"
4975,"positive,positive"
4976,"positive,positive"
4977,"positive,positive"
4978,"positive,positive"
4979,"neutral,neutral"
4980,"neutral,neutral"
4981,"positive,positive"
4982,"positive,positive"
4983,"positive,positive"
4984,"positive,positive"
4985,"positive,positive"
4986,"positive,positive"
4987,"positive,positive"
4988,"positive,positive"
4989,"negative,negative"
4990,"neutral,neutral"
4991,"positive,positive"
4992,"positive,positive"
4993,"neutral,neutral"
4994,"positive,positive"
4995,"positive,positive"
4996,"positive,positive"
4997,"positive,positive"
4998,"positive,positive"
4999,"positive,positive"
5000,"negative,negative"
5001,"positive,positive"
5002,"positive,positive"
5003,"positive,positive"
5004,"positive,positive"
5005,"positive,positive"
5006,"negative,negative"
5007,"positive,positive"
5008,"negative,negative"
5009,"positive,positive"
5010,"positive,positive"
5011,"neutral,neutral"
5012,"positive,positive"
5013,"positive,positive"
5014,"positive,positive"
5015,"positive,positive"
5016,"neutral,neutral"
5017,"positive,positive"
5018,"positive,positive"
5019,"positive,positive"
5020,"neutral,neutral"
5021,"neutral,neutral"
5022,"positive,positive"
5023,"positive,positive"
5024,"positive,positive"
5025,"positive,positive"
5026,"positive,positive"
5027,"positive,positive"
5028,"positive,positive"
5029,"positive,positive"
5030,"positive,positive"
5031,"positive,positive"
5032,"negative,negative"
5033,"positive,positive"
5034,"positive,positive"
5035,"positive,positive"
5036,"positive,positive"
5037,"positive,positive"
5038,"positive,positive"
5039,"positive,positive"
5040,"positive,positive"
5041,"positive,positive"
5042,"positive,positive"
5043,"positive,positive"
5044,"positive,positive"
5045,"positive,positive"
5046,"positive,positive"
5047,"positive,positive"
5048,"negative,negative"
5049,"positive,positive"
5050,"positive,positive"
5051,"positive,positive"
5052,"positive,positive"
5053,"positive,positive"
5054,"positive,positive"
5055,"positive,positive"
5056,"positive,positive"
5057,"positive,positive"
5058,"neutral,neutral"
5059,"positive,positive"
5060,"positive,positive"
5061,"positive,positive"
5062,"positive,positive"
5063,"positive,positive"
5064,"positive,positive"
5065,"positive,positive"
5066,"positive,positive"
5067,"positive,positive"
5068,"positive,positive"
5069,"positive,positive"
5070,"neutral,neutral"
5071,"positive,positive"
5072,"neutral,neutral"
5073,"positive,positive"
5074,"positive,positive"
5075,"positive,positive"
5076,"positive,positive"
5077,"neutral,neutral"
5078,"positive,positive"
5079,"positive,positive"
5080,"positive,positive"
5081,"positive,positive"
5082,"positive,positive"
5083,"positive,positive"
5084,"positive,positive"
5085,"positive,positive"
5086,"positive,positive"
5087,"positive,positive"
5088,"neutral,neutral"
5089,"positive,positive"
5090,"positive,positive"
5091,"positive,positive"
5092,"positive,positive"
5093,"neutral,neutral"
5094,"positive,positive"
5095,"positive,positive"
5096,"positive,positive"
5097,"positive,positive"
5098,"positive,positive"
5099,"positive,positive"
5100,"positive,positive"
5101,"positive,positive"
5102,"positive,positive"
5103,"positive,positive"
5104,"positive,positive"
5105,"neutral,neutral"
5106,"positive,positive"
5107,"positive,positive"
5108,"positive,positive"
5109,"positive,positive"
5110,"positive,positive"
5111,"negative,negative"
5112,"positive,positive"
5113,"positive,positive"
5114,"positive,positive"
5115,"positive,positive"
5116,"positive,positive"
5117,"positive,positive"
5118,"positive,positive"
5119,"positive,positive"
5120,"positive,positive"
5121,"positive,positive"
5122,"neutral,neutral"
5123,"positive,positive"
5124,"positive,positive"
5125,"positive,positive"
5126,"positive,positive"
5127,"positive,positive"
5128,"neutral,neutral"
5129,"positive,positive"
5130,"positive,positive"
5131,"positive,positive"
5132,"positive,positive"
5133,"positive,positive"
5134,"positive,positive"
5135,"positive,positive"
5136,"neutral,neutral"
5137,"positive,positive"
5138,"positive,positive"
5139,"positive,positive"
5140,"positive,positive"
5141,"positive,positive"
5142,"positive,positive"
5143,"neutral,neutral"
5144,"negative,negative"
5145,"neutral,neutral"
5146,"positive,positive"
5147,"positive,positive"
5148,"positive,positive"
5149,"negative,negative"
5150,"positive,positive"
5151,"positive,positive"
5152,"positive,positive"
5153,"positive,positive"
5154,"positive,positive"
5155,"positive,positive"
5156,"positive,positive"
5157,"positive,positive"
5158,"positive,positive"
5159,"neutral,neutral"
5160,"positive,positive"
5161,"positive,positive"
5162,"positive,positive"
5163,"positive,positive"
5164,"positive,positive"
5165,"neutral,neutral"
5166,"negative,negative"
5167,"positive,positive"
5168,"positive,positive"
5169,"positive,positive"
5170,"positive,positive"
5171,"positive,positive"
5172,"neutral,neutral"
5173,"positive,positive"
5174,"positive,positive"
5175,"positive,positive"
5176,"positive,positive"
5177,"positive,positive"
5178,"positive,positive"
5179,"positive,positive"
5180,"negative,negative"
5181,"positive,positive"
5182,"positive,positive"
5183,"positive,positive"
5184,"positive,positive"
5185,"neutral,neutral"
5186,"positive,positive"
5187,"positive,positive"
5188,"positive,positive"
5189,"positive,positive"
5190,"positive,positive"
5191,"positive,positive"
5192,"negative,negative"
5193,"negative,negative"
5194,"negative,negative"
5195,"positive,positive"
5196,"positive,positive"
5197,"positive,positive"
5198,"positive,positive"
5199,"positive,positive"
5200,"positive,positive"
5201,"positive,positive"
5202,"positive,positive"
5203,"neutral,neutral"
5204,"positive,positive"
5205,"neutral,neutral"
5206,"positive,positive"
5207,"positive,positive"
5208,"positive,positive"
5209,"positive,positive"
5210,"positive,positive"
5211,"positive,positive"
5212,"negative,negative"
5213,"positive,positive"
5214,"positive,positive"
5215,"positive,positive"
5216,"positive,positive"
5217,"positive,positive"
5218,"positive,positive"
5219,"negative,negative"
5220,"neutral,neutral"
5221,"positive,positive"
5222,"positive,positive"
5223,"negative,negative"
5224,"positive,positive"
5225,"positive,positive"
5226,"positive,positive"
5227,"positive,positive"
5228,"positive,positive"
5229,"positive,positive"
5230,"positive,positive"
5231,"positive,positive"
5232,"positive,positive"
5233,"positive,positive"
5234,"positive,positive"
5235,"positive,positive"
5236,"neutral,neutral"
5237,"positive,positive"
5238,"negative,negative"
5239,"positive,positive"
5240,"positive,positive"
5241,"positive,positive"
5242,"positive,positive"
5243,"neutral,neutral"
5244,"positive,positive"
5245,"positive,positive"
5246,"positive,positive"
5247,"positive,positive"
5248,"positive,positive"
5249,"positive,positive"
5250,"neutral,neutral"
5251,"positive,positive"
5252,"positive,positive"
5253,"positive,positive"
5254,"positive,positive"
5255,"positive,positive"
5256,"neutral,neutral"
5257,"positive,positive"
5258,"positive,positive"
5259,"positive,positive"
5260,"positive,positive"
5261,"positive,positive"
5262,"positive,positive"
5263,"positive,positive"
5264,"positive,positive"
5265,"positive,positive"
5266,"positive,positive"
5267,"positive,positive"
5268,"positive,positive"
5269,"positive,positive"
5270,"negative,negative"
5271,"neutral,neutral"
5272,"positive,positive"
5273,"negative,negative"
5274,"positive,positive"
5275,"positive,positive"
5276,"positive,positive"
5277,"positive,positive"
5278,"positive,positive"
5279,"positive,positive"
5280,"negative,negative"
5281,"positive,positive"
5282,"positive,positive"
5283,"positive,positive"
5284,"neutral,neutral"
5285,"positive,positive"
5286,"positive,positive"
5287,"positive,positive"
5288,"positive,positive"
5289,"neutral,neutral"
5290,"positive,positive"
5291,"positive,positive"
5292,"positive,positive"
5293,"positive,positive"
5294,"positive,positive"
5295,"positive,positive"
5296,"positive,positive"
5297,"negative,negative"
5298,"positive,positive"
5299,"positive,positive"
5300,"positive,positive"
5301,"negative,negative"
5302,"positive,positive"
5303,"positive,positive"
5304,"positive,positive"
5305,"positive,positive"
5306,"positive,positive"
5307,"positive,positive"
5308,"positive,positive"
5309,"positive,positive"
5310,"positive,positive"
5311,"negative,negative"
5312,"neutral,neutral"
5313,"negative,negative"
5314,"positive,positive"
5315,"positive,positive"
5316,"positive,positive"
5317,"positive,positive"
5318,"positive,positive"
5319,"positive,positive"
5320,"positive,positive"
5321,"positive,positive"
5322,"positive,positive"
5323,"positive,positive"
5324,"positive,positive"
5325,"positive,positive"
5326,"positive,positive"
5327,"positive,positive"
5328,"positive,positive"
5329,"positive,positive"
5330,"positive,positive"
5331,"positive,positive"
5332,"positive,positive"
5333,"positive,positive"
5334,"positive,positive"
5335,"positive,positive"
5336,"positive,positive"
5337,"positive,positive"
5338,"neutral,neutral"
5339,"positive,positive"
5340,"neutral,neutral"
5341,"positive,positive"
5342,"neutral,neutral"
5343,"positive,positive"
5344,"neutral,neutral"
5345,"positive,positive"
5346,"positive,positive"
5347,"neutral,neutral"
5348,"negative,negative"
5349,"positive,positive"
5350,"positive,positive"
5351,"positive,positive"
5352,"positive,positive"
5353,"positive,positive"
5354,"neutral,neutral"
5355,"positive,positive"
5356,"positive,positive"
5357,"positive,positive"
5358,"positive,positive"
5359,"positive,positive"
5360,"positive,positive"
5361,"positive,positive"
5362,"positive,positive"
5363,"positive,positive"
5364,"negative,negative"
5365,"neutral,neutral"
5366,"positive,positive"
5367,"positive,positive"
5368,"positive,positive"
5369,"positive,positive"
5370,"positive,positive"
5371,"neutral,neutral"
5372,"positive,positive"
5373,"positive,positive"
5374,"positive,positive"
5375,"neutral,neutral"
5376,"positive,positive"
5377,"positive,positive"
5378,"positive,positive"
5379,"negative,negative"
5380,"positive,positive"
5381,"neutral,neutral"
5382,"positive,positive"
5383,"neutral,neutral"
5384,"positive,positive"
5385,"positive,positive"
5386,"positive,positive"
5387,"positive,positive"
5388,"positive,positive"
5389,"positive,positive"
5390,"positive,positive"
5391,"positive,positive"
5392,"positive,positive"
5393,"negative,negative"
5394,"positive,positive"
5395,"positive,positive"
5396,"positive,positive"
5397,"negative,negative"
5398,"positive,positive"
5399,"positive,positive"
5400,"negative,negative"
5401,"positive,positive"
5402,"positive,positive"
5403,"negative,negative"
5404,"positive,positive"
5405,"positive,positive"
5406,"neutral,neutral"
5407,"positive,positive"
5408,"positive,positive"
5409,"positive,positive"
5410,"positive,positive"
5411,"positive,positive"
5412,"positive,positive"
5413,"positive,positive"
5414,"neutral,neutral"
5415,"neutral,neutral"
5416,"positive,positive"
5417,"positive,positive"
5418,"positive,positive"
5419,"positive,positive"
5420,"positive,positive"
5421,"positive,positive"
5422,"positive,positive"
5423,"positive,positive"
5424,"positive,positive"
5425,"neutral,neutral"
5426,"positive,positive"
5427,"positive,positive"
5428,"positive,positive"
5429,"positive,positive"
5430,"positive,positive"
5431,"positive,positive"
5432,"positive,positive"
5433,"neutral,neutral"
5434,"positive,positive"
5435,"positive,positive"
5436,"positive,positive"
5437,"positive,positive"
5438,"positive,positive"
5439,"positive,positive"
5440,"positive,positive"
5441,"positive,positive"
5442,"positive,positive"
5443,"positive,positive"
5444,"positive,positive"
5445,"negative,negative"
5446,"positive,positive"
5447,"positive,positive"
5448,"positive,positive"
5449,"negative,negative"
5450,"positive,positive"
5451,"positive,positive"
5452,"negative,negative"
5453,"positive,positive"
5454,"negative,negative"
5455,"positive,positive"
5456,"positive,positive"
5457,"positive,positive"
5458,"positive,positive"
5459,"negative,negative"
5460,"positive,positive"
5461,"neutral,neutral"
5462,"neutral,neutral"
5463,"positive,positive"
5464,"positive,positive"
5465,"positive,positive"
5466,"positive,positive"
5467,"positive,positive"
5468,"negative,negative"
5469,"positive,positive"
5470,"positive,positive"
5471,"positive,positive"
5472,"positive,positive"
5473,"positive,positive"
5474,"positive,positive"
5475,"negative,negative"
5476,"positive,positive"
5477,"positive,positive"
5478,"neutral,neutral"
5479,"positive,positive"
5480,"positive,positive"
5481,"positive,positive"
5482,"positive,positive"
5483,"negative,negative"
5484,"positive,positive"
5485,"positive,positive"
5486,"positive,positive"
5487,"positive,positive"
5488,"negative,negative"
5489,"positive,positive"
5490,"positive,positive"
5491,"positive,positive"
5492,"positive,positive"
5493,"positive,positive"
5494,"positive,positive"
5495,"positive,positive"
5496,"neutral,neutral"
5497,"negative,negative"
5498,"negative,negative"
5499,"positive,positive"
5500,"positive,positive"
5501,"neutral,neutral"
5502,"positive,positive"
5503,"neutral,neutral"
5504,"positive,positive"
5505,"positive,positive"
5506,"neutral,neutral"
5507,"positive,positive"
5508,"positive,positive"
5509,"positive,positive"
5510,"positive,positive"
5511,"positive,positive"
5512,"negative,negative"
5513,"positive,positive"
5514,"positive,positive"
5515,"positive,positive"
5516,"positive,positive"
5517,"positive,positive"
5518,"positive,positive"
5519,"positive,positive"
5520,"positive,positive"
5521,"positive,positive"
5522,"positive,positive"
5523,"positive,positive"
5524,"positive,positive"
5525,"positive,positive"
5526,"negative,negative"
5527,"positive,positive"
5528,"positive,positive"
5529,"positive,positive"
5530,"positive,positive"
5531,"neutral,neutral"
5532,"positive,positive"
5533,"positive,positive"
5534,"neutral,neutral"
5535,"positive,positive"
5536,"positive,positive"
5537,"positive,positive"
5538,"positive,positive"
5539,"negative,negative"
5540,"positive,positive"
5541,"neutral,neutral"
5542,"positive,positive"
5543,"neutral,neutral"
5544,"positive,positive"
5545,"positive,positive"
5546,"positive,positive"
5547,"positive,positive"
5548,"positive,positive"
5549,"positive,positive"
5550,"positive,positive"
5551,"positive,positive"
5552,"positive,positive"
5553,"negative,negative"
5554,"positive,positive"
5555,"neutral,neutral"
5556,"positive,positive"
5557,"positive,positive"
5558,"positive,positive"
5559,"negative,negative"
5560,"positive,positive"
5561,"positive,positive"
5562,"neutral,neutral"
5563,"positive,positive"
5564,"positive,positive"
5565,"negative,negative"
5566,"positive,positive"
5567,"neutral,neutral"
5568,"positive,positive"
5569,"positive,positive"
5570,"positive,positive"
5571,"positive,positive"
5572,"positive,positive"
5573,"positive,positive"
5574,"positive,positive"
5575,"negative,negative"
5576,"negative,negative"
5577,"positive,positive"
5578,"positive,positive"
5579,"negative,negative"
5580,"positive,positive"
5581,"positive,positive"
5582,"positive,positive"
5583,"positive,positive"
5584,"positive,positive"
5585,"positive,positive"
5586,"negative,negative"
5587,"neutral,neutral"
5588,"positive,positive"
5589,"positive,positive"
5590,"positive,positive"
5591,"positive,positive"
5592,"positive,positive"
5593,"positive,positive"
5594,"positive,positive"
5595,"positive,positive"
5596,"positive,positive"
5597,"neutral,neutral"
5598,"neutral,neutral"
5599,"negative,negative"
5600,"positive,positive"
5601,"positive,positive"
5602,"negative,negative"
5603,"positive,positive"
5604,"negative,negative"
5605,"positive,positive"
5606,"neutral,neutral"
5607,"positive,positive"
5608,"positive,positive"
5609,"positive,positive"
5610,"positive,positive"
5611,"positive,positive"
5612,"negative,negative"
5613,"neutral,neutral"
5614,"positive,positive"
5615,"neutral,neutral"
5616,"positive,positive"
5617,"neutral,neutral"
5618,"positive,positive"
5619,"neutral,neutral"
5620,"positive,positive"
5621,"negative,negative"
5622,"positive,positive"
5623,"negative,negative"
5624,"negative,negative"
5625,"negative,negative"
5626,"neutral,neutral"
5627,"positive,positive"
5628,"positive,positive"
5629,"positive,positive"
5630,"neutral,neutral"
5631,"positive,positive"
5632,"positive,positive"
5633,"neutral,neutral"
5634,"neutral,neutral"
5635,"positive,positive"
5636,"positive,positive"
5637,"negative,negative"
5638,"negative,negative"
5639,"positive,positive"
5640,"neutral,neutral"
5641,"negative,negative"
5642,"negative,negative"
5643,"neutral,neutral"
5644,"positive,positive"
5645,"positive,positive"
5646,"negative,negative"
5647,"positive,positive"
5648,"negative,negative"
5649,"neutral,neutral"
5650,"negative,negative"
5651,"negative,negative"
5652,"positive,positive"
5653,"positive,positive"
5654,"neutral,neutral"
5655,"positive,positive"
5656,"neutral,neutral"
5657,"negative,negative"
5658,"positive,positive"
5659,"positive,positive"
5660,"neutral,neutral"
5661,"positive,positive"
5662,"positive,positive"
5663,"positive,positive"
5664,"positive,positive"
5665,"positive,positive"
5666,"negative,negative"
5667,"neutral,neutral"
5668,"positive,positive"
5669,"positive,positive"
5670,"neutral,neutral"
5671,"positive,positive"
5672,"positive,positive"
5673,"positive,positive"
5674,"positive,positive"
5675,"neutral,neutral"
5676,"positive,positive"
5677,"positive,positive"
5678,"positive,positive"
5679,"positive,positive"
5680,"positive,positive"
5681,"positive,positive"
5682,"negative,negative"
5683,"positive,positive"
5684,"positive,positive"
5685,"positive,positive"
5686,"negative,negative"
5687,"negative,negative"
5688,"negative,negative"
5689,"negative,negative"
5690,"neutral,neutral"
5691,"neutral,neutral"
5692,"neutral,neutral"
5693,"positive,positive"
5694,"neutral,neutral"
5695,"neutral,neutral"
5696,"negative,negative"
5697,"negative,negative"
5698,"positive,positive"
5699,"positive,positive"
5700,"negative,negative"
5701,"positive,positive"
5702,"positive,positive"
5703,"neutral,neutral"
5704,"positive,positive"
5705,"positive,positive"
5706,"positive,positive"
5707,"negative,negative"
5708,"positive,positive"
5709,"neutral,neutral"
5710,"neutral,neutral"
5711,"neutral,neutral"
5712,"positive,positive"
5713,"negative,negative"
5714,"negative,negative"
5715,"positive,positive"
5716,"neutral,neutral"
5717,"negative,negative"
5718,"negative,negative"
5719,"neutral,neutral"
5720,"neutral,neutral"
5721,"negative,negative"
5722,"negative,negative"
5723,"neutral,neutral"
5724,"neutral,neutral"
5725,"negative,negative"
5726,"positive,positive"
5727,"positive,positive"
5728,"negative,negative"
5729,"positive,positive"
5730,"neutral,neutral"
5731,"positive,positive"
5732,"neutral,neutral"
5733,"positive,positive"
5734,"neutral,neutral"
5735,"positive,positive"
5736,"negative,negative"
5737,"positive,positive"
5738,"neutral,neutral"
5739,"neutral,neutral"
5740,"negative,negative"
5741,"positive,positive"
5742,"negative,negative"
5743,"negative,negative"
5744,"positive,positive"
5745,"negative,negative"
5746,"positive,positive"
5747,"negative,negative"
5748,"positive,positive"
5749,"neutral,neutral"
5750,"positive,positive"
5751,"neutral,neutral"
5752,"positive,positive"
5753,"positive,positive"
5754,"negative,negative"
5755,"neutral,neutral"
5756,"positive,positive"
5757,"negative,negative"
5758,"negative,negative"
5759,"negative,negative"
5760,"positive,positive"
5761,"neutral,neutral"
5762,"positive,positive"
5763,"positive,positive"
5764,"neutral,neutral"
5765,"negative,negative"
5766,"negative,negative"
5767,"neutral,neutral"
5768,"positive,positive"
5769,"negative,negative"
5770,"negative,negative"
5771,"neutral,neutral"
5772,"neutral,neutral"
5773,"positive,positive"
5774,"negative,negative"
5775,"positive,positive"
5776,"negative,negative"
5777,"positive,positive"
5778,"neutral,neutral"
5779,"positive,positive"
5780,"neutral,neutral"
5781,"positive,positive"
5782,"neutral,neutral"
5783,"positive,positive"
5784,"negative,negative"
5785,"negative,negative"
5786,"neutral,neutral"
5787,"negative,negative"
5788,"positive,positive"
5789,"neutral,neutral"
5790,"negative,negative"
5791,"neutral,neutral"
5792,"positive,positive"
5793,"negative,negative"
5794,"positive,positive"
5795,"neutral,neutral"
5796,"positive,positive"
5797,"positive,positive"
5798,"positive,positive"
5799,"negative,negative"
5800,"positive,positive"
5801,"neutral,neutral"
5802,"positive,positive"
5803,"positive,positive"
5804,"negative,negative"
5805,"positive,positive"
5806,"positive,positive"
5807,"neutral,neutral"
5808,"neutral,neutral"
5809,"neutral,neutral"
5810,"positive,positive"
5811,"neutral,neutral"
5812,"positive,positive"
5813,"negative,negative"
5814,"positive,positive"
5815,"neutral,neutral"
5816,"positive,positive"
5817,"positive,positive"
5818,"negative,negative"
5819,"negative,negative"
5820,"positive,positive"
5821,"positive,positive"
5822,"negative,negative"
5823,"positive,positive"
5824,"neutral,neutral"
5825,"positive,positive"
5826,"positive,positive"
5827,"neutral,neutral"
5828,"neutral,neutral"
5829,"positive,positive"
5830,"negative,negative"
5831,"neutral,neutral"
5832,"neutral,neutral"
5833,"positive,positive"
5834,"neutral,neutral"
5835,"positive,positive"
5836,"negative,negative"
5837,"positive,positive"
5838,"negative,negative"
5839,"positive,positive"
5840,"neutral,neutral"
5841,"positive,positive"
5842,"neutral,neutral"
5843,"positive,positive"
5844,"negative,negative"
5845,"positive,positive"
5846,"negative,negative"
5847,"negative,negative"
5848,"neutral,neutral"
5849,"negative,negative"
5850,"neutral,neutral"
5851,"negative,negative"
5852,"neutral,neutral"
5853,"neutral,neutral"
5854,"positive,positive"
5855,"neutral,neutral"
5856,"negative,negative"
5857,"negative,negative"
5858,"neutral,neutral"
5859,"neutral,neutral"
5860,"neutral,neutral"
5861,"positive,positive"
5862,"neutral,neutral"
5863,"positive,positive"
5864,"positive,positive"
5865,"positive,positive"
5866,"negative,negative"
5867,"positive,positive"
5868,"positive,positive"
5869,"neutral,neutral"
5870,"positive,positive"
5871,"neutral,neutral"
5872,"neutral,neutral"
5873,"positive,positive"
5874,"positive,positive"
5875,"positive,positive"
5876,"negative,negative"
5877,"positive,positive"
5878,"positive,positive"
5879,"positive,positive"
5880,"positive,positive"
5881,"negative,negative"
5882,"neutral,neutral"
5883,"negative,negative"
5884,"neutral,neutral"
5885,"neutral,neutral"
5886,"positive,positive"
5887,"negative,negative"
5888,"neutral,neutral"
5889,"neutral,neutral"
5890,"negative,negative"
5891,"negative,negative"
5892,"negative,negative"
5893,"positive,positive"
5894,"positive,positive"
5895,"positive,positive"
5896,"negative,negative"
5897,"negative,negative"
5898,"positive,positive"
5899,"positive,positive"
5900,"neutral,neutral"
5901,"negative,negative"
5902,"positive,positive"
5903,"neutral,neutral"
5904,"positive,positive"
5905,"positive,positive"
5906,"neutral,neutral"
5907,"negative,negative"
5908,"positive,positive"
5909,"positive,positive"
5910,"negative,negative"
5911,"negative,negative"
5912,"positive,positive"
5913,"positive,positive"
5914,"neutral,neutral"
5915,"neutral,neutral"
5916,"positive,positive"
5917,"negative,negative"
5918,"negative,negative"
5919,"negative,negative"
5920,"positive,positive"
5921,"positive,positive"
5922,"positive,positive"
5923,"neutral,neutral"
5924,"positive,positive"
5925,"negative,negative"
5926,"positive,positive"
5927,"neutral,neutral"
5928,"neutral,neutral"
5929,"neutral,neutral"
5930,"positive,positive"
5931,"negative,negative"
5932,"negative,negative"
5933,"neutral,neutral"
5934,"positive,positive"
5935,"neutral,neutral"
5936,"neutral,neutral"
5937,"neutral,neutral"
5938,"positive,positive"
5939,"negative,negative"
5940,"positive,positive"
5941,"negative,negative"
5942,"positive,positive"
5943,"positive,positive"
5944,"negative,negative"
5945,"neutral,neutral"
5946,"positive,positive"
5947,"negative,negative"
5948,"neutral,neutral"
5949,"negative,negative"
5950,"negative,negative"
5951,"positive,positive"
5952,"negative,negative"
5953,"negative,negative"
5954,"neutral,neutral"
5955,"positive,positive"
5956,"positive,positive"
5957,"neutral,neutral"
5958,"neutral,neutral"
5959,"positive,positive"
5960,"positive,positive"
5961,"negative,negative"
5962,"positive,positive"
5963,"neutral,neutral"
5964,"neutral,neutral"
5965,"positive,positive"
5966,"positive,positive"
5967,"neutral,neutral"
5968,"neutral,neutral"
5969,"positive,positive"
5970,"positive,positive"
5971,"positive,positive"
5972,"negative,negative"
5973,"positive,positive"
5974,"positive,positive"
5975,"negative,negative"
5976,"neutral,neutral"
5977,"positive,positive"
5978,"negative,negative"
5979,"positive,positive"
5980,"negative,negative"
5981,"positive,positive"
5982,"neutral,neutral"
5983,"neutral,neutral"
5984,"negative,negative"
5985,"positive,positive"
5986,"positive,positive"
5987,"neutral,neutral"
5988,"neutral,neutral"
5989,"negative,negative"
5990,"positive,positive"
5991,"neutral,neutral"
5992,"neutral,neutral"
5993,"negative,negative"
5994,"positive,positive"
5995,"neutral,neutral"
5996,"negative,negative"
5997,"neutral,neutral"
5998,"positive,positive"
5999,"negative,negative"
6000,"positive,positive"
6001,"negative,negative"
6002,"neutral,neutral"
6003,"positive,positive"
6004,"neutral,neutral"
6005,"negative,negative"
6006,"positive,positive"
6007,"neutral,neutral"
6008,"negative,negative"
6009,"negative,negative"
6010,"negative,negative"
6011,"neutral,neutral"
6012,"positive,positive"
6013,"positive,positive"
6014,"neutral,neutral"
6015,"positive,positive"
6016,"neutral,neutral"
6017,"positive,positive"
6018,"positive,positive"
6019,"negative,negative"
6020,"neutral,neutral"
6021,"positive,positive"
6022,"positive,positive"
6023,"positive,positive"
6024,"negative,negative"
6025,"positive,positive"
6026,"neutral,neutral"
6027,"neutral,neutral"
6028,"negative,negative"
6029,"neutral,neutral"
6030,"negative,negative"
6031,"negative,negative"
6032,"negative,negative"
6033,"negative,negative"
6034,"positive,positive"
6035,"positive,positive"
6036,"negative,negative"
6037,"negative,negative"
6038,"negative,negative"
6039,"negative,negative"
6040,"positive,positive"
6041,"neutral,neutral"
6042,"neutral,neutral"
6043,"positive,positive"
6044,"negative,negative"
6045,"positive,positive"
6046,"neutral,neutral"
6047,"positive,positive"
6048,"positive,positive"
6049,"neutral,neutral"
6050,"positive,positive"
6051,"neutral,neutral"
6052,"negative,negative"
6053,"positive,positive"
6054,"neutral,neutral"
6055,"positive,positive"
6056,"negative,negative"
6057,"neutral,neutral"
6058,"positive,positive"
6059,"positive,positive"
6060,"positive,positive"
6061,"positive,positive"
6062,"neutral,neutral"
6063,"negative,negative"
6064,"positive,positive"
6065,"positive,positive"
6066,"negative,negative"
6067,"neutral,neutral"
6068,"neutral,neutral"
6069,"negative,negative"
6070,"positive,positive"
6071,"negative,negative"
6072,"negative,negative"
6073,"negative,negative"
6074,"negative,negative"
6075,"negative,negative"
6076,"neutral,neutral"
6077,"neutral,neutral"
6078,"negative,negative"
6079,"neutral,neutral"
6080,"neutral,neutral"
6081,"neutral,neutral"
6082,"negative,negative"
6083,"negative,negative"
6084,"positive,positive"
6085,"neutral,neutral"
6086,"neutral,neutral"
6087,"neutral,neutral"
6088,"positive,positive"
6089,"negative,negative"
6090,"positive,positive"
6091,"positive,positive"
6092,"positive,positive"
6093,"negative,negative"
6094,"neutral,neutral"
6095,"positive,positive"
6096,"negative,negative"
6097,"negative,negative"
6098,"neutral,neutral"
6099,"neutral,neutral"
6100,"positive,positive"
6101,"positive,positive"
6102,"positive,positive"
6103,"positive,positive"
6104,"positive,positive"
6105,"positive,positive"
6106,"negative,negative"
6107,"positive,positive"
6108,"positive,positive"
6109,"positive,positive"
6110,"positive,positive"
6111,"positive,positive"
6112,"positive,positive"
6113,"neutral,neutral"
6114,"positive,positive"
6115,"neutral,neutral"
6116,"positive,positive"
6117,"positive,positive"
6118,"neutral,neutral"
6119,"neutral,neutral"
6120,"positive,positive"
6121,"neutral,neutral"
6122,"positive,positive"
6123,"neutral,neutral"
6124,"neutral,neutral"
6125,"positive,positive"
6126,"positive,positive"
6127,"positive,positive"
6128,"positive,positive"
6129,"positive,positive"
6130,"neutral,neutral"
6131,"positive,positive"
6132,"positive,positive"
6133,"negative,negative"
6134,"positive,positive"
6135,"negative,negative"
6136,"positive,positive"
6137,"positive,positive"
6138,"neutral,neutral"
6139,"positive,positive"
6140,"neutral,neutral"
6141,"positive,positive"
6142,"positive,positive"
6143,"positive,positive"
6144,"positive,positive"
6145,"positive,positive"
6146,"neutral,neutral"
6147,"positive,positive"
6148,"positive,positive"
6149,"neutral,neutral"
6150,"negative,negative"
6151,"neutral,neutral"
6152,"positive,positive"
6153,"positive,positive"
6154,"neutral,neutral"
6155,"neutral,neutral"
6156,"positive,positive"
6157,"neutral,neutral"
6158,"neutral,neutral"
6159,"neutral,neutral"
6160,"neutral,neutral"
6161,"negative,negative"
6162,"positive,positive"
6163,"negative,negative"
6164,"neutral,neutral"
6165,"positive,positive"
6166,"neutral,neutral"
6167,"positive,positive"
6168,"positive,positive"
6169,"positive,positive"
6170,"negative,negative"
6171,"negative,negative"
6172,"positive,positive"
6173,"neutral,neutral"
6174,"negative,negative"
6175,"negative,negative"
6176,"positive,positive"
6177,"positive,positive"
6178,"negative,negative"
6179,"positive,positive"
6180,"negative,negative"
6181,"positive,positive"
6182,"positive,positive"
6183,"positive,positive"
6184,"neutral,neutral"
6185,"negative,negative"
6186,"positive,positive"
6187,"neutral,neutral"
6188,"positive,positive"
6189,"positive,positive"
6190,"positive,positive"
6191,"positive,positive"
6192,"positive,positive"
6193,"positive,positive"
6194,"positive,positive"
6195,"positive,positive"
6196,"positive,positive"
6197,"negative,negative"
6198,"neutral,neutral"
6199,"neutral,neutral"
6200,"positive,positive"
6201,"neutral,neutral"
6202,"positive,positive"
6203,"neutral,neutral"
6204,"neutral,neutral"
6205,"positive,positive"
6206,"positive,positive"
6207,"positive,positive"
6208,"neutral,neutral"
6209,"positive,positive"
6210,"neutral,neutral"
6211,"positive,positive"
6212,"neutral,neutral"
6213,"positive,positive"
6214,"positive,positive"
6215,"positive,positive"
6216,"positive,positive"
6217,"positive,positive"
6218,"negative,negative"
6219,"neutral,neutral"
6220,"neutral,neutral"
6221,"positive,positive"
6222,"negative,negative"
6223,"neutral,neutral"
6224,"neutral,neutral"
6225,"positive,positive"
6226,"positive,positive"
6227,"neutral,neutral"
6228,"neutral,neutral"
6229,"neutral,neutral"
6230,"positive,positive"
6231,"neutral,neutral"
6232,"positive,positive"
6233,"positive,positive"
6234,"positive,positive"
6235,"positive,positive"
6236,"positive,positive"
6237,"negative,negative"
6238,"positive,positive"
6239,"positive,positive"
6240,"positive,positive"
6241,"neutral,neutral"
6242,"neutral,neutral"
6243,"negative,negative"
6244,"neutral,neutral"
6245,"negative,negative"
6246,"negative,negative"
6247,"neutral,neutral"
6248,"negative,negative"
6249,"neutral,neutral"
6250,"negative,negative"
6251,"positive,positive"
6252,"neutral,neutral"
6253,"negative,negative"
6254,"negative,negative"
6255,"positive,positive"
6256,"neutral,neutral"
6257,"negative,negative"
6258,"negative,negative"
6259,"negative,negative"
6260,"positive,positive"
6261,"neutral,neutral"
6262,"positive,positive"
6263,"positive,positive"
6264,"positive,positive"
6265,"positive,positive"
6266,"positive,positive"
6267,"positive,positive"
6268,"neutral,neutral"
6269,"neutral,neutral"
6270,"positive,positive"
6271,"positive,positive"
6272,"negative,negative"
6273,"neutral,neutral"
6274,"negative,negative"
6275,"negative,negative"
6276,"negative,negative"
6277,"negative,negative"
6278,"neutral,neutral"
6279,"neutral,neutral"
6280,"neutral,neutral"
6281,"positive,positive"
6282,"positive,positive"
6283,"negative,negative"
6284,"negative,negative"
6285,"neutral,neutral"
6286,"negative,negative"
6287,"positive,positive"
6288,"positive,positive"
6289,"neutral,neutral"
6290,"neutral,neutral"
6291,"neutral,neutral"
6292,"positive,positive"
6293,"negative,negative"
6294,"negative,negative"
6295,"neutral,neutral"
6296,"negative,negative"
6297,"positive,positive"
6298,"negative,negative"
6299,"positive,positive"
6300,"positive,positive"
6301,"neutral,neutral"
6302,"positive,positive"
6303,"neutral,neutral"
6304,"neutral,neutral"
6305,"neutral,neutral"
6306,"positive,positive"
6307,"positive,positive"
6308,"positive,positive"
6309,"positive,positive"
6310,"neutral,neutral"
6311,"positive,positive"
6312,"neutral,neutral"
6313,"positive,positive"
6314,"positive,positive"
6315,"positive,positive"
6316,"neutral,neutral"
6317,"neutral,neutral"
6318,"negative,negative"
6319,"neutral,neutral"
6320,"negative,negative"
6321,"neutral,neutral"
6322,"neutral,neutral"
6323,"positive,positive"
6324,"negative,negative"
6325,"positive,positive"
6326,"positive,positive"
6327,"neutral,neutral"
6328,"neutral,neutral"
6329,"negative,negative"
6330,"positive,positive"
6331,"positive,positive"
6332,"positive,positive"
6333,"positive,positive"
6334,"positive,positive"
6335,"positive,positive"
6336,"neutral,neutral"
6337,"negative,negative"
6338,"negative,negative"
6339,"positive,positive"
6340,"neutral,neutral"
6341,"positive,positive"
6342,"positive,positive"
6343,"neutral,neutral"
6344,"positive,positive"
6345,"positive,positive"
6346,"positive,positive"
6347,"neutral,neutral"
6348,"positive,positive"
6349,"positive,positive"
6350,"positive,positive"
6351,"neutral,neutral"
6352,"positive,positive"
6353,"negative,negative"
6354,"neutral,neutral"
6355,"positive,positive"
6356,"positive,positive"
6357,"positive,positive"
6358,"negative,negative"
6359,"neutral,neutral"
6360,"positive,positive"
6361,"positive,positive"
6362,"neutral,neutral"
6363,"negative,negative"
6364,"positive,positive"
6365,"negative,negative"
6366,"positive,positive"
6367,"positive,positive"
6368,"positive,positive"
6369,"positive,positive"
6370,"positive,positive"
6371,"negative,negative"
6372,"positive,positive"
6373,"negative,negative"
6374,"neutral,neutral"
6375,"negative,negative"
6376,"neutral,neutral"
6377,"positive,positive"
6378,"neutral,neutral"
6379,"positive,positive"
6380,"negative,negative"
6381,"positive,positive"
6382,"positive,positive"
6383,"negative,negative"
6384,"positive,positive"
6385,"neutral,neutral"
6386,"negative,negative"
6387,"neutral,neutral"
6388,"positive,positive"
6389,"negative,negative"
6390,"positive,positive"
6391,"neutral,neutral"
6392,"positive,positive"
6393,"positive,positive"
6394,"negative,negative"
6395,"neutral,neutral"
6396,"positive,positive"
6397,"neutral,neutral"
6398,"neutral,neutral"
6399,"positive,positive"
6400,"neutral,neutral"
6401,"positive,positive"
6402,"positive,positive"
6403,"neutral,neutral"
6404,"neutral,neutral"
6405,"neutral,neutral"
6406,"positive,positive"
6407,"positive,positive"
6408,"negative,negative"
6409,"negative,negative"
6410,"positive,positive"
6411,"positive,positive"
6412,"negative,negative"
6413,"negative,negative"
6414,"positive,positive"
6415,"negative,negative"
6416,"positive,positive"
6417,"negative,negative"
6418,"positive,positive"
6419,"positive,positive"
6420,"negative,negative"
6421,"positive,positive"
6422,"positive,positive"
6423,"positive,positive"
6424,"neutral,neutral"
6425,"positive,positive"
6426,"neutral,neutral"
6427,"negative,negative"
6428,"positive,positive"
6429,"neutral,neutral"
6430,"neutral,neutral"
6431,"neutral,neutral"
6432,"negative,negative"
6433,"neutral,neutral"
6434,"positive,positive"
6435,"positive,positive"
6436,"positive,positive"
6437,"negative,negative"
6438,"positive,positive"
6439,"neutral,neutral"
6440,"negative,negative"
6441,"negative,negative"
6442,"neutral,neutral"
6443,"negative,negative"
6444,"positive,positive"
6445,"negative,negative"
6446,"neutral,neutral"
6447,"negative,negative"
6448,"negative,negative"
6449,"neutral,neutral"
6450,"positive,positive"
6451,"positive,positive"
6452,"positive,positive"
6453,"positive,positive"
6454,"positive,positive"
6455,"neutral,neutral"
6456,"negative,negative"
6457,"positive,positive"
6458,"negative,negative"
6459,"negative,negative"
6460,"positive,positive"
6461,"neutral,neutral"
6462,"neutral,neutral"
6463,"positive,positive"
6464,"positive,positive"
6465,"neutral,neutral"
6466,"neutral,neutral"
6467,"neutral,neutral"
6468,"positive,positive"
6469,"neutral,neutral"
6470,"neutral,neutral"
6471,"neutral,neutral"
6472,"negative,negative"
6473,"positive,positive"
6474,"positive,positive"
6475,"negative,negative"
6476,"positive,positive"
6477,"neutral,neutral"
6478,"neutral,neutral"
6479,"positive,positive"
6480,"positive,positive"
6481,"neutral,neutral"
6482,"neutral,neutral"
6483,"positive,positive"
6484,"positive,positive"
6485,"neutral,neutral"
6486,"negative,negative"
6487,"negative,negative"
6488,"positive,positive"
6489,"positive,positive"
6490,"positive,positive"
6491,"negative,negative"
6492,"negative,negative"
6493,"negative,negative"
6494,"neutral,neutral"
6495,"positive,positive"
6496,"negative,negative"
6497,"negative,negative"
6498,"positive,positive"
6499,"positive,positive"
6500,"positive,positive"
6501,"positive,positive"
6502,"neutral,neutral"
6503,"neutral,neutral"
6504,"neutral,neutral"
6505,"neutral,neutral"
6506,"positive,positive"
6507,"negative,negative"
6508,"neutral,neutral"
6509,"negative,negative"
6510,"positive,positive"
6511,"negative,negative"
6512,"positive,positive"
6513,"neutral,neutral"
6514,"neutral,neutral"
6515,"positive,positive"
6516,"positive,positive"
6517,"neutral,neutral"
6518,"neutral,neutral"
6519,"negative,negative"
6520,"positive,positive"
6521,"positive,positive"
6522,"neutral,neutral"
6523,"neutral,neutral"
6524,"neutral,neutral"
6525,"neutral,neutral"
6526,"neutral,neutral"
6527,"positive,positive"
6528,"positive,positive"
6529,"positive,positive"
6530,"positive,positive"
6531,"negative,negative"
6532,"positive,positive"
6533,"neutral,neutral"
6534,"positive,positive"
6535,"positive,positive"
6536,"positive,positive"
6537,"positive,positive"
6538,"positive,positive"
6539,"positive,positive"
6540,"negative,negative"
6541,"positive,positive"
6542,"negative,negative"
6543,"negative,negative"
6544,"positive,positive"
6545,"negative,negative"
6546,"positive,positive"
6547,"negative,negative"
6548,"positive,positive"
6549,"neutral,neutral"
6550,"positive,positive"
6551,"positive,positive"
6552,"positive,positive"
6553,"positive,positive"
6554,"neutral,neutral"
6555,"neutral,neutral"
6556,"positive,positive"
6557,"negative,negative"
6558,"positive,positive"
6559,"neutral,neutral"
6560,"neutral,neutral"
6561,"positive,positive"
6562,"negative,negative"
6563,"neutral,neutral"
6564,"positive,positive"
6565,"positive,positive"
6566,"negative,negative"
6567,"negative,negative"
6568,"positive,positive"
6569,"negative,negative"
6570,"neutral,neutral"
6571,"positive,positive"
6572,"neutral,neutral"
6573,"positive,positive"
6574,"neutral,neutral"
6575,"neutral,neutral"
6576,"neutral,neutral"
6577,"neutral,neutral"
6578,"positive,positive"
6579,"neutral,neutral"
6580,"positive,positive"
6581,"positive,positive"
6582,"negative,negative"
6583,"negative,negative"
6584,"negative,negative"
6585,"negative,negative"
6586,"positive,positive"
6587,"neutral,neutral"
6588,"neutral,neutral"
6589,"negative,negative"
6590,"neutral,neutral"
6591,"negative,negative"
6592,"neutral,neutral"
6593,"positive,positive"
6594,"neutral,neutral"
6595,"neutral,neutral"
6596,"negative,negative"
6597,"neutral,neutral"
6598,"neutral,neutral"
6599,"neutral,neutral"
6600,"neutral,neutral"
6601,"negative,negative"
6602,"positive,positive"
6603,"neutral,neutral"
6604,"positive,positive"
6605,"positive,positive"
6606,"negative,negative"
6607,"neutral,neutral"
6608,"positive,positive"
6609,"neutral,neutral"
6610,"positive,positive"
6611,"positive,positive"
6612,"positive,positive"
6613,"neutral,neutral"
6614,"positive,positive"
6615,"positive,positive"
6616,"negative,negative"
6617,"positive,positive"
6618,"positive,positive"
6619,"positive,positive"
6620,"positive,positive"
6621,"positive,positive"
6622,"neutral,neutral"
6623,"positive,positive"
6624,"neutral,neutral"
6625,"neutral,neutral"
6626,"positive,positive"
6627,"positive,positive"
6628,"positive,positive"
6629,"positive,positive"
6630,"positive,positive"
6631,"neutral,neutral"
6632,"neutral,neutral"
6633,"positive,positive"
6634,"neutral,neutral"
6635,"neutral,neutral"
6636,"positive,positive"
6637,"neutral,neutral"
6638,"negative,negative"
6639,"positive,positive"
6640,"positive,positive"
6641,"neutral,neutral"
6642,"negative,negative"
6643,"positive,positive"
6644,"negative,negative"
6645,"neutral,neutral"
6646,"negative,negative"
6647,"positive,positive"
6648,"positive,positive"
6649,"positive,positive"
6650,"negative,negative"
6651,"negative,negative"
6652,"neutral,neutral"
6653,"positive,positive"
6654,"neutral,neutral"
6655,"neutral,neutral"
6656,"positive,positive"
6657,"neutral,neutral"
6658,"positive,positive"
6659,"neutral,neutral"
6660,"neutral,neutral"
6661,"positive,positive"
6662,"neutral,neutral"
6663,"positive,positive"
6664,"neutral,neutral"
6665,"positive,positive"
6666,"positive,positive"
6667,"positive,positive"
6668,"negative,negative"
6669,"positive,positive"
6670,"positive,positive"
6671,"neutral,neutral"
6672,"neutral,neutral"
6673,"neutral,neutral"
6674,"negative,negative"
6675,"negative,negative"
6676,"positive,positive"
6677,"neutral,neutral"
6678,"positive,positive"
6679,"neutral,neutral"
6680,"positive,positive"
6681,"positive,positive"
6682,"positive,positive"
6683,"negative,negative"
6684,"positive,positive"
6685,"positive,positive"
6686,"positive,positive"
6687,"positive,positive"
6688,"negative,negative"
6689,"neutral,neutral"
6690,"positive,positive"
6691,"neutral,neutral"
6692,"neutral,neutral"
6693,"positive,positive"
6694,"positive,positive"
6695,"neutral,neutral"
6696,"positive,positive"
6697,"negative,negative"
6698,"positive,positive"
6699,"positive,positive"
6700,"neutral,neutral"
6701,"neutral,neutral"
6702,"negative,negative"
6703,"negative,negative"
6704,"neutral,neutral"
6705,"positive,positive"
6706,"neutral,neutral"
6707,"negative,negative"
6708,"neutral,neutral"
6709,"negative,negative"
6710,"neutral,neutral"
6711,"neutral,neutral"
6712,"neutral,neutral"
6713,"positive,positive"
6714,"neutral,neutral"
6715,"positive,positive"
6716,"negative,negative"
6717,"neutral,neutral"
6718,"neutral,neutral"
6719,"negative,negative"
6720,"positive,positive"
6721,"positive,positive"
6722,"neutral,neutral"
6723,"negative,negative"
6724,"positive,positive"
6725,"positive,positive"
6726,"positive,positive"
6727,"positive,positive"
6728,"positive,positive"
6729,"neutral,neutral"
6730,"positive,positive"
6731,"positive,positive"
6732,"negative,negative"
6733,"positive,positive"
6734,"positive,positive"
6735,"negative,negative"
6736,"positive,positive"
6737,"positive,positive"
6738,"neutral,neutral"
6739,"neutral,neutral"
6740,"neutral,neutral"
6741,"positive,positive"
6742,"neutral,neutral"
6743,"positive,positive"
6744,"negative,negative"
6745,"neutral,neutral"
6746,"negative,negative"
6747,"neutral,neutral"
6748,"negative,negative"
6749,"neutral,neutral"
6750,"positive,positive"
6751,"positive,positive"
6752,"positive,positive"
6753,"positive,positive"
6754,"positive,positive"
6755,"neutral,neutral"
6756,"positive,positive"
6757,"positive,positive"
6758,"neutral,neutral"
6759,"neutral,neutral"
6760,"negative,negative"
6761,"neutral,neutral"
6762,"positive,positive"
6763,"neutral,neutral"
6764,"neutral,neutral"
6765,"negative,negative"
6766,"negative,negative"
6767,"negative,negative"
6768,"negative,negative"
6769,"positive,positive"
6770,"neutral,neutral"
6771,"positive,positive"
6772,"negative,negative"
6773,"neutral,neutral"
6774,"negative,negative"
6775,"positive,positive"
6776,"positive,positive"
6777,"neutral,neutral"
6778,"neutral,neutral"
6779,"neutral,neutral"
6780,"negative,negative"
6781,"negative,negative"
6782,"negative,negative"
6783,"neutral,neutral"
6784,"neutral,neutral"
6785,"negative,negative"
6786,"negative,negative"
6787,"negative,negative"
6788,"neutral,neutral"
6789,"positive,positive"
6790,"negative,negative"
6791,"positive,positive"
6792,"positive,positive"
6793,"neutral,neutral"
6794,"neutral,neutral"
6795,"neutral,neutral"
6796,"negative,negative"
6797,"positive,positive"
6798,"neutral,neutral"
6799,"negative,negative"
6800,"neutral,neutral"
6801,"positive,positive"
6802,"positive,positive"
6803,"positive,positive"
6804,"neutral,neutral"
6805,"negative,negative"
6806,"neutral,neutral"
6807,"positive,positive"
6808,"positive,positive"
6809,"positive,positive"
6810,"positive,positive"
6811,"neutral,neutral"
6812,"positive,positive"
6813,"negative,negative"
6814,"neutral,neutral"
6815,"positive,positive"
6816,"negative,negative"
6817,"neutral,neutral"
6818,"positive,positive"
6819,"positive,positive"
6820,"positive,positive"
6821,"negative,negative"
6822,"negative,negative"
6823,"neutral,neutral"
6824,"negative,negative"
6825,"neutral,neutral"
6826,"negative,negative"
6827,"neutral,neutral"
6828,"positive,positive"
6829,"positive,positive"
6830,"negative,negative"
6831,"positive,positive"
6832,"positive,positive"
6833,"positive,positive"
6834,"negative,negative"
6835,"neutral,neutral"
6836,"neutral,neutral"
6837,"negative,negative"
6838,"positive,positive"
6839,"positive,positive"
6840,"positive,positive"
6841,"neutral,neutral"
6842,"positive,positive"
6843,"negative,negative"
6844,"neutral,neutral"
6845,"neutral,neutral"
6846,"positive,positive"
6847,"positive,positive"
6848,"neutral,neutral"
6849,"negative,negative"
6850,"positive,positive"
6851,"neutral,neutral"
6852,"negative,negative"
6853,"positive,positive"
6854,"positive,positive"
6855,"negative,negative"
6856,"neutral,neutral"
6857,"neutral,neutral"
6858,"positive,positive"
6859,"neutral,neutral"
6860,"neutral,neutral"
6861,"negative,negative"
6862,"positive,positive"
6863,"neutral,neutral"
6864,"positive,positive"
6865,"positive,positive"
6866,"negative,negative"
6867,"negative,negative"
6868,"neutral,neutral"
6869,"positive,positive"
6870,"neutral,neutral"
6871,"neutral,neutral"
6872,"neutral,neutral"
6873,"positive,positive"
6874,"neutral,neutral"
6875,"positive,positive"
6876,"neutral,neutral"
6877,"negative,negative"
6878,"positive,positive"
6879,"neutral,neutral"
6880,"positive,positive"
6881,"neutral,neutral"
6882,"neutral,neutral"
6883,"negative,negative"
6884,"negative,negative"
6885,"negative,negative"
6886,"positive,positive"
6887,"negative,negative"
6888,"positive,positive"
6889,"negative,negative"
6890,"negative,negative"
6891,"positive,positive"
6892,"neutral,neutral"
6893,"negative,negative"
6894,"neutral,neutral"
6895,"positive,positive"
6896,"neutral,neutral"
6897,"negative,negative"
6898,"neutral,neutral"
6899,"negative,negative"
6900,"negative,negative"
6901,"negative,negative"
6902,"positive,positive"
6903,"neutral,neutral"
6904,"neutral,neutral"
6905,"neutral,neutral"
6906,"positive,positive"
6907,"neutral,neutral"
6908,"negative,negative"
6909,"negative,negative"
6910,"neutral,neutral"
6911,"neutral,neutral"
6912,"positive,positive"
6913,"negative,negative"
6914,"negative,negative"
6915,"neutral,neutral"
6916,"negative,negative"
6917,"neutral,neutral"
6918,"negative,negative"
6919,"neutral,neutral"
6920,"positive,positive"
6921,"negative,negative"
6922,"positive,positive"
6923,"negative,negative"
6924,"positive,positive"
6925,"positive,positive"
6926,"negative,negative"
6927,"negative,negative"
6928,"neutral,neutral"
6929,"positive,positive"
6930,"negative,negative"
6931,"negative,negative"
6932,"neutral,neutral"
6933,"neutral,neutral"
6934,"neutral,neutral"
6935,"negative,negative"
6936,"negative,negative"
6937,"negative,negative"
6938,"negative,negative"
6939,"positive,positive"
6940,"positive,positive"
6941,"neutral,neutral"
6942,"positive,positive"
6943,"negative,negative"
6944,"negative,negative"
6945,"neutral,neutral"
6946,"neutral,neutral"
6947,"negative,negative"
6948,"neutral,neutral"
6949,"negative,negative"
6950,"negative,negative"
6951,"negative,negative"
6952,"negative,negative"
6953,"positive,positive"
6954,"positive,positive"
6955,"positive,positive"
6956,"neutral,neutral"
6957,"positive,positive"
6958,"positive,positive"
6959,"positive,positive"
6960,"positive,positive"
6961,"negative,negative"
6962,"neutral,neutral"
6963,"positive,positive"
6964,"positive,positive"
6965,"positive,positive"
6966,"neutral,neutral"
6967,"negative,negative"
6968,"positive,positive"
6969,"neutral,neutral"
6970,"positive,positive"
6971,"neutral,neutral"
6972,"negative,negative"
6973,"neutral,neutral"
6974,"neutral,neutral"
6975,"positive,positive"
6976,"neutral,neutral"
6977,"positive,positive"
6978,"positive,positive"
6979,"neutral,neutral"
6980,"positive,positive"
6981,"positive,positive"
6982,"neutral,neutral"
6983,"positive,positive"
6984,"positive,positive"
6985,"neutral,neutral"
6986,"neutral,neutral"
6987,"positive,positive"
6988,"negative,negative"
6989,"positive,positive"
6990,"neutral,neutral"
6991,"neutral,neutral"
6992,"neutral,neutral"
6993,"negative,negative"
6994,"positive,positive"
6995,"positive,positive"
6996,"positive,positive"
6997,"neutral,neutral"
6998,"positive,positive"
6999,"neutral,neutral"
7000,"neutral,neutral"
7001,"neutral,neutral"
7002,"positive,positive"
7003,"neutral,neutral"
7004,"neutral,neutral"
7005,"positive,positive"
7006,"neutral,neutral"
7007,"positive,positive"
7008,"positive,positive"
7009,"positive,positive"
7010,"positive,positive"
7011,"negative,negative"
7012,"neutral,neutral"
7013,"neutral,neutral"
7014,"neutral,neutral"
7015,"negative,negative"
7016,"positive,positive"
7017,"neutral,neutral"
7018,"neutral,neutral"
7019,"negative,negative"
7020,"negative,negative"
7021,"negative,negative"
7022,"neutral,neutral"
7023,"positive,positive"
7024,"neutral,neutral"
7025,"negative,negative"
7026,"positive,positive"
7027,"negative,negative"
7028,"neutral,neutral"
7029,"positive,positive"
7030,"neutral,neutral"
7031,"positive,positive"
7032,"neutral,neutral"
7033,"positive,positive"
7034,"negative,negative"
7035,"neutral,neutral"
7036,"positive,positive"
7037,"positive,positive"
7038,"neutral,neutral"
7039,"negative,negative"
7040,"positive,positive"
7041,"neutral,neutral"
7042,"neutral,neutral"
7043,"neutral,neutral"
7044,"positive,positive"
7045,"neutral,neutral"
7046,"negative,negative"
7047,"positive,positive"
7048,"negative,negative"
7049,"neutral,neutral"
7050,"positive,positive"
7051,"negative,negative"
7052,"positive,positive"
7053,"neutral,neutral"
7054,"negative,negative"
7055,"positive,positive"
7056,"negative,negative"
7057,"negative,negative"
7058,"positive,positive"
7059,"neutral,neutral"
7060,"negative,negative"
7061,"negative,negative"
7062,"positive,positive"
7063,"neutral,neutral"
7064,"negative,negative"
7065,"positive,positive"
7066,"positive,positive"
7067,"neutral,neutral"
7068,"negative,negative"
7069,"negative,negative"
7070,"positive,positive"
7071,"negative,negative"
7072,"positive,positive"
7073,"negative,negative"
7074,"negative,negative"
7075,"negative,negative"
7076,"negative,negative"
7077,"neutral,neutral"
7078,"positive,positive"
7079,"negative,negative"
7080,"negative,negative"
7081,"neutral,neutral"
7082,"neutral,neutral"
7083,"positive,positive"
7084,"neutral,neutral"
7085,"negative,negative"
7086,"negative,negative"
7087,"positive,positive"
7088,"negative,negative"
7089,"neutral,neutral"
7090,"positive,positive"
7091,"neutral,neutral"
7092,"negative,negative"
7093,"neutral,neutral"
7094,"negative,negative"
7095,"negative,negative"
7096,"positive,positive"
7097,"positive,positive"
7098,"positive,positive"
7099,"neutral,neutral"
7100,"neutral,neutral"
7101,"positive,positive"
7102,"neutral,neutral"
7103,"neutral,neutral"
7104,"negative,negative"
7105,"positive,positive"
7106,"negative,negative"
7107,"positive,positive"
7108,"neutral,neutral"
7109,"negative,negative"
7110,"positive,positive"
7111,"neutral,neutral"
7112,"neutral,neutral"
7113,"positive,positive"
7114,"neutral,neutral"
7115,"positive,positive"
7116,"negative,negative"
7117,"positive,positive"
7118,"negative,negative"
7119,"positive,positive"
7120,"negative,negative"
7121,"negative,negative"
7122,"neutral,neutral"
7123,"neutral,neutral"
7124,"negative,negative"
7125,"negative,negative"
7126,"negative,negative"
7127,"positive,positive"
7128,"neutral,neutral"
7129,"neutral,neutral"
7130,"neutral,neutral"
7131,"negative,negative"
7132,"positive,positive"
7133,"negative,negative"
7134,"neutral,neutral"
7135,"positive,positive"
7136,"positive,positive"
7137,"neutral,neutral"
7138,"positive,positive"
7139,"positive,positive"
7140,"neutral,neutral"
7141,"neutral,neutral"
7142,"positive,positive"
7143,"positive,positive"
7144,"positive,positive"
7145,"neutral,neutral"
7146,"neutral,neutral"
7147,"positive,positive"
7148,"positive,positive"
7149,"neutral,neutral"
7150,"negative,negative"
7151,"positive,positive"
7152,"negative,negative"
7153,"positive,positive"
7154,"positive,positive"
7155,"negative,negative"
7156,"positive,positive"
7157,"positive,positive"
7158,"negative,negative"
7159,"negative,negative"
7160,"neutral,neutral"
7161,"negative,negative"
7162,"positive,positive"
7163,"negative,negative"
7164,"negative,negative"
7165,"negative,negative"
7166,"neutral,neutral"
7167,"negative,negative"
7168,"positive,positive"
7169,"positive,positive"
7170,"positive,positive"
7171,"positive,positive"
7172,"positive,positive"
7173,"positive,positive"
7174,"neutral,neutral"
7175,"negative,negative"
7176,"neutral,neutral"
7177,"positive,positive"
7178,"neutral,neutral"
7179,"positive,positive"
7180,"neutral,neutral"
7181,"neutral,neutral"
7182,"neutral,neutral"
7183,"neutral,neutral"
7184,"negative,negative"
7185,"neutral,neutral"
7186,"neutral,neutral"
7187,"positive,positive"
7188,"neutral,neutral"
7189,"neutral,neutral"
7190,"positive,positive"
7191,"positive,positive"
7192,"neutral,neutral"
7193,"positive,positive"
7194,"negative,negative"
7195,"neutral,neutral"
7196,"positive,positive"
7197,"positive,positive"
7198,"neutral,neutral"
7199,"negative,negative"
7200,"positive,positive"
7201,"neutral,neutral"
7202,"positive,positive"
7203,"positive,positive"
7204,"positive,positive"
7205,"positive,positive"
7206,"positive,positive"
7207,"neutral,neutral"
7208,"positive,positive"
7209,"positive,positive"
7210,"positive,positive"
7211,"positive,positive"
7212,"positive,positive"
7213,"positive,positive"
7214,"positive,positive"
7215,"positive,positive"
7216,"positive,positive"
7217,"positive,positive"
7218,"neutral,neutral"
7219,"positive,positive"
7220,"positive,positive"
7221,"neutral,neutral"
7222,"neutral,neutral"
7223,"positive,positive"
7224,"neutral,neutral"
7225,"positive,positive"
7226,"positive,positive"
7227,"positive,positive"
7228,"positive,positive"
7229,"neutral,neutral"
7230,"neutral,neutral"
7231,"neutral,neutral"
7232,"positive,positive"
7233,"positive,positive"
7234,"neutral,neutral"
7235,"positive,positive"
7236,"positive,positive"
7237,"positive,positive"
7238,"positive,positive"
7239,"positive,positive"
7240,"positive,positive"
7241,"neutral,neutral"
7242,"positive,positive"
7243,"neutral,neutral"
7244,"positive,positive"
7245,"positive,positive"
7246,"neutral,neutral"
7247,"positive,positive"
7248,"positive,positive"
7249,"positive,positive"
7250,"positive,positive"
7251,"positive,positive"
7252,"negative,negative"
7253,"neutral,neutral"
7254,"neutral,neutral"
7255,"neutral,neutral"
7256,"negative,negative"
7257,"positive,positive"
7258,"positive,positive"
7259,"positive,positive"
7260,"neutral,neutral"
7261,"positive,positive"
7262,"positive,positive"
7263,"positive,positive"
7264,"neutral,neutral"
7265,"neutral,neutral"
7266,"positive,positive"
7267,"positive,positive"
7268,"positive,positive"
7269,"positive,positive"
7270,"neutral,neutral"
7271,"neutral,neutral"
7272,"neutral,neutral"
7273,"negative,negative"
7274,"positive,positive"
7275,"neutral,neutral"
7276,"positive,positive"
7277,"positive,positive"
7278,"positive,positive"
7279,"positive,positive"
7280,"neutral,neutral"
7281,"negative,negative"
7282,"positive,positive"
7283,"neutral,neutral"
7284,"neutral,neutral"
7285,"neutral,neutral"
7286,"positive,positive"
7287,"positive,positive"
7288,"positive,positive"
7289,"positive,positive"
7290,"neutral,neutral"
7291,"positive,positive"
7292,"neutral,neutral"
7293,"positive,positive"
7294,"positive,positive"
7295,"positive,positive"
7296,"negative,negative"
7297,"neutral,neutral"
7298,"negative,negative"
7299,"positive,positive"
7300,"positive,positive"
7301,"positive,positive"
7302,"positive,positive"
7303,"positive,positive"
7304,"neutral,neutral"
7305,"positive,positive"
7306,"positive,positive"
7307,"positive,positive"
7308,"positive,positive"
7309,"neutral,neutral"
7310,"negative,negative"
7311,"negative,negative"
7312,"positive,positive"
7313,"positive,positive"
7314,"neutral,neutral"
7315,"neutral,neutral"
7316,"positive,positive"
7317,"positive,positive"
7318,"neutral,neutral"
7319,"positive,positive"
7320,"positive,positive"
7321,"positive,positive"
7322,"positive,positive"
7323,"positive,positive"
7324,"negative,negative"
7325,"positive,positive"
7326,"positive,positive"
7327,"positive,positive"
7328,"negative,negative"
7329,"positive,positive"
7330,"positive,positive"
7331,"positive,positive"
7332,"neutral,neutral"
7333,"positive,positive"
7334,"positive,positive"
7335,"positive,positive"
7336,"positive,positive"
7337,"negative,negative"
7338,"neutral,neutral"
7339,"neutral,neutral"
7340,"positive,positive"
7341,"positive,positive"
7342,"positive,positive"
7343,"neutral,neutral"
7344,"neutral,neutral"
7345,"positive,positive"
7346,"neutral,neutral"
7347,"positive,positive"
7348,"negative,negative"
7349,"positive,positive"
7350,"positive,positive"
7351,"neutral,neutral"
7352,"positive,positive"
7353,"positive,positive"
7354,"positive,positive"
7355,"positive,positive"
7356,"positive,positive"
7357,"positive,positive"
7358,"positive,positive"
7359,"negative,negative"
7360,"positive,positive"
7361,"positive,positive"
7362,"positive,positive"
7363,"neutral,neutral"
7364,"negative,negative"
7365,"positive,positive"
7366,"positive,positive"
7367,"positive,positive"
7368,"positive,positive"
7369,"neutral,neutral"
7370,"positive,positive"
7371,"neutral,neutral"
7372,"positive,positive"
7373,"positive,positive"
7374,"positive,positive"
7375,"positive,positive"
7376,"positive,positive"
7377,"positive,positive"
7378,"neutral,neutral"
7379,"negative,negative"
7380,"positive,positive"
7381,"positive,positive"
7382,"positive,positive"
7383,"positive,positive"
7384,"positive,positive"
7385,"positive,positive"
7386,"neutral,neutral"
7387,"neutral,neutral"
7388,"negative,negative"
7389,"neutral,neutral"
7390,"neutral,neutral"
7391,"positive,positive"
7392,"positive,positive"
7393,"positive,positive"
7394,"neutral,neutral"
7395,"positive,positive"
7396,"positive,positive"
7397,"neutral,neutral"
7398,"negative,negative"
7399,"neutral,neutral"
7400,"positive,positive"
7401,"positive,positive"
7402,"positive,positive"
7403,"neutral,neutral"
7404,"neutral,neutral"
7405,"positive,positive"
7406,"neutral,neutral"
7407,"neutral,neutral"
7408,"positive,positive"
7409,"positive,positive"
7410,"neutral,neutral"
7411,"positive,positive"
7412,"positive,positive"
7413,"negative,negative"
7414,"positive,positive"
7415,"negative,negative"
7416,"positive,positive"
7417,"positive,positive"
7418,"positive,positive"
7419,"neutral,neutral"
7420,"positive,positive"
7421,"positive,positive"
7422,"negative,negative"
7423,"negative,negative"
7424,"positive,positive"
7425,"neutral,neutral"
7426,"positive,positive"
7427,"positive,positive"
7428,"positive,positive"
7429,"neutral,neutral"
7430,"positive,positive"
7431,"positive,positive"
7432,"positive,positive"
7433,"neutral,neutral"
7434,"positive,positive"
7435,"neutral,neutral"
7436,"positive,positive"
7437,"positive,positive"
7438,"positive,positive"
7439,"neutral,neutral"
7440,"negative,negative"
7441,"neutral,neutral"
7442,"positive,positive"
7443,"positive,positive"
7444,"positive,positive"
7445,"negative,negative"
7446,"positive,positive"
7447,"negative,negative"
7448,"neutral,neutral"
7449,"positive,positive"
7450,"positive,positive"
7451,"negative,negative"
7452,"negative,negative"
7453,"positive,positive"
7454,"neutral,neutral"
7455,"positive,positive"
7456,"positive,positive"
7457,"positive,positive"
7458,"positive,positive"
7459,"positive,positive"
7460,"positive,positive"
7461,"positive,positive"
7462,"neutral,neutral"
7463,"neutral,neutral"
7464,"positive,positive"
7465,"positive,positive"
7466,"positive,positive"
7467,"neutral,neutral"
7468,"neutral,neutral"
7469,"positive,positive"
7470,"neutral,neutral"
7471,"positive,positive"
7472,"positive,positive"
7473,"neutral,neutral"
7474,"positive,positive"
7475,"positive,positive"
7476,"positive,positive"
7477,"negative,negative"
7478,"positive,positive"
7479,"neutral,neutral"
7480,"positive,positive"
7481,"neutral,neutral"
7482,"positive,positive"
7483,"positive,positive"
7484,"neutral,neutral"
7485,"positive,positive"
7486,"positive,positive"
7487,"positive,positive"
7488,"neutral,neutral"
7489,"positive,positive"
7490,"neutral,neutral"
7491,"positive,positive"
7492,"positive,positive"
7493,"negative,negative"
7494,"positive,positive"
7495,"positive,positive"
7496,"positive,positive"
7497,"positive,positive"
7498,"negative,negative"
7499,"positive,positive"
7500,"positive,positive"
7501,"positive,positive"
7502,"positive,positive"
7503,"neutral,neutral"
7504,"positive,positive"
7505,"positive,positive"
7506,"negative,negative"
7507,"positive,positive"
7508,"positive,positive"
7509,"positive,positive"
7510,"positive,positive"
7511,"positive,positive"
7512,"positive,positive"
7513,"positive,positive"
7514,"positive,positive"
7515,"positive,positive"
7516,"neutral,neutral"
7517,"positive,positive"
7518,"positive,positive"
7519,"positive,positive"
7520,"positive,positive"
7521,"positive,positive"
7522,"negative,negative"
7523,"neutral,neutral"
7524,"positive,positive"
7525,"positive,positive"
7526,"positive,positive"
7527,"neutral,neutral"
7528,"positive,positive"
7529,"positive,positive"
7530,"positive,positive"
7531,"positive,positive"
7532,"positive,positive"
7533,"positive,positive"
7534,"positive,positive"
7535,"neutral,neutral"
7536,"positive,positive"
7537,"positive,positive"
7538,"positive,positive"
7539,"neutral,neutral"
7540,"neutral,neutral"
7541,"positive,positive"
7542,"positive,positive"
7543,"neutral,neutral"
7544,"negative,negative"
7545,"positive,positive"
7546,"positive,positive"
7547,"positive,positive"
7548,"negative,negative"
7549,"positive,positive"
7550,"negative,negative"
7551,"negative,negative"
7552,"neutral,neutral"
7553,"positive,positive"
7554,"positive,positive"
7555,"positive,positive"
7556,"positive,positive"
7557,"positive,positive"
7558,"positive,positive"
7559,"neutral,neutral"
7560,"positive,positive"
7561,"positive,positive"
7562,"positive,positive"
7563,"positive,positive"
7564,"positive,positive"
7565,"neutral,neutral"
7566,"neutral,neutral"
7567,"positive,positive"
7568,"positive,positive"
7569,"neutral,neutral"
7570,"neutral,neutral"
7571,"neutral,neutral"
7572,"neutral,neutral"
7573,"neutral,neutral"
7574,"negative,negative"
7575,"positive,positive"
7576,"positive,positive"
7577,"positive,positive"
7578,"positive,positive"
7579,"neutral,neutral"
7580,"positive,positive"
7581,"neutral,neutral"
7582,"neutral,neutral"
7583,"positive,positive"
7584,"positive,positive"
7585,"positive,positive"
7586,"positive,positive"
7587,"positive,positive"
7588,"positive,positive"
7589,"positive,positive"
7590,"neutral,neutral"
7591,"positive,positive"
7592,"positive,positive"
7593,"positive,positive"
7594,"positive,positive"
7595,"neutral,neutral"
7596,"neutral,neutral"
7597,"positive,positive"
7598,"neutral,neutral"
7599,"positive,positive"
7600,"positive,positive"
7601,"negative,negative"
7602,"neutral,neutral"
7603,"positive,positive"
7604,"negative,negative"
7605,"positive,positive"
7606,"positive,positive"
7607,"positive,positive"
7608,"neutral,neutral"
7609,"positive,positive"
7610,"negative,negative"
7611,"positive,positive"
7612,"positive,positive"
7613,"negative,negative"
7614,"positive,positive"
7615,"positive,positive"
7616,"neutral,neutral"
7617,"negative,negative"
7618,"negative,negative"
7619,"positive,positive"
7620,"positive,positive"
7621,"neutral,neutral"
7622,"positive,positive"
7623,"positive,positive"
7624,"positive,positive"
7625,"positive,positive"
7626,"positive,positive"
7627,"neutral,neutral"
7628,"positive,positive"
7629,"positive,positive"
7630,"positive,positive"
7631,"positive,positive"
7632,"positive,positive"
7633,"positive,positive"
7634,"positive,positive"
7635,"positive,positive"
7636,"neutral,neutral"
7637,"negative,negative"
7638,"negative,negative"
7639,"positive,positive"
7640,"positive,positive"
7641,"positive,positive"
7642,"positive,positive"
7643,"neutral,neutral"
7644,"neutral,neutral"
7645,"positive,positive"
7646,"positive,positive"
7647,"positive,positive"
7648,"positive,positive"
7649,"positive,positive"
7650,"neutral,neutral"
7651,"positive,positive"
7652,"positive,positive"
7653,"neutral,neutral"
7654,"neutral,neutral"
7655,"positive,positive"
7656,"positive,positive"
7657,"positive,positive"
7658,"positive,positive"
7659,"positive,positive"
7660,"neutral,neutral"
7661,"positive,positive"
7662,"negative,negative"
7663,"neutral,neutral"
7664,"positive,positive"
7665,"negative,negative"
7666,"positive,positive"
7667,"positive,positive"
7668,"positive,positive"
7669,"positive,positive"
7670,"neutral,neutral"
7671,"neutral,neutral"
7672,"positive,positive"
7673,"positive,positive"
7674,"positive,positive"
7675,"neutral,neutral"
7676,"positive,positive"
7677,"neutral,neutral"
7678,"positive,positive"
7679,"positive,positive"
7680,"positive,positive"
7681,"positive,positive"
7682,"negative,negative"
7683,"positive,positive"
7684,"positive,positive"
7685,"positive,positive"
7686,"positive,positive"
7687,"negative,negative"
7688,"positive,positive"
7689,"positive,positive"
7690,"positive,positive"
7691,"neutral,neutral"
7692,"positive,positive"
7693,"neutral,neutral"
7694,"negative,negative"
7695,"positive,positive"
7696,"positive,positive"
7697,"positive,positive"
7698,"neutral,neutral"
7699,"neutral,neutral"
7700,"negative,negative"
7701,"negative,negative"
7702,"positive,positive"
7703,"negative,negative"
7704,"positive,positive"
7705,"neutral,neutral"
7706,"positive,positive"
7707,"positive,positive"
7708,"negative,negative"
7709,"positive,positive"
7710,"neutral,neutral"
7711,"positive,positive"
7712,"negative,negative"
7713,"positive,positive"
7714,"positive,positive"
7715,"positive,positive"
7716,"positive,positive"
7717,"positive,positive"
7718,"neutral,neutral"
7719,"negative,negative"
7720,"positive,positive"
7721,"positive,positive"
7722,"positive,positive"
7723,"neutral,neutral"
7724,"neutral,neutral"
7725,"positive,positive"
7726,"positive,positive"
7727,"neutral,neutral"
7728,"positive,positive"
7729,"positive,positive"
7730,"neutral,neutral"
7731,"neutral,neutral"
7732,"neutral,neutral"
7733,"positive,positive"
7734,"positive,positive"
7735,"neutral,neutral"
7736,"negative,negative"
7737,"neutral,neutral"
7738,"positive,positive"
7739,"positive,positive"
7740,"positive,positive"
7741,"positive,positive"
7742,"neutral,neutral"
7743,"positive,positive"
7744,"neutral,neutral"
7745,"positive,positive"
7746,"positive,positive"
7747,"positive,positive"
7748,"positive,positive"
7749,"positive,positive"
7750,"positive,positive"
7751,"positive,positive"
7752,"positive,positive"
7753,"negative,negative"
7754,"positive,positive"
7755,"neutral,neutral"
7756,"neutral,neutral"
7757,"neutral,neutral"
7758,"neutral,neutral"
7759,"positive,positive"
7760,"positive,positive"
7761,"positive,positive"
7762,"negative,negative"
7763,"positive,positive"
7764,"positive,positive"
7765,"positive,positive"
7766,"positive,positive"
7767,"positive,positive"
7768,"positive,positive"
7769,"negative,negative"
7770,"positive,positive"
7771,"neutral,neutral"
7772,"neutral,neutral"
7773,"neutral,neutral"
7774,"positive,positive"
7775,"positive,positive"
7776,"positive,positive"
7777,"positive,positive"
7778,"negative,negative"
7779,"positive,positive"
7780,"positive,positive"
7781,"neutral,neutral"
7782,"neutral,neutral"
7783,"neutral,neutral"
7784,"neutral,neutral"
7785,"positive,positive"
7786,"negative,negative"
7787,"positive,positive"
7788,"positive,positive"
7789,"positive,positive"
7790,"neutral,neutral"
7791,"negative,negative"
7792,"positive,positive"
7793,"negative,negative"
7794,"positive,positive"
7795,"neutral,neutral"
7796,"negative,negative"
7797,"positive,positive"
7798,"positive,positive"
7799,"neutral,neutral"
7800,"positive,positive"
7801,"neutral,neutral"
7802,"positive,positive"
7803,"negative,negative"
7804,"neutral,neutral"
7805,"neutral,neutral"
7806,"positive,positive"
7807,"positive,positive"
7808,"positive,positive"
7809,"positive,positive"
7810,"neutral,neutral"
7811,"positive,positive"
7812,"negative,negative"
7813,"positive,positive"
7814,"negative,negative"
7815,"negative,negative"
7816,"positive,positive"
7817,"neutral,neutral"
7818,"negative,negative"
7819,"positive,positive"
7820,"neutral,neutral"
7821,"positive,positive"
7822,"positive,positive"
7823,"neutral,neutral"
7824,"positive,positive"
7825,"positive,positive"
7826,"positive,positive"
7827,"negative,negative"
7828,"neutral,neutral"
7829,"neutral,neutral"
7830,"positive,positive"
7831,"positive,positive"
7832,"neutral,neutral"
7833,"positive,positive"
7834,"positive,positive"
7835,"neutral,neutral"
7836,"positive,positive"
7837,"positive,positive"
7838,"positive,positive"
7839,"neutral,neutral"
7840,"neutral,neutral"
7841,"neutral,neutral"
7842,"neutral,neutral"
7843,"positive,positive"
7844,"positive,positive"
7845,"positive,positive"
7846,"negative,negative"
7847,"positive,positive"
7848,"positive,positive"
7849,"positive,positive"
7850,"positive,positive"
7851,"neutral,neutral"
7852,"positive,positive"
7853,"positive,positive"
7854,"positive,positive"
7855,"negative,negative"
7856,"positive,positive"
7857,"neutral,neutral"
7858,"positive,positive"
7859,"positive,positive"
7860,"positive,positive"
7861,"positive,positive"
7862,"positive,positive"
7863,"positive,positive"
7864,"neutral,neutral"
7865,"positive,positive"
7866,"neutral,neutral"
7867,"negative,negative"
7868,"positive,positive"
7869,"negative,negative"
7870,"positive,positive"
7871,"positive,positive"
7872,"positive,positive"
7873,"positive,positive"
7874,"positive,positive"
7875,"neutral,neutral"
7876,"neutral,neutral"
7877,"positive,positive"
7878,"positive,positive"
7879,"positive,positive"
7880,"positive,positive"
7881,"neutral,neutral"
7882,"neutral,neutral"
7883,"positive,positive"
7884,"positive,positive"
7885,"negative,negative"
7886,"neutral,neutral"
7887,"positive,positive"
7888,"positive,positive"
7889,"positive,positive"
7890,"positive,positive"
7891,"negative,negative"
7892,"positive,positive"
7893,"positive,positive"
7894,"positive,positive"
7895,"neutral,neutral"
7896,"positive,positive"
7897,"positive,positive"
7898,"positive,positive"
7899,"positive,positive"
7900,"positive,positive"
7901,"neutral,neutral"
7902,"positive,positive"
7903,"neutral,neutral"
7904,"positive,positive"
7905,"positive,positive"
7906,"negative,negative"
7907,"negative,negative"
7908,"negative,negative"
7909,"positive,positive"
7910,"neutral,neutral"
7911,"positive,positive"
7912,"negative,negative"
7913,"negative,negative"
7914,"positive,positive"
7915,"negative,negative"
7916,"neutral,neutral"
7917,"neutral,neutral"
7918,"neutral,neutral"
7919,"positive,positive"
7920,"negative,negative"
7921,"positive,positive"
7922,"positive,positive"
7923,"positive,positive"
7924,"positive,positive"
7925,"positive,positive"
7926,"positive,positive"
7927,"positive,positive"
7928,"positive,positive"
7929,"positive,positive"
7930,"positive,positive"
7931,"positive,positive"
7932,"neutral,neutral"
7933,"neutral,neutral"
7934,"positive,positive"
7935,"positive,positive"
7936,"positive,positive"
7937,"positive,positive"
7938,"neutral,neutral"
7939,"neutral,neutral"
7940,"positive,positive"
7941,"negative,negative"
7942,"positive,positive"
7943,"positive,positive"
7944,"positive,positive"
7945,"positive,positive"
7946,"neutral,neutral"
7947,"neutral,neutral"
7948,"positive,positive"
7949,"positive,positive"
7950,"positive,positive"
7951,"positive,positive"
7952,"neutral,neutral"
7953,"neutral,neutral"
7954,"positive,positive"
7955,"negative,negative"
7956,"neutral,neutral"
7957,"neutral,neutral"
7958,"neutral,neutral"
7959,"positive,positive"
7960,"positive,positive"
7961,"positive,positive"
7962,"positive,positive"
7963,"positive,positive"
7964,"neutral,neutral"
7965,"positive,positive"
7966,"positive,positive"
7967,"negative,negative"
7968,"positive,positive"
7969,"positive,positive"
7970,"neutral,neutral"
7971,"positive,positive"
7972,"neutral,neutral"
7973,"positive,positive"
7974,"positive,positive"
7975,"positive,positive"
7976,"positive,positive"
7977,"positive,positive"
7978,"positive,positive"
7979,"neutral,neutral"
7980,"positive,positive"
7981,"positive,positive"
7982,"positive,positive"
7983,"neutral,neutral"
7984,"positive,positive"
7985,"negative,negative"
7986,"positive,positive"
7987,"positive,positive"
7988,"neutral,neutral"
7989,"positive,positive"
7990,"positive,positive"
7991,"neutral,neutral"
7992,"neutral,neutral"
7993,"neutral,neutral"
7994,"negative,negative"
7995,"positive,positive"
7996,"neutral,neutral"
7997,"neutral,neutral"
7998,"positive,positive"
7999,"positive,positive"
8000,"positive,positive"
8001,"neutral,neutral"
8002,"positive,positive"
8003,"positive,positive"
8004,"positive,positive"
8005,"positive,positive"
8006,"positive,positive"
8007,"neutral,neutral"
8008,"positive,positive"
8009,"positive,positive"
8010,"positive,positive"
8011,"positive,positive"
8012,"neutral,neutral"
8013,"positive,positive"
8014,"neutral,neutral"
8015,"positive,positive"
8016,"neutral,neutral"
8017,"negative,negative"
8018,"negative,negative"
8019,"neutral,neutral"
8020,"positive,positive"
8021,"positive,positive"
8022,"neutral,neutral"
8023,"positive,positive"
8024,"neutral,neutral"
8025,"positive,positive"
8026,"positive,positive"
8027,"positive,positive"
8028,"positive,positive"
8029,"positive,positive"
8030,"neutral,neutral"
8031,"positive,positive"
8032,"neutral,neutral"
8033,"positive,positive"
8034,"neutral,neutral"
8035,"negative,negative"
8036,"positive,positive"
8037,"positive,positive"
8038,"neutral,neutral"
8039,"negative,negative"
8040,"positive,positive"
8041,"neutral,neutral"
8042,"positive,positive"
8043,"neutral,neutral"
8044,"neutral,neutral"
8045,"neutral,neutral"
8046,"positive,positive"
8047,"neutral,neutral"
8048,"positive,positive"
8049,"positive,positive"
8050,"negative,negative"
8051,"positive,positive"
8052,"positive,positive"
8053,"positive,positive"
8054,"neutral,neutral"
8055,"positive,positive"
8056,"neutral,neutral"
8057,"neutral,neutral"
8058,"positive,positive"
8059,"neutral,neutral"
8060,"neutral,neutral"
8061,"positive,positive"
8062,"positive,positive"
8063,"neutral,neutral"
8064,"positive,positive"
8065,"positive,positive"
8066,"negative,negative"
8067,"negative,negative"
8068,"positive,positive"
8069,"negative,negative"
8070,"negative,negative"
8071,"positive,positive"
8072,"negative,negative"
8073,"positive,positive"
8074,"positive,positive"
8075,"negative,negative"
8076,"positive,positive"
8077,"positive,positive"
8078,"negative,negative"
8079,"positive,positive"
8080,"negative,negative"
8081,"positive,positive"
8082,"positive,positive"
8083,"positive,positive"
8084,"neutral,neutral"
8085,"positive,positive"
8086,"positive,positive"
8087,"neutral,neutral"
8088,"positive,positive"
8089,"positive,positive"
8090,"positive,positive"
8091,"positive,positive"
8092,"negative,negative"
8093,"positive,positive"
8094,"positive,positive"
8095,"positive,positive"
8096,"positive,positive"
8097,"positive,positive"
8098,"positive,positive"
8099,"positive,positive"
8100,"neutral,neutral"
8101,"positive,positive"
8102,"positive,positive"
8103,"neutral,neutral"
8104,"positive,positive"
8105,"positive,positive"
8106,"positive,positive"
8107,"positive,positive"
8108,"neutral,neutral"
8109,"positive,positive"
8110,"neutral,neutral"
8111,"neutral,neutral"
8112,"neutral,neutral"
8113,"neutral,neutral"
8114,"positive,positive"
8115,"positive,positive"
8116,"negative,negative"
8117,"positive,positive"
8118,"positive,positive"
8119,"positive,positive"
8120,"positive,positive"
8121,"positive,positive"
8122,"positive,positive"
8123,"positive,positive"
8124,"neutral,neutral"
8125,"neutral,neutral"
8126,"neutral,neutral"
8127,"negative,negative"
8128,"positive,positive"
8129,"neutral,neutral"
8130,"positive,positive"
8131,"positive,positive"
8132,"neutral,neutral"
8133,"positive,positive"
8134,"positive,positive"
8135,"positive,positive"
8136,"positive,positive"
8137,"positive,positive"
8138,"positive,positive"
8139,"positive,positive"
8140,"negative,negative"
8141,"positive,positive"
8142,"positive,positive"
8143,"positive,positive"
8144,"positive,positive"
8145,"positive,positive"
8146,"neutral,neutral"
8147,"negative,negative"
8148,"neutral,neutral"
8149,"neutral,neutral"
8150,"positive,positive"
8151,"positive,positive"
8152,"negative,negative"
8153,"positive,positive"
8154,"negative,negative"
8155,"positive,positive"
8156,"positive,positive"
8157,"positive,positive"
8158,"positive,positive"
8159,"positive,positive"
8160,"positive,positive"
8161,"positive,positive"
8162,"positive,positive"
8163,"positive,positive"
8164,"negative,negative"
8165,"positive,positive"
8166,"positive,positive"
8167,"neutral,neutral"
8168,"neutral,neutral"
8169,"negative,negative"
8170,"positive,positive"
8171,"positive,positive"
8172,"negative,negative"
8173,"positive,positive"
8174,"positive,positive"
8175,"positive,positive"
8176,"positive,positive"
8177,"negative,negative"
8178,"positive,positive"
8179,"positive,positive"
8180,"neutral,neutral"
8181,"positive,positive"
8182,"positive,positive"
8183,"neutral,neutral"
8184,"positive,positive"
8185,"positive,positive"
8186,"negative,negative"
8187,"positive,positive"
8188,"positive,positive"
8189,"positive,positive"
8190,"positive,positive"
8191,"positive,positive"
8192,"positive,positive"
8193,"positive,positive"
8194,"positive,positive"
8195,"positive,positive"
8196,"positive,positive"
8197,"positive,positive"
8198,"positive,positive"
8199,"positive,positive"
8200,"neutral,neutral"
8201,"positive,positive"
8202,"positive,positive"
8203,"neutral,neutral"
8204,"positive,positive"
8205,"positive,positive"
8206,"neutral,neutral"
8207,"positive,positive"
8208,"positive,positive"
8209,"positive,positive"
8210,"positive,positive"
8211,"negative,negative"
8212,"positive,positive"
8213,"positive,positive"
8214,"positive,positive"
8215,"negative,negative"
8216,"positive,positive"
8217,"positive,positive"
8218,"positive,positive"
8219,"positive,positive"
8220,"neutral,neutral"
8221,"positive,positive"
8222,"neutral,neutral"
8223,"negative,negative"
8224,"neutral,neutral"
8225,"positive,positive"
8226,"positive,positive"
8227,"positive,positive"
8228,"positive,positive"
8229,"positive,positive"
8230,"neutral,neutral"
8231,"positive,positive"
8232,"positive,positive"
8233,"positive,positive"
8234,"positive,positive"
8235,"positive,positive"
8236,"positive,positive"
8237,"positive,positive"
8238,"neutral,neutral"
8239,"positive,positive"
8240,"neutral,neutral"
8241,"positive,positive"
8242,"positive,positive"
8243,"positive,positive"
8244,"neutral,neutral"
8245,"positive,positive"
8246,"neutral,neutral"
8247,"positive,positive"
8248,"negative,negative"
8249,"positive,positive"
8250,"positive,positive"
8251,"negative,negative"
8252,"positive,positive"
8253,"positive,positive"
8254,"neutral,neutral"
8255,"positive,positive"
8256,"positive,positive"
8257,"positive,positive"
8258,"neutral,neutral"
8259,"neutral,neutral"
8260,"positive,positive"
8261,"positive,positive"
8262,"positive,positive"
8263,"positive,positive"
8264,"negative,negative"
8265,"positive,positive"
8266,"positive,positive"
8267,"positive,positive"
8268,"neutral,neutral"
8269,"positive,positive"
8270,"neutral,neutral"
8271,"positive,positive"
8272,"positive,positive"
8273,"positive,positive"
8274,"positive,positive"
8275,"positive,positive"
8276,"positive,positive"
8277,"positive,positive"
8278,"positive,positive"
8279,"positive,positive"
8280,"positive,positive"
8281,"positive,positive"
8282,"positive,positive"
8283,"neutral,neutral"
8284,"positive,positive"
8285,"positive,positive"
8286,"positive,positive"
8287,"negative,negative"
8288,"positive,positive"
8289,"positive,positive"
8290,"positive,positive"
8291,"positive,positive"
8292,"positive,positive"
8293,"positive,positive"
8294,"positive,positive"
8295,"positive,positive"
8296,"neutral,neutral"
8297,"neutral,neutral"
8298,"positive,positive"
8299,"positive,positive"
8300,"positive,positive"
8301,"positive,positive"
8302,"neutral,neutral"
8303,"positive,positive"
8304,"positive,positive"
8305,"positive,positive"
8306,"positive,positive"
8307,"positive,positive"
8308,"neutral,neutral"
8309,"neutral,neutral"
8310,"neutral,neutral"
8311,"positive,positive"
8312,"positive,positive"
8313,"positive,positive"
8314,"positive,positive"
8315,"positive,positive"
8316,"positive,positive"
8317,"positive,positive"
8318,"positive,positive"
8319,"positive,positive"
8320,"positive,positive"
8321,"positive,positive"
8322,"neutral,neutral"
8323,"neutral,neutral"
8324,"positive,positive"
8325,"positive,positive"
8326,"neutral,neutral"
8327,"positive,positive"
8328,"negative,negative"
8329,"positive,positive"
8330,"neutral,neutral"
8331,"negative,negative"
8332,"neutral,neutral"
8333,"positive,positive"
8334,"positive,positive"
8335,"positive,positive"
8336,"positive,positive"
8337,"positive,positive"
8338,"neutral,neutral"
8339,"negative,negative"
8340,"negative,negative"
8341,"positive,positive"
8342,"positive,positive"
8343,"positive,positive"
8344,"negative,negative"
8345,"positive,positive"
8346,"positive,positive"
8347,"positive,positive"
8348,"positive,positive"
8349,"positive,positive"
8350,"positive,positive"
8351,"positive,positive"
8352,"positive,positive"
8353,"negative,negative"
8354,"neutral,neutral"
8355,"positive,positive"
8356,"neutral,neutral"
8357,"neutral,neutral"
8358,"positive,positive"
8359,"positive,positive"
8360,"positive,positive"
8361,"negative,negative"
8362,"neutral,neutral"
8363,"neutral,neutral"
8364,"neutral,neutral"
8365,"positive,positive"
8366,"positive,positive"
8367,"neutral,neutral"
8368,"positive,positive"
8369,"positive,positive"
8370,"positive,positive"
8371,"positive,positive"
8372,"positive,positive"
8373,"neutral,neutral"
8374,"positive,positive"
8375,"negative,negative"
8376,"positive,positive"
8377,"positive,positive"
8378,"neutral,neutral"
8379,"positive,positive"
8380,"positive,positive"
8381,"positive,positive"
8382,"positive,positive"
8383,"neutral,neutral"
8384,"positive,positive"
8385,"positive,positive"
8386,"positive,positive"
8387,"positive,positive"
8388,"positive,positive"
8389,"positive,positive"
8390,"neutral,neutral"
8391,"neutral,neutral"
8392,"positive,positive"
8393,"negative,negative"
8394,"positive,positive"
8395,"neutral,neutral"
8396,"positive,positive"
8397,"positive,positive"
8398,"neutral,neutral"
8399,"positive,positive"
8400,"positive,positive"
8401,"positive,positive"
8402,"neutral,neutral"
8403,"positive,positive"
8404,"positive,positive"
8405,"positive,positive"
8406,"positive,positive"
8407,"positive,positive"
8408,"neutral,neutral"
8409,"positive,positive"
8410,"positive,positive"
8411,"negative,negative"
8412,"positive,positive"
8413,"positive,positive"
8414,"negative,negative"
8415,"neutral,neutral"
8416,"neutral,neutral"
8417,"positive,positive"
8418,"positive,positive"
8419,"positive,positive"
8420,"positive,positive"
8421,"positive,positive"
8422,"neutral,neutral"
8423,"neutral,neutral"
8424,"positive,positive"
8425,"positive,positive"
8426,"positive,positive"
8427,"neutral,neutral"
8428,"positive,positive"
8429,"positive,positive"
8430,"positive,positive"
8431,"negative,negative"
8432,"neutral,neutral"
8433,"neutral,neutral"
8434,"neutral,neutral"
8435,"negative,negative"
8436,"neutral,neutral"
8437,"positive,positive"
8438,"positive,positive"
8439,"positive,positive"
8440,"positive,positive"
8441,"positive,positive"
8442,"positive,positive"
8443,"neutral,neutral"
8444,"positive,positive"
8445,"neutral,neutral"
8446,"positive,positive"
8447,"neutral,neutral"
8448,"positive,positive"
8449,"positive,positive"
8450,"positive,positive"
8451,"neutral,neutral"
8452,"positive,positive"
8453,"neutral,neutral"
8454,"negative,negative"
8455,"positive,positive"
8456,"positive,positive"
8457,"neutral,neutral"
8458,"positive,positive"
8459,"positive,positive"
8460,"positive,positive"
8461,"positive,positive"
8462,"positive,positive"
8463,"positive,positive"
8464,"positive,positive"
8465,"positive,positive"
8466,"negative,negative"
8467,"positive,positive"
8468,"positive,positive"
8469,"positive,positive"
8470,"neutral,neutral"
8471,"neutral,neutral"
8472,"neutral,neutral"
8473,"neutral,neutral"
8474,"positive,positive"
8475,"positive,positive"
8476,"positive,positive"
8477,"positive,positive"
8478,"positive,positive"
8479,"positive,positive"
8480,"positive,positive"
8481,"positive,positive"
8482,"positive,positive"
8483,"positive,positive"
8484,"positive,positive"
8485,"positive,positive"
8486,"positive,positive"
8487,"positive,positive"
8488,"neutral,neutral"
8489,"positive,positive"
8490,"positive,positive"
8491,"neutral,neutral"
8492,"positive,positive"
8493,"neutral,neutral"
8494,"positive,positive"
8495,"neutral,neutral"
8496,"positive,positive"
8497,"positive,positive"
8498,"positive,positive"
8499,"positive,positive"
8500,"positive,positive"
8501,"positive,positive"
8502,"positive,positive"
8503,"positive,positive"
8504,"positive,positive"
8505,"positive,positive"
8506,"positive,positive"
8507,"neutral,neutral"
8508,"neutral,neutral"
8509,"positive,positive"
8510,"positive,positive"
8511,"neutral,neutral"
8512,"neutral,neutral"
8513,"neutral,neutral"
8514,"positive,positive"
8515,"positive,positive"
8516,"positive,positive"
8517,"neutral,neutral"
8518,"positive,positive"
8519,"negative,negative"
8520,"positive,positive"
8521,"positive,positive"
8522,"positive,positive"
8523,"positive,positive"
8524,"positive,positive"
8525,"positive,positive"
8526,"neutral,neutral"
8527,"neutral,neutral"
8528,"positive,positive"
8529,"negative,negative"
8530,"positive,positive"
8531,"positive,positive"
8532,"negative,negative"
8533,"neutral,neutral"
8534,"negative,negative"
8535,"positive,positive"
8536,"positive,positive"
8537,"positive,positive"
8538,"positive,positive"
8539,"neutral,neutral"
8540,"positive,positive"
8541,"positive,positive"
8542,"neutral,neutral"
8543,"neutral,neutral"
8544,"positive,positive"
8545,"positive,positive"
8546,"positive,positive"
8547,"positive,positive"
8548,"neutral,neutral"
8549,"positive,positive"
8550,"positive,positive"
8551,"positive,positive"
8552,"positive,positive"
8553,"positive,positive"
8554,"positive,positive"
8555,"positive,positive"
8556,"neutral,neutral"
8557,"neutral,neutral"
8558,"positive,positive"
8559,"positive,positive"
8560,"positive,positive"
8561,"positive,positive"
8562,"positive,positive"
8563,"positive,positive"
8564,"positive,positive"
8565,"neutral,neutral"
8566,"neutral,neutral"
8567,"positive,positive"
8568,"positive,positive"
8569,"positive,positive"
8570,"positive,positive"
8571,"positive,positive"
8572,"neutral,neutral"
8573,"neutral,neutral"
8574,"positive,positive"
8575,"positive,positive"
8576,"positive,positive"
8577,"positive,positive"
8578,"positive,positive"
8579,"positive,positive"
8580,"negative,negative"
8581,"positive,positive"
8582,"neutral,neutral"
8583,"positive,positive"
8584,"positive,positive"
8585,"positive,positive"
8586,"negative,negative"
8587,"neutral,neutral"
8588,"neutral,neutral"
8589,"positive,positive"
8590,"negative,negative"
8591,"positive,positive"
8592,"positive,positive"
8593,"neutral,neutral"
8594,"positive,positive"
8595,"positive,positive"
8596,"positive,positive"
8597,"neutral,neutral"
8598,"positive,positive"
8599,"neutral,neutral"
8600,"positive,positive"
8601,"negative,negative"
8602,"positive,positive"
8603,"neutral,neutral"
8604,"positive,positive"
8605,"positive,positive"
8606,"neutral,neutral"
8607,"neutral,neutral"
8608,"neutral,neutral"
8609,"positive,positive"
8610,"positive,positive"
8611,"positive,positive"
8612,"positive,positive"
8613,"neutral,neutral"
8614,"neutral,neutral"
8615,"positive,positive"
8616,"positive,positive"
8617,"positive,positive"
8618,"neutral,neutral"
8619,"neutral,neutral"
8620,"neutral,neutral"
8621,"positive,positive"
8622,"positive,positive"
8623,"neutral,neutral"
8624,"positive,positive"
8625,"neutral,neutral"
8626,"positive,positive"
8627,"neutral,neutral"
8628,"positive,positive"
8629,"negative,negative"
8630,"neutral,neutral"
8631,"positive,positive"
8632,"neutral,neutral"
8633,"positive,positive"
8634,"positive,positive"
8635,"negative,negative"
8636,"negative,negative"
8637,"positive,positive"
8638,"positive,positive"
8639,"positive,positive"
8640,"positive,positive"
8641,"neutral,neutral"
8642,"neutral,neutral"
8643,"neutral,neutral"
8644,"neutral,neutral"
8645,"positive,positive"
8646,"neutral,neutral"
8647,"neutral,neutral"
8648,"positive,positive"
8649,"negative,negative"
8650,"neutral,neutral"
8651,"neutral,neutral"
8652,"positive,positive"
8653,"positive,positive"
8654,"neutral,neutral"
8655,"negative,negative"
8656,"negative,negative"
8657,"positive,positive"
8658,"positive,positive"
8659,"positive,positive"
8660,"neutral,neutral"
8661,"neutral,neutral"
8662,"positive,positive"
8663,"positive,positive"
8664,"negative,negative"
8665,"positive,positive"
8666,"positive,positive"
8667,"positive,positive"
8668,"positive,positive"
8669,"positive,positive"
8670,"positive,positive"
8671,"positive,positive"
8672,"neutral,neutral"
8673,"negative,negative"
8674,"neutral,neutral"
8675,"positive,positive"
8676,"neutral,neutral"
8677,"positive,positive"
8678,"negative,negative"
8679,"neutral,neutral"
8680,"negative,negative"
8681,"positive,positive"
8682,"neutral,neutral"
8683,"positive,positive"
8684,"positive,positive"
8685,"positive,positive"
8686,"neutral,neutral"
8687,"negative,negative"
8688,"positive,positive"
8689,"positive,positive"
8690,"positive,positive"
8691,"negative,negative"
8692,"negative,negative"
8693,"positive,positive"
8694,"positive,positive"
8695,"positive,positive"
8696,"neutral,neutral"
8697,"positive,positive"
8698,"neutral,neutral"
8699,"positive,positive"
8700,"positive,positive"
8701,"positive,positive"
8702,"positive,positive"
8703,"positive,positive"
8704,"positive,positive"
8705,"positive,positive"
8706,"positive,positive"
8707,"positive,positive"
8708,"positive,positive"
8709,"positive,positive"
8710,"negative,negative"
8711,"positive,positive"
8712,"positive,positive"
8713,"positive,positive"
8714,"positive,positive"
8715,"negative,negative"
8716,"positive,positive"
8717,"positive,positive"
8718,"neutral,neutral"
8719,"positive,positive"
8720,"positive,positive"
8721,"positive,positive"
8722,"positive,positive"
8723,"positive,positive"
8724,"positive,positive"
8725,"neutral,neutral"
8726,"positive,positive"
8727,"positive,positive"
8728,"neutral,neutral"
8729,"neutral,neutral"
8730,"positive,positive"
8731,"positive,positive"
8732,"positive,positive"
8733,"negative,negative"
8734,"positive,positive"
8735,"positive,positive"
8736,"neutral,neutral"
8737,"neutral,neutral"
8738,"neutral,neutral"
8739,"positive,positive"
8740,"positive,positive"
8741,"positive,positive"
8742,"positive,positive"
8743,"neutral,neutral"
8744,"neutral,neutral"
8745,"positive,positive"
8746,"positive,positive"
8747,"negative,negative"
8748,"positive,positive"
8749,"neutral,neutral"
8750,"neutral,neutral"
8751,"positive,positive"
8752,"positive,positive"
8753,"neutral,neutral"
8754,"negative,negative"
8755,"positive,positive"
8756,"positive,positive"
8757,"neutral,neutral"
8758,"neutral,neutral"
8759,"positive,positive"
8760,"neutral,neutral"
8761,"neutral,neutral"
8762,"neutral,neutral"
8763,"positive,positive"
8764,"positive,positive"
8765,"positive,positive"
8766,"neutral,neutral"
8767,"positive,positive"
8768,"neutral,neutral"
8769,"positive,positive"
8770,"positive,positive"
8771,"positive,positive"
8772,"positive,positive"
8773,"neutral,neutral"
8774,"positive,positive"
8775,"positive,positive"
8776,"neutral,neutral"
8777,"positive,positive"
8778,"positive,positive"
8779,"neutral,neutral"
8780,"neutral,neutral"
8781,"neutral,neutral"
8782,"positive,positive"
8783,"positive,positive"
8784,"neutral,neutral"
8785,"neutral,neutral"
8786,"positive,positive"
8787,"neutral,neutral"
8788,"positive,positive"
8789,"positive,positive"
8790,"positive,positive"
8791,"positive,positive"
8792,"positive,positive"
8793,"positive,positive"
8794,"neutral,neutral"
8795,"negative,negative"
8796,"positive,positive"
8797,"negative,negative"
8798,"positive,positive"
8799,"positive,positive"
8800,"neutral,neutral"
8801,"positive,positive"
8802,"positive,positive"
8803,"positive,positive"
8804,"positive,positive"
8805,"positive,positive"
8806,"positive,positive"
8807,"negative,negative"
8808,"positive,positive"
8809,"neutral,neutral"
8810,"neutral,neutral"
8811,"positive,positive"
8812,"positive,positive"
8813,"positive,positive"
8814,"positive,positive"
8815,"positive,positive"
8816,"positive,positive"
8817,"positive,positive"
8818,"neutral,neutral"
8819,"positive,positive"
8820,"negative,negative"
8821,"positive,positive"
8822,"positive,positive"
8823,"positive,positive"
8824,"positive,positive"
8825,"positive,positive"
8826,"positive,positive"
8827,"positive,positive"
8828,"positive,positive"
8829,"positive,positive"
8830,"positive,positive"
8831,"negative,negative"
8832,"neutral,neutral"
8833,"positive,positive"
8834,"neutral,neutral"
8835,"positive,positive"
8836,"positive,positive"
8837,"neutral,neutral"
8838,"positive,positive"
8839,"positive,positive"
8840,"neutral,neutral"
8841,"positive,positive"
8842,"positive,positive"
8843,"positive,positive"
8844,"positive,positive"
8845,"neutral,neutral"
8846,"positive,positive"
8847,"positive,positive"
8848,"neutral,neutral"
8849,"positive,positive"
8850,"positive,positive"
8851,"neutral,neutral"
8852,"positive,positive"
8853,"positive,positive"
8854,"positive,positive"
8855,"positive,positive"
8856,"positive,positive"
8857,"positive,positive"
8858,"positive,positive"
8859,"positive,positive"
8860,"neutral,neutral"
8861,"neutral,neutral"
8862,"positive,positive"
8863,"neutral,neutral"
8864,"negative,negative"
8865,"neutral,neutral"
8866,"positive,positive"
8867,"neutral,neutral"
8868,"neutral,neutral"
8869,"neutral,neutral"
8870,"neutral,neutral"
8871,"positive,positive"
8872,"positive,positive"
8873,"positive,positive"
8874,"positive,positive"
8875,"positive,positive"
8876,"neutral,neutral"
8877,"positive,positive"
8878,"neutral,neutral"
8879,"neutral,neutral"
8880,"positive,positive"
8881,"positive,positive"
8882,"negative,negative"
8883,"positive,positive"
8884,"positive,positive"
8885,"negative,negative"
8886,"positive,positive"
8887,"positive,positive"
8888,"positive,positive"
8889,"positive,positive"
8890,"positive,positive"
8891,"positive,positive"
8892,"positive,positive"
8893,"positive,positive"
8894,"positive,positive"
8895,"positive,positive"
8896,"positive,positive"
8897,"neutral,neutral"
8898,"neutral,neutral"
8899,"positive,positive"
8900,"neutral,neutral"
8901,"neutral,neutral"
8902,"positive,positive"
8903,"positive,positive"
8904,"positive,positive"
8905,"positive,positive"
8906,"positive,positive"
8907,"neutral,neutral"
8908,"positive,positive"
8909,"positive,positive"
8910,"positive,positive"
8911,"positive,positive"
8912,"positive,positive"
8913,"positive,positive"
8914,"positive,positive"
8915,"neutral,neutral"
8916,"positive,positive"
8917,"neutral,neutral"
8918,"positive,positive"
8919,"neutral,neutral"
8920,"negative,negative"
8921,"negative,negative"
8922,"positive,positive"
8923,"positive,positive"
8924,"neutral,neutral"
8925,"neutral,neutral"
8926,"negative,negative"
8927,"positive,positive"
8928,"positive,positive"
8929,"neutral,neutral"
8930,"positive,positive"
8931,"positive,positive"
8932,"positive,positive"
8933,"positive,positive"
8934,"positive,positive"
8935,"neutral,neutral"
8936,"positive,positive"
8937,"neutral,neutral"
8938,"positive,positive"
8939,"positive,positive"
8940,"neutral,neutral"
8941,"positive,positive"
8942,"positive,positive"
8943,"positive,positive"
8944,"positive,positive"
8945,"positive,positive"
8946,"neutral,neutral"
8947,"positive,positive"
8948,"negative,negative"
8949,"positive,positive"
8950,"neutral,neutral"
8951,"negative,negative"
8952,"positive,positive"
8953,"positive,positive"
8954,"neutral,neutral"
8955,"neutral,neutral"
8956,"positive,positive"
8957,"positive,positive"
8958,"neutral,neutral"
8959,"positive,positive"
8960,"positive,positive"
8961,"negative,negative"
8962,"positive,positive"
8963,"positive,positive"
8964,"positive,positive"
8965,"neutral,neutral"
8966,"negative,negative"
8967,"positive,positive"
8968,"positive,positive"
8969,"positive,positive"
8970,"neutral,neutral"
8971,"positive,positive"
8972,"positive,positive"
8973,"positive,positive"
8974,"negative,negative"
8975,"positive,positive"
8976,"neutral,neutral"
8977,"neutral,neutral"
8978,"positive,positive"
8979,"neutral,neutral"
8980,"positive,positive"
8981,"positive,positive"
8982,"neutral,neutral"
8983,"positive,positive"
8984,"positive,positive"
8985,"positive,positive"
8986,"positive,positive"
8987,"neutral,neutral"
8988,"positive,positive"
8989,"positive,positive"
8990,"negative,negative"
8991,"positive,positive"
8992,"positive,positive"
8993,"negative,negative"
8994,"neutral,neutral"
8995,"neutral,neutral"
8996,"positive,positive"
8997,"positive,positive"
8998,"positive,positive"
8999,"positive,positive"
9000,"positive,positive"
9001,"neutral,neutral"
9002,"neutral,neutral"
9003,"positive,positive"
9004,"positive,positive"
9005,"neutral,neutral"
9006,"positive,positive"
9007,"neutral,neutral"
9008,"positive,positive"
9009,"positive,positive"
9010,"positive,positive"
9011,"positive,positive"
9012,"positive,positive"
9013,"positive,positive"
9014,"negative,negative"
9015,"negative,negative"
9016,"positive,positive"
9017,"positive,positive"
9018,"neutral,neutral"
9019,"neutral,neutral"
9020,"neutral,neutral"
9021,"positive,positive"
9022,"positive,positive"
9023,"negative,negative"
9024,"positive,positive"
9025,"positive,positive"
9026,"positive,positive"
9027,"positive,positive"
9028,"positive,positive"
9029,"positive,positive"
9030,"positive,positive"
9031,"positive,positive"
9032,"positive,positive"
9033,"neutral,neutral"
9034,"positive,positive"
9035,"negative,negative"
9036,"neutral,neutral"
9037,"neutral,neutral"
9038,"neutral,neutral"
9039,"neutral,neutral"
9040,"neutral,neutral"
9041,"neutral,neutral"
9042,"positive,positive"
9043,"positive,positive"
9044,"positive,positive"
9045,"neutral,neutral"
9046,"positive,positive"
9047,"positive,positive"
9048,"negative,negative"
9049,"positive,positive"
9050,"negative,negative"
9051,"positive,positive"
9052,"neutral,neutral"
9053,"neutral,neutral"
9054,"positive,positive"
9055,"positive,positive"
9056,"positive,positive"
9057,"negative,negative"
9058,"negative,negative"
9059,"positive,positive"
9060,"positive,positive"
9061,"negative,negative"
9062,"positive,positive"
9063,"positive,positive"
9064,"negative,negative"
9065,"neutral,neutral"
9066,"positive,positive"
9067,"negative,negative"
9068,"negative,negative"
9069,"positive,positive"
9070,"neutral,neutral"
9071,"positive,positive"
9072,"positive,positive"
9073,"neutral,neutral"
9074,"positive,positive"
9075,"neutral,neutral"
9076,"neutral,neutral"
9077,"negative,negative"
9078,"positive,positive"
9079,"positive,positive"
9080,"positive,positive"
9081,"neutral,neutral"
9082,"neutral,neutral"
9083,"positive,positive"
9084,"negative,negative"
9085,"positive,positive"
9086,"neutral,neutral"
9087,"positive,positive"
9088,"positive,positive"
9089,"positive,positive"
9090,"neutral,neutral"
9091,"neutral,neutral"
9092,"negative,negative"
9093,"positive,positive"
9094,"neutral,neutral"
9095,"positive,positive"
9096,"positive,positive"
9097,"neutral,neutral"
9098,"positive,positive"
9099,"positive,positive"
9100,"positive,positive"
9101,"neutral,neutral"
9102,"negative,negative"
9103,"neutral,neutral"
9104,"positive,positive"
9105,"positive,positive"
9106,"neutral,neutral"
9107,"negative,negative"
9108,"positive,positive"
9109,"positive,positive"
9110,"positive,positive"
9111,"positive,positive"
9112,"negative,negative"
9113,"neutral,neutral"
9114,"positive,positive"
9115,"neutral,neutral"
9116,"positive,positive"
9117,"positive,positive"
9118,"positive,positive"
9119,"positive,positive"
9120,"positive,positive"
9121,"negative,negative"
9122,"negative,negative"
9123,"positive,positive"
9124,"positive,positive"
9125,"positive,positive"
9126,"positive,positive"
9127,"positive,positive"
9128,"positive,positive"
9129,"positive,positive"
9130,"negative,negative"
9131,"neutral,neutral"
9132,"neutral,neutral"
9133,"positive,positive"
9134,"positive,positive"
9135,"positive,positive"
9136,"positive,positive"
9137,"negative,negative"
9138,"positive,positive"
9139,"positive,positive"
9140,"neutral,neutral"
9141,"positive,positive"
9142,"negative,negative"
9143,"positive,positive"
9144,"positive,positive"
9145,"positive,positive"
9146,"neutral,neutral"
9147,"neutral,neutral"
9148,"positive,positive"
9149,"positive,positive"
9150,"positive,positive"
9151,"positive,positive"
9152,"positive,positive"
9153,"positive,positive"
9154,"positive,positive"
9155,"positive,positive"
9156,"positive,positive"
9157,"neutral,neutral"
9158,"neutral,neutral"
9159,"positive,positive"
9160,"positive,positive"
9161,"positive,positive"
9162,"positive,positive"
9163,"positive,positive"
9164,"neutral,neutral"
9165,"positive,positive"
9166,"neutral,neutral"
9167,"negative,negative"
9168,"negative,negative"
9169,"positive,positive"
9170,"positive,positive"
9171,"positive,positive"
9172,"positive,positive"
9173,"negative,negative"
9174,"neutral,neutral"
9175,"positive,positive"
9176,"neutral,neutral"
9177,"positive,positive"
9178,"neutral,neutral"
9179,"positive,positive"
9180,"neutral,neutral"
9181,"negative,negative"
9182,"positive,positive"
9183,"neutral,neutral"
9184,"positive,positive"
9185,"positive,positive"
9186,"positive,positive"
9187,"negative,negative"
9188,"neutral,neutral"
9189,"positive,positive"
9190,"positive,positive"
9191,"negative,negative"
9192,"positive,positive"
9193,"positive,positive"
9194,"neutral,neutral"
9195,"neutral,neutral"
9196,"positive,positive"
9197,"positive,positive"
9198,"neutral,neutral"
9199,"negative,negative"
9200,"positive,positive"
9201,"negative,negative"
9202,"positive,positive"
9203,"negative,negative"
9204,"positive,positive"
9205,"positive,positive"
9206,"positive,positive"
9207,"positive,positive"
9208,"positive,positive"
9209,"neutral,neutral"
9210,"neutral,neutral"
9211,"positive,positive"
9212,"neutral,neutral"
9213,"positive,positive"
9214,"positive,positive"
9215,"positive,positive"
9216,"positive,positive"
9217,"positive,positive"
9218,"positive,positive"
9219,"positive,positive"
9220,"positive,positive"
9221,"positive,positive"
9222,"positive,positive"
9223,"positive,positive"
9224,"positive,positive"
9225,"positive,positive"
9226,"neutral,neutral"
9227,"positive,positive"
9228,"neutral,neutral"
9229,"positive,positive"
9230,"negative,negative"
9231,"positive,positive"
9232,"neutral,neutral"
9233,"positive,positive"
9234,"positive,positive"
9235,"positive,positive"
9236,"positive,positive"
9237,"positive,positive"
9238,"positive,positive"
9239,"positive,positive"
9240,"neutral,neutral"
9241,"positive,positive"
9242,"positive,positive"
9243,"negative,negative"
9244,"positive,positive"
9245,"positive,positive"
9246,"positive,positive"
9247,"positive,positive"
9248,"positive,positive"
9249,"negative,negative"
9250,"positive,positive"
9251,"positive,positive"
9252,"positive,positive"
9253,"neutral,neutral"
9254,"positive,positive"
9255,"positive,positive"
9256,"positive,positive"
9257,"neutral,neutral"
9258,"positive,positive"
9259,"positive,positive"
9260,"positive,positive"
9261,"negative,negative"
9262,"positive,positive"
9263,"negative,negative"
9264,"positive,positive"
9265,"positive,positive"
9266,"positive,positive"
9267,"positive,positive"
9268,"positive,positive"
9269,"positive,positive"
9270,"negative,negative"
9271,"neutral,neutral"
9272,"positive,positive"
9273,"positive,positive"
9274,"neutral,neutral"
9275,"positive,positive"
9276,"positive,positive"
9277,"positive,positive"
9278,"positive,positive"
9279,"negative,negative"
9280,"positive,positive"
9281,"negative,negative"
9282,"neutral,neutral"
9283,"positive,positive"
9284,"neutral,neutral"
9285,"positive,positive"
9286,"positive,positive"
9287,"neutral,neutral"
9288,"positive,positive"
9289,"positive,positive"
9290,"positive,positive"
9291,"positive,positive"
9292,"positive,positive"
9293,"positive,positive"
9294,"positive,positive"
9295,"neutral,neutral"
9296,"neutral,neutral"
9297,"positive,positive"
9298,"positive,positive"
9299,"neutral,neutral"
9300,"neutral,neutral"
9301,"neutral,neutral"
9302,"positive,positive"
9303,"positive,positive"
9304,"negative,negative"
9305,"positive,positive"
9306,"positive,positive"
9307,"positive,positive"
9308,"negative,negative"
9309,"positive,positive"
9310,"positive,positive"
9311,"positive,positive"
9312,"neutral,neutral"
9313,"positive,positive"
9314,"positive,positive"
9315,"positive,positive"
9316,"positive,positive"
9317,"neutral,neutral"
9318,"positive,positive"
9319,"positive,positive"
9320,"negative,negative"
9321,"negative,negative"
9322,"negative,negative"
9323,"neutral,neutral"
9324,"positive,positive"
9325,"positive,positive"
9326,"positive,positive"
9327,"neutral,neutral"
9328,"neutral,neutral"
9329,"neutral,neutral"
9330,"neutral,neutral"
9331,"neutral,neutral"
9332,"positive,positive"
9333,"negative,negative"
9334,"negative,negative"
9335,"neutral,neutral"
9336,"negative,negative"
9337,"positive,positive"
9338,"neutral,neutral"
9339,"neutral,neutral"
9340,"neutral,neutral"
9341,"positive,positive"
9342,"positive,positive"
9343,"positive,positive"
9344,"negative,negative"
9345,"neutral,neutral"
9346,"negative,negative"
9347,"positive,positive"
9348,"neutral,neutral"
9349,"positive,positive"
9350,"positive,positive"
9351,"positive,positive"
9352,"positive,positive"
9353,"positive,positive"
9354,"positive,positive"
9355,"neutral,neutral"
9356,"positive,positive"
9357,"positive,positive"
9358,"positive,positive"
9359,"neutral,neutral"
9360,"positive,positive"
9361,"negative,negative"
9362,"positive,positive"
9363,"positive,positive"
9364,"neutral,neutral"
9365,"positive,positive"
9366,"positive,positive"
9367,"neutral,neutral"
9368,"neutral,neutral"
9369,"negative,negative"
9370,"neutral,neutral"
9371,"positive,positive"
9372,"positive,positive"
9373,"neutral,neutral"
9374,"positive,positive"
9375,"negative,negative"
9376,"positive,positive"
9377,"positive,positive"
9378,"neutral,neutral"
9379,"negative,negative"
9380,"positive,positive"
9381,"neutral,neutral"
9382,"positive,positive"
9383,"negative,negative"
9384,"negative,negative"
9385,"positive,positive"
9386,"positive,positive"
9387,"positive,positive"
9388,"neutral,neutral"
9389,"neutral,neutral"
9390,"negative,negative"
9391,"neutral,neutral"
9392,"neutral,neutral"
9393,"negative,negative"
9394,"positive,positive"
9395,"positive,positive"
9396,"positive,positive"
9397,"positive,positive"
9398,"neutral,neutral"
9399,"neutral,neutral"
9400,"positive,positive"
9401,"positive,positive"
9402,"positive,positive"
9403,"positive,positive"
9404,"neutral,neutral"
9405,"positive,positive"
9406,"neutral,neutral"
9407,"positive,positive"
9408,"positive,positive"
9409,"positive,positive"
9410,"positive,positive"
9411,"positive,positive"
9412,"neutral,neutral"
9413,"positive,positive"
9414,"negative,negative"
9415,"positive,positive"
9416,"positive,positive"
9417,"positive,positive"
9418,"positive,positive"
9419,"neutral,neutral"
9420,"positive,positive"
9421,"neutral,neutral"
9422,"neutral,neutral"
9423,"negative,negative"
9424,"positive,positive"
9425,"neutral,neutral"
9426,"neutral,neutral"
9427,"neutral,neutral"
9428,"positive,positive"
9429,"positive,positive"
9430,"positive,positive"
9431,"positive,positive"
9432,"negative,negative"
9433,"positive,positive"
9434,"positive,positive"
9435,"negative,negative"
9436,"positive,positive"
9437,"positive,positive"
9438,"neutral,neutral"
9439,"neutral,neutral"
9440,"positive,positive"
9441,"positive,positive"
9442,"neutral,neutral"
9443,"positive,positive"
9444,"positive,positive"
9445,"negative,negative"
9446,"positive,positive"
9447,"positive,positive"
9448,"positive,positive"
9449,"negative,negative"
9450,"negative,negative"
9451,"positive,positive"
9452,"negative,negative"
9453,"positive,positive"
9454,"positive,positive"
9455,"positive,positive"
9456,"positive,positive"
9457,"neutral,neutral"
9458,"positive,positive"
9459,"neutral,neutral"
9460,"positive,positive"
9461,"negative,negative"
9462,"positive,positive"
9463,"positive,positive"
9464,"neutral,neutral"
9465,"neutral,neutral"
9466,"negative,negative"
9467,"positive,positive"
9468,"neutral,neutral"
9469,"positive,positive"
9470,"neutral,neutral"
9471,"negative,negative"
9472,"negative,negative"
9473,"positive,positive"
9474,"neutral,neutral"
9475,"positive,positive"
9476,"negative,negative"
9477,"positive,positive"
9478,"positive,positive"
9479,"positive,positive"
9480,"positive,positive"
9481,"positive,positive"
9482,"negative,negative"
9483,"negative,negative"
9484,"negative,negative"
9485,"positive,positive"
9486,"neutral,neutral"
9487,"neutral,neutral"
9488,"positive,positive"
9489,"positive,positive"
9490,"positive,positive"
9491,"negative,negative"
9492,"positive,positive"
9493,"neutral,neutral"
9494,"positive,positive"
9495,"positive,positive"
9496,"negative,negative"
9497,"negative,negative"
9498,"negative,negative"
9499,"positive,positive"
9500,"neutral,neutral"
9501,"positive,positive"
9502,"positive,positive"
9503,"positive,positive"
9504,"positive,positive"
9505,"positive,positive"
9506,"positive,positive"
9507,"neutral,neutral"
9508,"positive,positive"
9509,"neutral,neutral"
9510,"positive,positive"
9511,"neutral,neutral"
9512,"neutral,neutral"
9513,"negative,negative"
9514,"positive,positive"
9515,"positive,positive"
9516,"positive,positive"
9517,"neutral,neutral"
9518,"positive,positive"
9519,"neutral,neutral"
9520,"positive,positive"
9521,"negative,negative"
9522,"positive,positive"
9523,"positive,positive"
9524,"negative,negative"
9525,"neutral,neutral"
9526,"positive,positive"
9527,"positive,positive"
9528,"neutral,neutral"
9529,"positive,positive"
9530,"negative,negative"
9531,"positive,positive"
9532,"positive,positive"
9533,"negative,negative"
9534,"positive,positive"
9535,"neutral,neutral"
9536,"positive,positive"
9537,"positive,positive"
9538,"positive,positive"
9539,"positive,positive"
9540,"negative,negative"
9541,"positive,positive"
9542,"negative,negative"
9543,"positive,positive"
9544,"neutral,neutral"
9545,"neutral,neutral"
9546,"positive,positive"
9547,"negative,negative"
9548,"negative,negative"
9549,"positive,positive"
9550,"positive,positive"
9551,"negative,negative"
9552,"neutral,neutral"
9553,"negative,negative"
9554,"negative,negative"
9555,"positive,positive"
9556,"neutral,neutral"
9557,"positive,positive"
9558,"positive,positive"
9559,"positive,positive"
9560,"neutral,neutral"
9561,"neutral,neutral"
9562,"negative,negative"
9563,"negative,negative"
9564,"neutral,neutral"
9565,"positive,positive"
9566,"negative,negative"
9567,"negative,negative"
9568,"neutral,neutral"
9569,"positive,positive"
9570,"negative,negative"
9571,"positive,positive"
9572,"positive,positive"
9573,"neutral,neutral"
9574,"positive,positive"
9575,"positive,positive"
9576,"positive,positive"
9577,"positive,positive"
9578,"neutral,neutral"
9579,"positive,positive"
9580,"neutral,neutral"
9581,"negative,negative"
9582,"positive,positive"
9583,"neutral,neutral"
9584,"neutral,neutral"
9585,"negative,negative"
9586,"neutral,neutral"
9587,"positive,positive"
9588,"neutral,neutral"
9589,"positive,positive"
9590,"positive,positive"
9591,"positive,positive"
9592,"positive,positive"
9593,"positive,positive"
9594,"neutral,neutral"
9595,"neutral,neutral"
9596,"neutral,neutral"
9597,"positive,positive"
9598,"positive,positive"
9599,"neutral,neutral"
9600,"positive,positive"
9601,"positive,positive"
9602,"positive,positive"
9603,"positive,positive"
9604,"positive,positive"
9605,"positive,positive"
9606,"positive,positive"
9607,"positive,positive"
9608,"positive,positive"
9609,"neutral,neutral"
9610,"positive,positive"
9611,"neutral,neutral"
9612,"negative,negative"
9613,"positive,positive"
9614,"positive,positive"
9615,"positive,positive"
9616,"negative,negative"
9617,"positive,positive"
9618,"positive,positive"
9619,"positive,positive"
9620,"negative,negative"
9621,"positive,positive"
9622,"neutral,neutral"
9623,"neutral,neutral"
9624,"positive,positive"
9625,"neutral,neutral"
9626,"positive,positive"
9627,"neutral,neutral"
9628,"positive,positive"
9629,"neutral,neutral"
9630,"positive,positive"
9631,"positive,positive"
9632,"negative,negative"
9633,"neutral,neutral"
9634,"positive,positive"
9635,"neutral,neutral"
9636,"neutral,neutral"
9637,"positive,positive"
9638,"positive,positive"
9639,"neutral,neutral"
9640,"positive,positive"
9641,"positive,positive"
9642,"neutral,neutral"
9643,"negative,negative"
9644,"positive,positive"
9645,"positive,positive"
9646,"neutral,neutral"
9647,"positive,positive"
9648,"positive,positive"
9649,"positive,positive"
9650,"positive,positive"
9651,"positive,positive"
9652,"positive,positive"
9653,"positive,positive"
9654,"neutral,neutral"
9655,"positive,positive"
9656,"positive,positive"
9657,"positive,positive"
9658,"negative,negative"
9659,"positive,positive"
9660,"neutral,neutral"
9661,"positive,positive"
9662,"neutral,neutral"
9663,"neutral,neutral"
9664,"neutral,neutral"
9665,"positive,positive"
9666,"neutral,neutral"
9667,"positive,positive"
9668,"positive,positive"
9669,"neutral,neutral"
9670,"positive,positive"
9671,"positive,positive"
9672,"negative,negative"
9673,"neutral,neutral"
9674,"positive,positive"
9675,"positive,positive"
9676,"positive,positive"
9677,"positive,positive"
9678,"neutral,neutral"
9679,"neutral,neutral"
9680,"neutral,neutral"
9681,"positive,positive"
9682,"negative,negative"
9683,"neutral,neutral"
9684,"positive,positive"
9685,"negative,negative"
9686,"neutral,neutral"
9687,"neutral,neutral"
9688,"neutral,neutral"
9689,"neutral,neutral"
9690,"positive,positive"
9691,"positive,positive"
9692,"positive,positive"
9693,"positive,positive"
9694,"neutral,neutral"
9695,"neutral,neutral"
9696,"positive,positive"
9697,"negative,negative"
9698,"neutral,neutral"
9699,"positive,positive"
9700,"positive,positive"
9701,"neutral,neutral"
9702,"positive,positive"
9703,"positive,positive"
9704,"positive,positive"
9705,"positive,positive"
9706,"positive,positive"
9707,"neutral,neutral"
9708,"positive,positive"
9709,"positive,positive"
9710,"positive,positive"
9711,"neutral,neutral"
9712,"positive,positive"
9713,"positive,positive"
9714,"positive,positive"
9715,"neutral,neutral"
9716,"neutral,neutral"
9717,"positive,positive"
9718,"negative,negative"
9719,"positive,positive"
9720,"positive,positive"
9721,"positive,positive"
9722,"negative,negative"
9723,"positive,positive"
9724,"positive,positive"
9725,"negative,negative"
9726,"negative,negative"
9727,"positive,positive"
9728,"positive,positive"
9729,"positive,positive"
9730,"positive,positive"
9731,"neutral,neutral"
9732,"neutral,neutral"
9733,"positive,positive"
9734,"negative,negative"
9735,"positive,positive"
9736,"positive,positive"
9737,"negative,negative"
9738,"negative,negative"
9739,"positive,positive"
9740,"negative,negative"
9741,"negative,negative"
9742,"positive,positive"
9743,"positive,positive"
9744,"neutral,neutral"
9745,"positive,positive"
9746,"positive,positive"
9747,"positive,positive"
9748,"positive,positive"
9749,"positive,positive"
9750,"positive,positive"
9751,"neutral,neutral"
9752,"positive,positive"
9753,"positive,positive"
9754,"positive,positive"
9755,"positive,positive"
9756,"neutral,neutral"
9757,"neutral,neutral"
9758,"neutral,neutral"
9759,"neutral,neutral"
9760,"neutral,neutral"
9761,"positive,positive"
9762,"positive,positive"
9763,"neutral,neutral"
9764,"positive,positive"
9765,"positive,positive"
9766,"positive,positive"
9767,"positive,positive"
9768,"positive,positive"
9769,"positive,positive"
9770,"neutral,neutral"
9771,"positive,positive"
9772,"positive,positive"
9773,"neutral,neutral"
9774,"positive,positive"
9775,"positive,positive"
9776,"positive,positive"
9777,"positive,positive"
9778,"positive,positive"
9779,"negative,negative"
9780,"neutral,neutral"
9781,"neutral,neutral"
9782,"positive,positive"
9783,"positive,positive"
9784,"positive,positive"
9785,"positive,positive"
9786,"positive,positive"
9787,"positive,positive"
9788,"positive,positive"
9789,"negative,negative"
9790,"positive,positive"
9791,"neutral,neutral"
9792,"neutral,neutral"
9793,"positive,positive"
9794,"neutral,neutral"
9795,"neutral,neutral"
9796,"positive,positive"
9797,"negative,negative"
9798,"positive,positive"
9799,"neutral,neutral"
9800,"positive,positive"
9801,"positive,positive"
9802,"positive,positive"
9803,"positive,positive"
9804,"neutral,neutral"
9805,"positive,positive"
9806,"neutral,neutral"
9807,"positive,positive"
9808,"positive,positive"
9809,"positive,positive"
9810,"positive,positive"
9811,"neutral,neutral"
9812,"positive,positive"
9813,"positive,positive"
9814,"neutral,neutral"
9815,"positive,positive"
9816,"positive,positive"
9817,"positive,positive"
9818,"neutral,neutral"
9819,"neutral,neutral"
9820,"negative,negative"
9821,"neutral,neutral"
9822,"positive,positive"
9823,"negative,negative"
9824,"neutral,neutral"
9825,"positive,positive"
9826,"positive,positive"
9827,"positive,positive"
9828,"neutral,neutral"
9829,"positive,positive"
9830,"negative,negative"
9831,"neutral,neutral"
9832,"positive,positive"
9833,"positive,positive"
9834,"positive,positive"
9835,"positive,positive"
9836,"positive,positive"
9837,"positive,positive"
9838,"positive,positive"
9839,"positive,positive"
9840,"neutral,neutral"
9841,"positive,positive"
9842,"positive,positive"
9843,"neutral,neutral"
9844,"neutral,neutral"
9845,"positive,positive"
9846,"neutral,neutral"
9847,"neutral,neutral"
9848,"neutral,neutral"
9849,"neutral,neutral"
9850,"positive,positive"
9851,"positive,positive"
9852,"neutral,neutral"
9853,"positive,positive"
9854,"neutral,neutral"
9855,"neutral,neutral"
9856,"negative,negative"
9857,"positive,positive"
9858,"positive,positive"
9859,"positive,positive"
9860,"positive,positive"
9861,"positive,positive"
9862,"negative,negative"
9863,"positive,positive"
9864,"positive,positive"
9865,"neutral,neutral"
9866,"neutral,neutral"
9867,"negative,negative"
9868,"positive,positive"
9869,"neutral,neutral"
9870,"positive,positive"
9871,"neutral,neutral"
9872,"positive,positive"
9873,"negative,negative"
9874,"negative,negative"
9875,"negative,negative"
9876,"positive,positive"
9877,"positive,positive"
9878,"positive,positive"
9879,"neutral,neutral"
9880,"negative,negative"
9881,"negative,negative"
9882,"neutral,neutral"
9883,"positive,positive"
9884,"negative,negative"
9885,"positive,positive"
9886,"positive,positive"
9887,"neutral,neutral"
9888,"negative,negative"
9889,"positive,positive"
9890,"positive,positive"
9891,"positive,positive"
9892,"positive,positive"
9893,"positive,positive"
9894,"positive,positive"
9895,"negative,negative"
9896,"neutral,neutral"
9897,"positive,positive"
9898,"neutral,neutral"
9899,"neutral,neutral"
9900,"neutral,neutral"
9901,"positive,positive"
9902,"positive,positive"
9903,"negative,negative"
9904,"positive,positive"
9905,"neutral,neutral"
9906,"negative,negative"
9907,"negative,negative"
9908,"positive,positive"
9909,"positive,positive"
9910,"neutral,neutral"
9911,"positive,positive"
9912,"positive,positive"
9913,"positive,positive"
9914,"neutral,neutral"
9915,"neutral,neutral"
9916,"neutral,neutral"
9917,"positive,positive"
9918,"neutral,neutral"
9919,"neutral,neutral"
9920,"neutral,neutral"
9921,"neutral,neutral"
9922,"neutral,neutral"
9923,"neutral,neutral"
9924,"neutral,neutral"
9925,"positive,positive"
9926,"positive,positive"
9927,"neutral,neutral"
9928,"neutral,neutral"
9929,"positive,positive"
9930,"positive,positive"
9931,"positive,positive"
9932,"neutral,neutral"
9933,"positive,positive"
9934,"neutral,neutral"
9935,"positive,positive"
9936,"positive,positive"
9937,"positive,positive"
9938,"neutral,neutral"
9939,"positive,positive"
9940,"positive,positive"
9941,"neutral,neutral"
9942,"positive,positive"
9943,"positive,positive"
9944,"positive,positive"
9945,"neutral,neutral"
9946,"negative,negative"
9947,"neutral,neutral"
9948,"negative,negative"
9949,"positive,positive"
9950,"neutral,neutral"
9951,"positive,positive"
9952,"positive,positive"
9953,"neutral,neutral"
9954,"negative,negative"
9955,"positive,positive"
9956,"negative,negative"
9957,"positive,positive"
9958,"positive,positive"
9959,"neutral,neutral"
9960,"positive,positive"
9961,"neutral,neutral"
9962,"neutral,neutral"
9963,"positive,positive"
9964,"neutral,neutral"
9965,"neutral,neutral"
9966,"positive,positive"
9967,"neutral,neutral"
9968,"positive,positive"
9969,"neutral,neutral"
9970,"positive,positive"
9971,"positive,positive"
9972,"negative,negative"
9973,"positive,positive"
9974,"positive,positive"
9975,"positive,positive"
9976,"positive,positive"
9977,"negative,negative"
9978,"positive,positive"
9979,"negative,negative"
9980,"negative,negative"
9981,"neutral,neutral"
9982,"negative,negative"
9983,"neutral,neutral"
9984,"negative,negative"
9985,"neutral,neutral"
9986,"neutral,neutral"
9987,"positive,positive"
9988,"neutral,neutral"
9989,"neutral,neutral"
9990,"neutral,neutral"
9991,"negative,negative"
9992,"positive,positive"
9993,"positive,positive"
9994,"negative,negative"
9995,"positive,positive"
9996,"positive,positive"
9997,"positive,positive"
9998,"neutral,neutral"
9999,"neutral,neutral"
10000,"positive,positive"
10001,"positive,positive"
10002,"positive,positive"
10003,"positive,positive"
10004,"neutral,neutral"
10005,"negative,negative"
10006,"positive,positive"
10007,"negative,negative"
10008,"neutral,neutral"
10009,"positive,positive"
10010,"positive,positive"
10011,"neutral,neutral"
10012,"neutral,neutral"
10013,"positive,positive"
10014,"neutral,neutral"
10015,"positive,positive"
10016,"positive,positive"
10017,"negative,negative"
10018,"positive,positive"
10019,"positive,positive"
10020,"neutral,neutral"
10021,"neutral,neutral"
10022,"negative,negative"
10023,"neutral,neutral"
10024,"negative,negative"
10025,"positive,positive"
10026,"positive,positive"
10027,"positive,positive"
10028,"negative,negative"
10029,"neutral,neutral"
10030,"positive,positive"
10031,"neutral,neutral"
10032,"neutral,neutral"
10033,"positive,positive"
10034,"positive,positive"
10035,"neutral,neutral"
10036,"positive,positive"
10037,"neutral,neutral"
10038,"positive,positive"
10039,"neutral,neutral"
10040,"negative,negative"
10041,"positive,positive"
10042,"positive,positive"
10043,"neutral,neutral"
10044,"neutral,neutral"
10045,"negative,negative"
10046,"negative,negative"
10047,"neutral,neutral"
10048,"negative,negative"
10049,"neutral,neutral"
10050,"positive,positive"
10051,"positive,positive"
10052,"neutral,neutral"
10053,"negative,negative"
10054,"neutral,neutral"
10055,"neutral,neutral"
10056,"positive,positive"
10057,"neutral,neutral"
10058,"positive,positive"
10059,"positive,positive"
10060,"positive,positive"
10061,"positive,positive"
10062,"neutral,neutral"
10063,"neutral,neutral"
10064,"neutral,neutral"
10065,"neutral,neutral"
10066,"neutral,neutral"
10067,"negative,negative"
10068,"positive,positive"
10069,"positive,positive"
10070,"positive,positive"
10071,"neutral,neutral"
10072,"positive,positive"
10073,"positive,positive"
10074,"positive,positive"
10075,"positive,positive"
10076,"positive,positive"
10077,"neutral,neutral"
10078,"positive,positive"
10079,"positive,positive"
10080,"positive,positive"
10081,"positive,positive"
10082,"neutral,neutral"
10083,"positive,positive"
10084,"positive,positive"
10085,"negative,negative"
10086,"positive,positive"
10087,"negative,negative"
10088,"positive,positive"
10089,"negative,negative"
10090,"neutral,neutral"
10091,"positive,positive"
10092,"positive,positive"
10093,"positive,positive"
10094,"neutral,neutral"
10095,"positive,positive"
10096,"neutral,neutral"
10097,"positive,positive"
10098,"negative,negative"
10099,"positive,positive"
10100,"positive,positive"
10101,"positive,positive"
10102,"positive,positive"
10103,"neutral,neutral"
10104,"neutral,neutral"
10105,"positive,positive"
10106,"positive,positive"
10107,"neutral,neutral"
10108,"positive,positive"
10109,"positive,positive"
10110,"neutral,neutral"
10111,"positive,positive"
10112,"positive,positive"
10113,"neutral,neutral"
10114,"positive,positive"
10115,"neutral,neutral"
10116,"neutral,neutral"
10117,"positive,positive"
10118,"neutral,neutral"
10119,"positive,positive"
10120,"neutral,neutral"
10121,"negative,negative"
10122,"positive,positive"
10123,"neutral,neutral"
10124,"negative,negative"
10125,"positive,positive"
10126,"positive,positive"
10127,"positive,positive"
10128,"neutral,neutral"
10129,"negative,negative"
10130,"positive,positive"
10131,"positive,positive"
10132,"positive,positive"
10133,"negative,negative"
10134,"positive,positive"
10135,"neutral,neutral"
10136,"negative,negative"
10137,"neutral,neutral"
10138,"positive,positive"
10139,"neutral,neutral"
10140,"positive,positive"
10141,"neutral,neutral"
10142,"positive,positive"
10143,"positive,positive"
10144,"neutral,neutral"
10145,"neutral,neutral"
10146,"neutral,neutral"
10147,"neutral,neutral"
10148,"neutral,neutral"
10149,"positive,positive"
10150,"positive,positive"
10151,"positive,positive"
10152,"neutral,neutral"
10153,"neutral,neutral"
10154,"positive,positive"
10155,"neutral,neutral"
10156,"positive,positive"
10157,"positive,positive"
10158,"positive,positive"
10159,"positive,positive"
10160,"positive,positive"
10161,"positive,positive"
10162,"neutral,neutral"
10163,"negative,negative"
10164,"neutral,neutral"
10165,"positive,positive"
10166,"neutral,neutral"
10167,"positive,positive"
10168,"positive,positive"
10169,"negative,negative"
10170,"neutral,neutral"
10171,"positive,positive"
10172,"positive,positive"
10173,"positive,positive"
10174,"neutral,neutral"
10175,"positive,positive"
10176,"positive,positive"
10177,"positive,positive"
10178,"neutral,neutral"
10179,"neutral,neutral"
10180,"positive,positive"
10181,"negative,negative"
10182,"neutral,neutral"
10183,"positive,positive"
10184,"neutral,neutral"
10185,"positive,positive"
10186,"negative,negative"
10187,"positive,positive"
10188,"negative,negative"
10189,"positive,positive"
10190,"negative,negative"
10191,"positive,positive"
10192,"positive,positive"
10193,"positive,positive"
10194,"positive,positive"
10195,"neutral,neutral"
10196,"negative,negative"
10197,"neutral,neutral"
10198,"positive,positive"
10199,"positive,positive"
10200,"neutral,neutral"
10201,"positive,positive"
10202,"positive,positive"
10203,"neutral,neutral"
10204,"positive,positive"
10205,"positive,positive"
10206,"negative,negative"
10207,"positive,positive"
10208,"positive,positive"
10209,"neutral,neutral"
10210,"positive,positive"
10211,"neutral,neutral"
10212,"positive,positive"
10213,"neutral,neutral"
10214,"neutral,neutral"
10215,"neutral,neutral"
10216,"positive,positive"
10217,"neutral,neutral"
10218,"positive,positive"
10219,"positive,positive"
10220,"negative,negative"
10221,"positive,positive"
10222,"positive,positive"
10223,"positive,positive"
10224,"neutral,neutral"
10225,"neutral,neutral"
10226,"positive,positive"
10227,"positive,positive"
10228,"neutral,neutral"
10229,"positive,positive"
10230,"positive,positive"
10231,"positive,positive"
10232,"neutral,neutral"
10233,"positive,positive"
10234,"positive,positive"
10235,"positive,positive"
10236,"positive,positive"
10237,"negative,negative"
10238,"positive,positive"
10239,"neutral,neutral"
10240,"negative,negative"
10241,"positive,positive"
10242,"positive,positive"
10243,"neutral,neutral"
10244,"positive,positive"
10245,"positive,positive"
10246,"neutral,neutral"
10247,"negative,negative"
10248,"positive,positive"
10249,"positive,positive"
10250,"positive,positive"
10251,"positive,positive"
10252,"neutral,neutral"
10253,"neutral,neutral"
10254,"neutral,neutral"
10255,"negative,negative"
10256,"positive,positive"
10257,"positive,positive"
10258,"positive,positive"
10259,"positive,positive"
10260,"neutral,neutral"
10261,"neutral,neutral"
10262,"positive,positive"
10263,"neutral,neutral"
10264,"positive,positive"
10265,"positive,positive"
10266,"neutral,neutral"
10267,"positive,positive"
10268,"neutral,neutral"
10269,"positive,positive"
10270,"negative,negative"
10271,"neutral,neutral"
10272,"neutral,neutral"
10273,"positive,positive"
10274,"positive,positive"
10275,"positive,positive"
10276,"neutral,neutral"
10277,"positive,positive"
10278,"neutral,neutral"
10279,"positive,positive"
10280,"positive,positive"
10281,"positive,positive"
10282,"neutral,neutral"
10283,"positive,positive"
10284,"positive,positive"
10285,"neutral,neutral"
10286,"negative,negative"
10287,"positive,positive"
10288,"positive,positive"
10289,"positive,positive"
10290,"positive,positive"
10291,"positive,positive"
10292,"positive,positive"
10293,"positive,positive"
10294,"negative,negative"
10295,"positive,positive"
10296,"positive,positive"
10297,"neutral,neutral"
10298,"positive,positive"
10299,"positive,positive"
10300,"positive,positive"
10301,"neutral,neutral"
10302,"neutral,neutral"
10303,"neutral,neutral"
10304,"positive,positive"
10305,"positive,positive"
10306,"positive,positive"
10307,"neutral,neutral"
10308,"positive,positive"
10309,"neutral,neutral"
10310,"neutral,neutral"
10311,"neutral,neutral"
10312,"neutral,neutral"
10313,"positive,positive"
10314,"negative,negative"
10315,"positive,positive"
10316,"positive,positive"
10317,"positive,positive"
10318,"positive,positive"
10319,"positive,positive"
10320,"neutral,neutral"
10321,"positive,positive"
10322,"positive,positive"
10323,"positive,positive"
10324,"neutral,neutral"
10325,"neutral,neutral"
10326,"positive,positive"
10327,"positive,positive"
10328,"positive,positive"
10329,"neutral,neutral"
10330,"positive,positive"
10331,"neutral,neutral"
10332,"positive,positive"
10333,"positive,positive"
10334,"neutral,neutral"
10335,"neutral,neutral"
10336,"positive,positive"
10337,"positive,positive"
10338,"positive,positive"
10339,"positive,positive"
10340,"positive,positive"
10341,"neutral,neutral"
10342,"positive,positive"
10343,"positive,positive"
10344,"neutral,neutral"
10345,"neutral,neutral"
10346,"positive,positive"
10347,"positive,positive"
10348,"positive,positive"
10349,"positive,positive"
10350,"positive,positive"
10351,"positive,positive"
10352,"neutral,neutral"
10353,"positive,positive"
10354,"neutral,neutral"
10355,"positive,positive"
10356,"positive,positive"
10357,"neutral,neutral"
10358,"negative,negative"
10359,"neutral,neutral"
10360,"positive,positive"
10361,"positive,positive"
10362,"positive,positive"
10363,"positive,positive"
10364,"positive,positive"
10365,"positive,positive"
10366,"negative,negative"
10367,"positive,positive"
10368,"positive,positive"
10369,"positive,positive"
10370,"positive,positive"
10371,"positive,positive"
10372,"negative,negative"
10373,"positive,positive"
10374,"positive,positive"
10375,"neutral,neutral"
10376,"positive,positive"
10377,"positive,positive"
10378,"positive,positive"
10379,"neutral,neutral"
10380,"negative,negative"
10381,"positive,positive"
10382,"positive,positive"
10383,"neutral,neutral"
10384,"neutral,neutral"
10385,"neutral,neutral"
10386,"positive,positive"
10387,"neutral,neutral"
10388,"positive,positive"
10389,"neutral,neutral"
10390,"positive,positive"
10391,"positive,positive"
10392,"neutral,neutral"
10393,"positive,positive"
10394,"neutral,neutral"
10395,"neutral,neutral"
10396,"negative,negative"
10397,"positive,positive"
10398,"neutral,neutral"
10399,"negative,negative"
10400,"positive,positive"
10401,"positive,positive"
10402,"positive,positive"
10403,"positive,positive"
10404,"positive,positive"
10405,"neutral,neutral"
10406,"positive,positive"
10407,"positive,positive"
10408,"positive,positive"
10409,"positive,positive"
10410,"neutral,neutral"
10411,"negative,negative"
10412,"positive,positive"
10413,"positive,positive"
10414,"positive,positive"
10415,"neutral,neutral"
10416,"positive,positive"
10417,"positive,positive"
10418,"positive,positive"
10419,"neutral,neutral"
10420,"positive,positive"
10421,"positive,positive"
10422,"positive,positive"
10423,"positive,positive"
10424,"neutral,neutral"
10425,"positive,positive"
10426,"positive,positive"
10427,"positive,positive"
10428,"neutral,neutral"
10429,"positive,positive"
10430,"positive,positive"
10431,"negative,negative"
10432,"neutral,neutral"
10433,"positive,positive"
10434,"positive,positive"
10435,"positive,positive"
10436,"positive,positive"
10437,"positive,positive"
10438,"neutral,neutral"
10439,"negative,negative"
10440,"positive,positive"
10441,"neutral,neutral"
10442,"positive,positive"
10443,"positive,positive"
10444,"positive,positive"
10445,"positive,positive"
10446,"positive,positive"
10447,"neutral,neutral"
10448,"positive,positive"
10449,"neutral,neutral"
10450,"positive,positive"
10451,"positive,positive"
10452,"positive,positive"
10453,"positive,positive"
10454,"positive,positive"
10455,"neutral,neutral"
10456,"neutral,neutral"
10457,"negative,negative"
10458,"positive,positive"
10459,"negative,negative"
10460,"neutral,neutral"
10461,"neutral,neutral"
10462,"neutral,neutral"
10463,"positive,positive"
10464,"neutral,neutral"
10465,"neutral,neutral"
10466,"positive,positive"
10467,"neutral,neutral"
10468,"neutral,neutral"
10469,"positive,positive"
10470,"neutral,neutral"
10471,"positive,positive"
10472,"positive,positive"
10473,"positive,positive"
10474,"neutral,neutral"
10475,"positive,positive"
10476,"positive,positive"
10477,"neutral,neutral"
10478,"positive,positive"
10479,"neutral,neutral"
10480,"positive,positive"
10481,"positive,positive"
10482,"positive,positive"
10483,"neutral,neutral"
10484,"positive,positive"
10485,"positive,positive"
10486,"positive,positive"
10487,"positive,positive"
10488,"positive,positive"
10489,"negative,negative"
10490,"positive,positive"
10491,"negative,negative"
10492,"neutral,neutral"
10493,"neutral,neutral"
10494,"positive,positive"
10495,"positive,positive"
10496,"positive,positive"
10497,"positive,positive"
10498,"positive,positive"
10499,"negative,negative"
10500,"positive,positive"
10501,"neutral,neutral"
10502,"positive,positive"
10503,"positive,positive"
10504,"negative,negative"
10505,"positive,positive"
10506,"positive,positive"
10507,"positive,positive"
10508,"negative,negative"
10509,"positive,positive"
10510,"positive,positive"
10511,"neutral,neutral"
10512,"positive,positive"
10513,"positive,positive"
10514,"negative,negative"
10515,"neutral,neutral"
10516,"positive,positive"
10517,"positive,positive"
10518,"neutral,neutral"
10519,"neutral,neutral"
10520,"neutral,neutral"
10521,"neutral,neutral"
10522,"positive,positive"
10523,"positive,positive"
10524,"positive,positive"
10525,"positive,positive"
10526,"negative,negative"
10527,"negative,negative"
10528,"positive,positive"
10529,"neutral,neutral"
10530,"positive,positive"
10531,"positive,positive"
10532,"positive,positive"
10533,"neutral,neutral"
10534,"positive,positive"
10535,"neutral,neutral"
10536,"positive,positive"
10537,"positive,positive"
10538,"positive,positive"
10539,"positive,positive"
10540,"positive,positive"
10541,"neutral,neutral"
10542,"negative,negative"
10543,"neutral,neutral"
10544,"positive,positive"
10545,"neutral,neutral"
10546,"positive,positive"
10547,"neutral,neutral"
10548,"positive,positive"
10549,"neutral,neutral"
10550,"positive,positive"
10551,"negative,negative"
10552,"positive,positive"
10553,"neutral,neutral"
10554,"neutral,neutral"
10555,"positive,positive"
10556,"neutral,neutral"
10557,"positive,positive"
10558,"positive,positive"
10559,"positive,positive"
10560,"neutral,neutral"
10561,"negative,negative"
10562,"positive,positive"
10563,"positive,positive"
10564,"positive,positive"
10565,"positive,positive"
10566,"neutral,neutral"
10567,"negative,negative"
10568,"negative,negative"
10569,"positive,positive"
10570,"positive,positive"
10571,"negative,negative"
10572,"neutral,neutral"
10573,"positive,positive"
10574,"positive,positive"
10575,"positive,positive"
10576,"positive,positive"
10577,"positive,positive"
10578,"neutral,neutral"
10579,"negative,negative"
10580,"positive,positive"
10581,"positive,positive"
10582,"negative,negative"
10583,"negative,negative"
10584,"positive,positive"
10585,"positive,positive"
10586,"positive,positive"
10587,"positive,positive"
10588,"positive,positive"
10589,"positive,positive"
10590,"negative,negative"
10591,"positive,positive"
10592,"neutral,neutral"
10593,"positive,positive"
10594,"positive,positive"
10595,"positive,positive"
10596,"neutral,neutral"
10597,"positive,positive"
10598,"neutral,neutral"
10599,"positive,positive"
10600,"positive,positive"
10601,"positive,positive"
10602,"neutral,neutral"
10603,"positive,positive"
10604,"positive,positive"
10605,"positive,positive"
10606,"positive,positive"
10607,"positive,positive"
10608,"neutral,neutral"
10609,"positive,positive"
10610,"positive,positive"
10611,"positive,positive"
10612,"positive,positive"
10613,"positive,positive"
10614,"negative,negative"
10615,"negative,negative"
10616,"positive,positive"
10617,"positive,positive"
10618,"positive,positive"
10619,"positive,positive"
10620,"neutral,neutral"
10621,"negative,negative"
10622,"positive,positive"
10623,"positive,positive"
10624,"neutral,neutral"
10625,"negative,negative"
10626,"neutral,neutral"
10627,"positive,positive"
10628,"neutral,neutral"
10629,"negative,negative"
10630,"neutral,neutral"
10631,"positive,positive"
10632,"positive,positive"
10633,"positive,positive"
10634,"positive,positive"
10635,"positive,positive"
10636,"neutral,neutral"
10637,"neutral,neutral"
10638,"neutral,neutral"
10639,"negative,negative"
10640,"neutral,neutral"
10641,"neutral,neutral"
10642,"negative,negative"
10643,"negative,negative"
10644,"negative,negative"
10645,"positive,positive"
10646,"positive,positive"
10647,"neutral,neutral"
10648,"positive,positive"
10649,"positive,positive"
10650,"positive,positive"
10651,"positive,positive"
10652,"negative,negative"
10653,"positive,positive"
10654,"positive,positive"
10655,"negative,negative"
10656,"positive,positive"
10657,"positive,positive"
10658,"negative,negative"
10659,"positive,positive"
10660,"positive,positive"
10661,"positive,positive"
10662,"positive,positive"
10663,"positive,positive"
10664,"positive,positive"
10665,"neutral,neutral"
10666,"neutral,neutral"
10667,"positive,positive"
10668,"positive,positive"
10669,"positive,positive"
10670,"positive,positive"
10671,"positive,positive"
10672,"positive,positive"
10673,"negative,negative"
10674,"positive,positive"
10675,"positive,positive"
10676,"positive,positive"
10677,"neutral,neutral"
10678,"positive,positive"
10679,"positive,positive"
10680,"neutral,neutral"
10681,"positive,positive"
10682,"positive,positive"
10683,"neutral,neutral"
10684,"positive,positive"
10685,"neutral,neutral"
10686,"positive,positive"
10687,"neutral,neutral"
10688,"neutral,neutral"
10689,"positive,positive"
10690,"positive,positive"
10691,"positive,positive"
10692,"positive,positive"
10693,"positive,positive"
10694,"positive,positive"
10695,"neutral,neutral"
10696,"positive,positive"
10697,"positive,positive"
10698,"positive,positive"
10699,"negative,negative"
10700,"neutral,neutral"
10701,"positive,positive"
10702,"neutral,neutral"
10703,"positive,positive"
10704,"positive,positive"
10705,"neutral,neutral"
10706,"positive,positive"
10707,"positive,positive"
10708,"positive,positive"
10709,"positive,positive"
10710,"positive,positive"
10711,"neutral,neutral"
10712,"neutral,neutral"
10713,"positive,positive"
10714,"positive,positive"
10715,"positive,positive"
10716,"negative,negative"
10717,"positive,positive"
10718,"neutral,neutral"
10719,"neutral,neutral"
10720,"positive,positive"
10721,"neutral,neutral"
10722,"neutral,neutral"
10723,"positive,positive"
10724,"positive,positive"
10725,"neutral,neutral"
10726,"negative,negative"
10727,"negative,negative"
10728,"positive,positive"
10729,"positive,positive"
10730,"positive,positive"
10731,"positive,positive"
10732,"neutral,neutral"
10733,"positive,positive"
10734,"positive,positive"
10735,"positive,positive"
10736,"positive,positive"
10737,"positive,positive"
10738,"neutral,neutral"
10739,"positive,positive"
10740,"neutral,neutral"
10741,"negative,negative"
10742,"neutral,neutral"
10743,"positive,positive"
10744,"positive,positive"
10745,"negative,negative"
10746,"negative,negative"
10747,"positive,positive"
10748,"positive,positive"
10749,"neutral,neutral"
10750,"neutral,neutral"
10751,"positive,positive"
10752,"positive,positive"
10753,"positive,positive"
10754,"positive,positive"
10755,"positive,positive"
10756,"neutral,neutral"
10757,"positive,positive"
10758,"positive,positive"
10759,"negative,negative"
10760,"positive,positive"
10761,"neutral,neutral"
10762,"positive,positive"
10763,"positive,positive"
10764,"positive,positive"
10765,"neutral,neutral"
10766,"negative,negative"
10767,"positive,positive"
10768,"positive,positive"
10769,"positive,positive"
10770,"positive,positive"
10771,"positive,positive"
10772,"positive,positive"
10773,"neutral,neutral"
10774,"negative,negative"
10775,"positive,positive"
10776,"positive,positive"
10777,"positive,positive"
10778,"positive,positive"
10779,"positive,positive"
10780,"neutral,neutral"
10781,"positive,positive"
10782,"positive,positive"
10783,"neutral,neutral"
10784,"positive,positive"
10785,"positive,positive"
10786,"neutral,neutral"
10787,"neutral,neutral"
10788,"positive,positive"
10789,"positive,positive"
10790,"positive,positive"
10791,"positive,positive"
10792,"neutral,neutral"
10793,"negative,negative"
10794,"negative,negative"
10795,"positive,positive"
10796,"negative,negative"
10797,"positive,positive"
10798,"neutral,neutral"
10799,"negative,negative"
10800,"positive,positive"
10801,"positive,positive"
10802,"positive,positive"
10803,"neutral,neutral"
10804,"positive,positive"
10805,"neutral,neutral"
10806,"negative,negative"
10807,"positive,positive"
10808,"neutral,neutral"
10809,"positive,positive"
10810,"neutral,neutral"
10811,"positive,positive"
10812,"neutral,neutral"
10813,"positive,positive"
10814,"neutral,neutral"
10815,"neutral,neutral"
10816,"positive,positive"
10817,"positive,positive"
10818,"positive,positive"
10819,"positive,positive"
10820,"negative,negative"
10821,"positive,positive"
10822,"positive,positive"
10823,"positive,positive"
10824,"neutral,neutral"
10825,"neutral,neutral"
10826,"positive,positive"
10827,"neutral,neutral"
10828,"positive,positive"
10829,"positive,positive"
10830,"positive,positive"
10831,"positive,positive"
10832,"positive,positive"
10833,"positive,positive"
10834,"neutral,neutral"
10835,"neutral,neutral"
10836,"negative,negative"
10837,"neutral,neutral"
10838,"positive,positive"
10839,"positive,positive"
10840,"positive,positive"
10841,"neutral,neutral"
10842,"positive,positive"
10843,"positive,positive"
10844,"positive,positive"
10845,"positive,positive"
10846,"positive,positive"
10847,"neutral,neutral"
10848,"positive,positive"
10849,"positive,positive"
10850,"positive,positive"
10851,"positive,positive"
10852,"positive,positive"
10853,"positive,positive"
10854,"negative,negative"
10855,"neutral,neutral"
10856,"positive,positive"
10857,"neutral,neutral"
10858,"positive,positive"
10859,"neutral,neutral"
10860,"positive,positive"
10861,"neutral,neutral"
10862,"positive,positive"
10863,"positive,positive"
10864,"positive,positive"
10865,"neutral,neutral"
10866,"positive,positive"
10867,"neutral,neutral"
10868,"positive,positive"
10869,"negative,negative"
10870,"positive,positive"
10871,"positive,positive"
10872,"positive,positive"
10873,"neutral,neutral"
10874,"neutral,neutral"
10875,"neutral,neutral"
10876,"negative,negative"
10877,"positive,positive"
10878,"positive,positive"
10879,"positive,positive"
10880,"positive,positive"
10881,"neutral,neutral"
10882,"positive,positive"
10883,"neutral,neutral"
10884,"positive,positive"
10885,"neutral,neutral"
10886,"neutral,neutral"
10887,"neutral,neutral"
10888,"positive,positive"
10889,"positive,positive"
10890,"positive,positive"
10891,"neutral,neutral"
10892,"neutral,neutral"
10893,"positive,positive"
10894,"neutral,neutral"
10895,"positive,positive"
10896,"negative,negative"
10897,"positive,positive"
10898,"positive,positive"
10899,"positive,positive"
10900,"negative,negative"
10901,"positive,positive"
10902,"positive,positive"
10903,"positive,positive"
10904,"positive,positive"
10905,"positive,positive"
10906,"neutral,neutral"
10907,"positive,positive"
10908,"positive,positive"
10909,"positive,positive"
10910,"positive,positive"
10911,"neutral,neutral"
10912,"positive,positive"
10913,"positive,positive"
10914,"positive,positive"
10915,"positive,positive"
10916,"positive,positive"
10917,"negative,negative"
10918,"positive,positive"
10919,"positive,positive"
10920,"neutral,neutral"
10921,"positive,positive"
10922,"positive,positive"
10923,"positive,positive"
10924,"positive,positive"
10925,"neutral,neutral"
10926,"neutral,neutral"
10927,"neutral,neutral"
10928,"positive,positive"
10929,"positive,positive"
10930,"positive,positive"
10931,"positive,positive"
10932,"negative,negative"
10933,"positive,positive"
10934,"positive,positive"
10935,"negative,negative"
10936,"positive,positive"
10937,"positive,positive"
10938,"neutral,neutral"
10939,"positive,positive"
10940,"positive,positive"
10941,"positive,positive"
10942,"positive,positive"
10943,"neutral,neutral"
10944,"neutral,neutral"
10945,"neutral,neutral"
10946,"neutral,neutral"
10947,"positive,positive"
10948,"neutral,neutral"
10949,"positive,positive"
10950,"positive,positive"
10951,"positive,positive"
10952,"positive,positive"
10953,"negative,negative"
10954,"neutral,neutral"
10955,"neutral,neutral"
10956,"neutral,neutral"
10957,"neutral,neutral"
10958,"negative,negative"
10959,"positive,positive"
10960,"positive,positive"
10961,"neutral,neutral"
10962,"positive,positive"
10963,"neutral,neutral"
10964,"positive,positive"
10965,"positive,positive"
10966,"positive,positive"
10967,"neutral,neutral"
10968,"negative,negative"
10969,"positive,positive"
10970,"positive,positive"
10971,"neutral,neutral"
10972,"positive,positive"
10973,"neutral,neutral"
10974,"positive,positive"
10975,"positive,positive"
10976,"positive,positive"
10977,"positive,positive"
10978,"positive,positive"
10979,"positive,positive"
10980,"neutral,neutral"
10981,"positive,positive"
10982,"positive,positive"
10983,"positive,positive"
10984,"neutral,neutral"
10985,"positive,positive"
10986,"positive,positive"
10987,"positive,positive"
10988,"negative,negative"
10989,"negative,negative"
10990,"positive,positive"
10991,"positive,positive"
10992,"neutral,neutral"
10993,"positive,positive"
10994,"negative,negative"
10995,"positive,positive"
10996,"positive,positive"
10997,"positive,positive"
10998,"positive,positive"
10999,"positive,positive"
11000,"positive,positive"
11001,"positive,positive"
11002,"positive,positive"
11003,"negative,negative"
11004,"neutral,neutral"
11005,"positive,positive"
11006,"positive,positive"
11007,"positive,positive"
11008,"positive,positive"
11009,"positive,positive"
11010,"neutral,neutral"
11011,"neutral,neutral"
11012,"positive,positive"
11013,"positive,positive"
11014,"positive,positive"
11015,"positive,positive"
11016,"negative,negative"
11017,"neutral,neutral"
11018,"positive,positive"
11019,"positive,positive"
11020,"positive,positive"
11021,"positive,positive"
11022,"positive,positive"
11023,"neutral,neutral"
11024,"neutral,neutral"
11025,"positive,positive"
11026,"positive,positive"
11027,"negative,negative"
11028,"positive,positive"
11029,"positive,positive"
11030,"negative,negative"
11031,"positive,positive"
11032,"positive,positive"
11033,"positive,positive"
11034,"positive,positive"
11035,"positive,positive"
11036,"positive,positive"
11037,"neutral,neutral"
11038,"positive,positive"
11039,"positive,positive"
11040,"positive,positive"
11041,"positive,positive"
11042,"positive,positive"
11043,"positive,positive"
11044,"positive,positive"
11045,"positive,positive"
11046,"neutral,neutral"
11047,"neutral,neutral"
11048,"positive,positive"
11049,"positive,positive"
11050,"positive,positive"
11051,"negative,negative"
11052,"positive,positive"
11053,"positive,positive"
11054,"positive,positive"
11055,"positive,positive"
11056,"neutral,neutral"
11057,"positive,positive"
11058,"positive,positive"
11059,"neutral,neutral"
11060,"positive,positive"
11061,"positive,positive"
11062,"neutral,neutral"
11063,"neutral,neutral"
11064,"neutral,neutral"
11065,"neutral,neutral"
11066,"positive,positive"
11067,"positive,positive"
11068,"positive,positive"
11069,"positive,positive"
11070,"negative,negative"
11071,"positive,positive"
11072,"neutral,neutral"
11073,"negative,negative"
11074,"positive,positive"
11075,"positive,positive"
11076,"neutral,neutral"
11077,"positive,positive"
11078,"positive,positive"
11079,"positive,positive"
11080,"neutral,neutral"
11081,"positive,positive"
11082,"positive,positive"
11083,"positive,positive"
11084,"positive,positive"
11085,"negative,negative"
11086,"positive,positive"
11087,"positive,positive"
11088,"positive,positive"
11089,"positive,positive"
11090,"neutral,neutral"
11091,"positive,positive"
11092,"negative,negative"
11093,"neutral,neutral"
11094,"neutral,neutral"
11095,"neutral,neutral"
11096,"positive,positive"
11097,"positive,positive"
11098,"negative,negative"
11099,"neutral,neutral"
11100,"positive,positive"
11101,"neutral,neutral"
11102,"neutral,neutral"
11103,"positive,positive"
11104,"neutral,neutral"
11105,"neutral,neutral"
11106,"neutral,neutral"
11107,"positive,positive"
11108,"positive,positive"
11109,"negative,negative"
11110,"positive,positive"
11111,"negative,negative"
11112,"neutral,neutral"
11113,"neutral,neutral"
11114,"positive,positive"
11115,"positive,positive"
11116,"positive,positive"
11117,"neutral,neutral"
11118,"neutral,neutral"
11119,"positive,positive"
11120,"positive,positive"
11121,"positive,positive"
11122,"positive,positive"
11123,"neutral,neutral"
11124,"positive,positive"
11125,"neutral,neutral"
11126,"negative,negative"
11127,"neutral,neutral"
11128,"neutral,neutral"
11129,"positive,positive"
11130,"positive,positive"
11131,"positive,positive"
11132,"positive,positive"
11133,"positive,positive"
11134,"neutral,neutral"
11135,"positive,positive"
11136,"positive,positive"
11137,"neutral,neutral"
11138,"neutral,neutral"
11139,"neutral,neutral"
11140,"positive,positive"
11141,"neutral,neutral"
11142,"positive,positive"
11143,"neutral,neutral"
11144,"positive,positive"
11145,"positive,positive"
11146,"positive,positive"
11147,"neutral,neutral"
11148,"positive,positive"
11149,"neutral,neutral"
11150,"positive,positive"
11151,"neutral,neutral"
11152,"negative,negative"
11153,"negative,negative"
11154,"positive,positive"
11155,"negative,negative"
11156,"negative,negative"
11157,"positive,positive"
11158,"neutral,neutral"
11159,"positive,positive"
11160,"positive,positive"
11161,"positive,positive"
11162,"negative,negative"
11163,"positive,positive"
11164,"neutral,neutral"
11165,"positive,positive"
11166,"positive,positive"
11167,"positive,positive"
11168,"neutral,neutral"
11169,"positive,positive"
11170,"positive,positive"
11171,"neutral,neutral"
11172,"positive,positive"
11173,"positive,positive"
11174,"positive,positive"
11175,"positive,positive"
11176,"neutral,neutral"
11177,"positive,positive"
11178,"positive,positive"
11179,"negative,negative"
11180,"negative,negative"
11181,"positive,positive"
11182,"positive,positive"
11183,"neutral,neutral"
11184,"negative,negative"
11185,"positive,positive"
11186,"positive,positive"
11187,"neutral,neutral"
11188,"positive,positive"
11189,"neutral,neutral"
11190,"neutral,neutral"
11191,"positive,positive"
11192,"negative,negative"
11193,"positive,positive"
11194,"positive,positive"
11195,"neutral,neutral"
11196,"positive,positive"
11197,"positive,positive"
11198,"negative,negative"
11199,"positive,positive"
11200,"positive,positive"
11201,"positive,positive"
11202,"neutral,neutral"
11203,"positive,positive"
11204,"positive,positive"
11205,"positive,positive"
11206,"positive,positive"
11207,"neutral,neutral"
11208,"positive,positive"
11209,"positive,positive"
11210,"neutral,neutral"
11211,"positive,positive"
11212,"positive,positive"
11213,"neutral,neutral"
11214,"neutral,neutral"
11215,"positive,positive"
11216,"positive,positive"
11217,"positive,positive"
11218,"positive,positive"
11219,"positive,positive"
11220,"positive,positive"
11221,"positive,positive"
11222,"negative,negative"
11223,"positive,positive"
11224,"positive,positive"
11225,"negative,negative"
11226,"neutral,neutral"
11227,"neutral,neutral"
11228,"positive,positive"
11229,"positive,positive"
11230,"positive,positive"
11231,"positive,positive"
11232,"positive,positive"
11233,"positive,positive"
11234,"positive,positive"
11235,"positive,positive"
11236,"negative,negative"
11237,"positive,positive"
11238,"positive,positive"
11239,"positive,positive"
11240,"positive,positive"
11241,"positive,positive"
11242,"positive,positive"
11243,"neutral,neutral"
11244,"positive,positive"
11245,"neutral,neutral"
11246,"positive,positive"
11247,"positive,positive"
11248,"negative,negative"
11249,"positive,positive"
11250,"positive,positive"
11251,"positive,positive"
11252,"positive,positive"
11253,"neutral,neutral"
11254,"positive,positive"
11255,"neutral,neutral"
11256,"neutral,neutral"
11257,"neutral,neutral"
11258,"positive,positive"
11259,"positive,positive"
11260,"positive,positive"
11261,"positive,positive"
11262,"negative,negative"
11263,"positive,positive"
11264,"positive,positive"
11265,"positive,positive"
11266,"positive,positive"
11267,"positive,positive"
11268,"positive,positive"
11269,"positive,positive"
11270,"positive,positive"
11271,"positive,positive"
11272,"neutral,neutral"
11273,"negative,negative"
11274,"negative,negative"
11275,"negative,negative"
11276,"positive,positive"
11277,"positive,positive"
11278,"neutral,neutral"
11279,"negative,negative"
11280,"negative,negative"
11281,"positive,positive"
11282,"neutral,neutral"
11283,"positive,positive"
11284,"negative,negative"
11285,"positive,positive"
11286,"positive,positive"
11287,"positive,positive"
11288,"positive,positive"
11289,"neutral,neutral"
11290,"positive,positive"
11291,"positive,positive"
11292,"positive,positive"
11293,"positive,positive"
11294,"positive,positive"
11295,"positive,positive"
11296,"positive,positive"
11297,"positive,positive"
11298,"neutral,neutral"
11299,"positive,positive"
11300,"positive,positive"
11301,"positive,positive"
11302,"neutral,neutral"
11303,"positive,positive"
11304,"positive,positive"
11305,"positive,positive"
11306,"neutral,neutral"
11307,"positive,positive"
11308,"positive,positive"
11309,"neutral,neutral"
11310,"positive,positive"
11311,"neutral,neutral"
11312,"neutral,neutral"
11313,"positive,positive"
11314,"positive,positive"
11315,"positive,positive"
11316,"positive,positive"
11317,"positive,positive"
11318,"positive,positive"
11319,"neutral,neutral"
11320,"positive,positive"
11321,"neutral,neutral"
11322,"negative,negative"
11323,"positive,positive"
11324,"neutral,neutral"
11325,"positive,positive"
11326,"positive,positive"
11327,"positive,positive"
11328,"positive,positive"
11329,"positive,positive"
11330,"neutral,neutral"
11331,"positive,positive"
11332,"positive,positive"
11333,"positive,positive"
11334,"neutral,neutral"
11335,"neutral,neutral"
11336,"positive,positive"
11337,"neutral,neutral"
11338,"positive,positive"
11339,"positive,positive"
11340,"positive,positive"
11341,"neutral,neutral"
11342,"negative,negative"
11343,"negative,negative"
11344,"positive,positive"
11345,"positive,positive"
11346,"neutral,neutral"
11347,"positive,positive"
11348,"positive,positive"
11349,"neutral,neutral"
11350,"negative,negative"
11351,"negative,negative"
11352,"positive,positive"
11353,"neutral,neutral"
11354,"neutral,neutral"
11355,"neutral,neutral"
11356,"positive,positive"
11357,"positive,positive"
11358,"positive,positive"
11359,"positive,positive"
11360,"neutral,neutral"
11361,"positive,positive"
11362,"negative,negative"
11363,"positive,positive"
11364,"positive,positive"
11365,"neutral,neutral"
11366,"neutral,neutral"
11367,"neutral,neutral"
11368,"positive,positive"
11369,"positive,positive"
11370,"positive,positive"
11371,"neutral,neutral"
11372,"neutral,neutral"
11373,"positive,positive"
11374,"positive,positive"
11375,"positive,positive"
11376,"positive,positive"
11377,"neutral,neutral"
11378,"positive,positive"
11379,"positive,positive"
11380,"neutral,neutral"
11381,"positive,positive"
11382,"neutral,neutral"
11383,"neutral,neutral"
11384,"negative,negative"
11385,"positive,positive"
11386,"positive,positive"
11387,"positive,positive"
11388,"positive,positive"
11389,"positive,positive"
11390,"positive,positive"
11391,"neutral,neutral"
11392,"neutral,neutral"
11393,"neutral,neutral"
11394,"neutral,neutral"
11395,"positive,positive"
11396,"positive,positive"
11397,"positive,positive"
11398,"negative,negative"
11399,"positive,positive"
11400,"positive,positive"
11401,"positive,positive"
11402,"positive,positive"
11403,"positive,positive"
11404,"positive,positive"
11405,"neutral,neutral"
11406,"positive,positive"
11407,"positive,positive"
11408,"neutral,neutral"
11409,"positive,positive"
11410,"positive,positive"
11411,"neutral,neutral"
11412,"positive,positive"
11413,"positive,positive"
11414,"positive,positive"
11415,"positive,positive"
11416,"positive,positive"
11417,"neutral,neutral"
11418,"negative,negative"
11419,"positive,positive"
11420,"positive,positive"
11421,"positive,positive"
11422,"neutral,neutral"
11423,"neutral,neutral"
11424,"positive,positive"
11425,"positive,positive"
11426,"negative,negative"
11427,"negative,negative"
11428,"neutral,neutral"
11429,"positive,positive"
11430,"positive,positive"
11431,"neutral,neutral"
11432,"negative,negative"
11433,"neutral,neutral"
11434,"neutral,neutral"
11435,"positive,positive"
11436,"negative,negative"
11437,"neutral,neutral"
11438,"neutral,neutral"
11439,"neutral,neutral"
11440,"positive,positive"
11441,"positive,positive"
11442,"positive,positive"
11443,"positive,positive"
11444,"negative,negative"
11445,"positive,positive"
11446,"positive,positive"
11447,"positive,positive"
11448,"positive,positive"
11449,"negative,negative"
11450,"neutral,neutral"
11451,"positive,positive"
11452,"positive,positive"
11453,"positive,positive"
11454,"neutral,neutral"
11455,"positive,positive"
11456,"positive,positive"
11457,"positive,positive"
11458,"neutral,neutral"
11459,"positive,positive"
11460,"positive,positive"
11461,"neutral,neutral"
11462,"positive,positive"
11463,"neutral,neutral"
11464,"positive,positive"
11465,"positive,positive"
11466,"positive,positive"
11467,"positive,positive"
11468,"positive,positive"
11469,"neutral,neutral"
11470,"positive,positive"
11471,"positive,positive"
11472,"neutral,neutral"
11473,"positive,positive"
11474,"positive,positive"
11475,"positive,positive"
11476,"neutral,neutral"
11477,"positive,positive"
11478,"neutral,neutral"
11479,"positive,positive"
11480,"positive,positive"
11481,"negative,negative"
11482,"positive,positive"
11483,"positive,positive"
11484,"neutral,neutral"
11485,"positive,positive"
11486,"neutral,neutral"
11487,"neutral,neutral"
11488,"positive,positive"
11489,"neutral,neutral"
11490,"negative,negative"
11491,"positive,positive"
11492,"positive,positive"
11493,"positive,positive"
11494,"positive,positive"
11495,"positive,positive"
11496,"neutral,neutral"
11497,"neutral,neutral"
11498,"neutral,neutral"
11499,"positive,positive"
11500,"positive,positive"
11501,"positive,positive"
11502,"neutral,neutral"
11503,"positive,positive"
11504,"negative,negative"
11505,"positive,positive"
11506,"positive,positive"
11507,"positive,positive"
11508,"negative,negative"
11509,"neutral,neutral"
11510,"neutral,neutral"
11511,"neutral,neutral"
11512,"neutral,neutral"
11513,"positive,positive"
11514,"positive,positive"
11515,"neutral,neutral"
11516,"neutral,neutral"
11517,"positive,positive"
11518,"negative,negative"
11519,"positive,positive"
11520,"positive,positive"
11521,"negative,negative"
11522,"positive,positive"
11523,"negative,negative"
11524,"positive,positive"
11525,"positive,positive"
11526,"positive,positive"
11527,"positive,positive"
11528,"positive,positive"
11529,"neutral,neutral"
11530,"positive,positive"
11531,"positive,positive"
11532,"neutral,neutral"
11533,"neutral,neutral"
11534,"positive,positive"
11535,"neutral,neutral"
11536,"positive,positive"
11537,"positive,positive"
11538,"neutral,neutral"
11539,"negative,negative"
11540,"neutral,neutral"
11541,"neutral,neutral"
11542,"neutral,neutral"
11543,"negative,negative"
11544,"positive,positive"
11545,"positive,positive"
11546,"positive,positive"
11547,"positive,positive"
11548,"neutral,neutral"
11549,"negative,negative"
11550,"positive,positive"
11551,"positive,positive"
11552,"positive,positive"
11553,"negative,negative"
11554,"positive,positive"
11555,"neutral,neutral"
11556,"neutral,neutral"
11557,"neutral,neutral"
11558,"positive,positive"
11559,"neutral,neutral"
11560,"positive,positive"
11561,"negative,negative"
11562,"neutral,neutral"
11563,"positive,positive"
11564,"positive,positive"
11565,"neutral,neutral"
11566,"positive,positive"
11567,"positive,positive"
11568,"neutral,neutral"
11569,"neutral,neutral"
11570,"neutral,neutral"
11571,"positive,positive"
11572,"positive,positive"
11573,"negative,negative"
11574,"positive,positive"
11575,"positive,positive"
11576,"neutral,neutral"
11577,"positive,positive"
11578,"positive,positive"
11579,"positive,positive"
11580,"positive,positive"
11581,"positive,positive"
11582,"negative,negative"
11583,"positive,positive"
11584,"negative,negative"
11585,"positive,positive"
11586,"positive,positive"
11587,"positive,positive"
11588,"neutral,neutral"
11589,"positive,positive"
11590,"positive,positive"
11591,"neutral,neutral"
11592,"positive,positive"
11593,"negative,negative"
11594,"negative,negative"
11595,"positive,positive"
11596,"positive,positive"
11597,"positive,positive"
11598,"positive,positive"
11599,"positive,positive"
11600,"neutral,neutral"
11601,"neutral,neutral"
11602,"negative,negative"
11603,"positive,positive"
11604,"positive,positive"
11605,"negative,negative"
11606,"positive,positive"
11607,"positive,positive"
11608,"positive,positive"
11609,"positive,positive"
11610,"neutral,neutral"
11611,"positive,positive"
11612,"positive,positive"
11613,"positive,positive"
11614,"negative,negative"
11615,"positive,positive"
11616,"positive,positive"
11617,"positive,positive"
11618,"negative,negative"
11619,"positive,positive"
11620,"positive,positive"
11621,"positive,positive"
11622,"positive,positive"
11623,"positive,positive"
11624,"positive,positive"
11625,"positive,positive"
11626,"negative,negative"
11627,"positive,positive"
11628,"neutral,neutral"
11629,"positive,positive"
11630,"positive,positive"
11631,"neutral,neutral"
11632,"neutral,neutral"
11633,"positive,positive"
11634,"positive,positive"
11635,"positive,positive"
11636,"positive,positive"
11637,"positive,positive"
11638,"positive,positive"
11639,"positive,positive"
11640,"positive,positive"
11641,"positive,positive"
11642,"negative,negative"
11643,"positive,positive"
11644,"positive,positive"
11645,"positive,positive"
11646,"neutral,neutral"
11647,"negative,negative"
11648,"neutral,neutral"
11649,"positive,positive"
11650,"positive,positive"
11651,"positive,positive"
11652,"positive,positive"
11653,"positive,positive"
11654,"neutral,neutral"
11655,"negative,negative"
11656,"positive,positive"
11657,"positive,positive"
11658,"neutral,neutral"
11659,"positive,positive"
11660,"positive,positive"
11661,"neutral,neutral"
11662,"positive,positive"
11663,"negative,negative"
11664,"positive,positive"
11665,"positive,positive"
11666,"neutral,neutral"
11667,"neutral,neutral"
11668,"positive,positive"
11669,"negative,negative"
11670,"positive,positive"
11671,"positive,positive"
11672,"positive,positive"
11673,"positive,positive"
11674,"positive,positive"
11675,"positive,positive"
11676,"neutral,neutral"
11677,"positive,positive"
11678,"positive,positive"
11679,"neutral,neutral"
11680,"positive,positive"
11681,"neutral,neutral"
11682,"positive,positive"
11683,"negative,negative"
11684,"negative,negative"
11685,"neutral,neutral"
11686,"neutral,neutral"
11687,"neutral,neutral"
11688,"positive,positive"
11689,"positive,positive"
11690,"positive,positive"
11691,"positive,positive"
11692,"neutral,neutral"
11693,"positive,positive"
11694,"positive,positive"
11695,"neutral,neutral"
11696,"neutral,neutral"
11697,"neutral,neutral"
11698,"positive,positive"
11699,"positive,positive"
11700,"neutral,neutral"
11701,"positive,positive"
11702,"positive,positive"
11703,"positive,positive"
11704,"negative,negative"
11705,"positive,positive"
11706,"positive,positive"
11707,"positive,positive"
11708,"positive,positive"
11709,"positive,positive"
11710,"positive,positive"
11711,"positive,positive"
11712,"positive,positive"
11713,"neutral,neutral"
11714,"negative,negative"
11715,"neutral,neutral"
11716,"negative,negative"
11717,"negative,negative"
11718,"negative,negative"
11719,"positive,positive"
11720,"negative,negative"
11721,"negative,negative"
11722,"positive,positive"
11723,"positive,positive"
11724,"positive,positive"
11725,"neutral,neutral"
11726,"positive,positive"
11727,"positive,positive"
11728,"negative,negative"
11729,"neutral,neutral"
11730,"positive,positive"
11731,"positive,positive"
11732,"neutral,neutral"
11733,"neutral,neutral"
11734,"neutral,neutral"
11735,"neutral,neutral"
11736,"positive,positive"
11737,"positive,positive"
11738,"positive,positive"
11739,"positive,positive"
11740,"positive,positive"
11741,"neutral,neutral"
11742,"positive,positive"
11743,"neutral,neutral"
11744,"negative,negative"
11745,"positive,positive"
11746,"positive,positive"
11747,"positive,positive"
11748,"positive,positive"
11749,"positive,positive"
11750,"positive,positive"
11751,"positive,positive"
11752,"positive,positive"
11753,"positive,positive"
11754,"positive,positive"
11755,"positive,positive"
11756,"neutral,neutral"
11757,"neutral,neutral"
11758,"positive,positive"
11759,"positive,positive"
11760,"neutral,neutral"
11761,"neutral,neutral"
11762,"neutral,neutral"
11763,"positive,positive"
11764,"neutral,neutral"
11765,"positive,positive"
11766,"positive,positive"
11767,"positive,positive"
11768,"positive,positive"
11769,"positive,positive"
11770,"positive,positive"
11771,"positive,positive"
11772,"neutral,neutral"
11773,"positive,positive"
11774,"positive,positive"
11775,"positive,positive"
11776,"positive,positive"
11777,"positive,positive"
11778,"neutral,neutral"
11779,"positive,positive"
11780,"neutral,neutral"
11781,"positive,positive"
11782,"positive,positive"
11783,"neutral,neutral"
11784,"neutral,neutral"
11785,"neutral,neutral"
11786,"negative,negative"
11787,"positive,positive"
11788,"positive,positive"
11789,"positive,positive"
11790,"positive,positive"
11791,"positive,positive"
11792,"neutral,neutral"
11793,"neutral,neutral"
11794,"positive,positive"
11795,"negative,negative"
11796,"positive,positive"
11797,"negative,negative"
11798,"positive,positive"
11799,"positive,positive"
11800,"positive,positive"
11801,"positive,positive"
11802,"positive,positive"
11803,"positive,positive"
11804,"neutral,neutral"
11805,"neutral,neutral"
11806,"positive,positive"
11807,"neutral,neutral"
11808,"positive,positive"
11809,"positive,positive"
11810,"positive,positive"
11811,"positive,positive"
11812,"positive,positive"
11813,"positive,positive"
11814,"positive,positive"
11815,"positive,positive"
11816,"negative,negative"
11817,"positive,positive"
11818,"positive,positive"
11819,"positive,positive"
11820,"neutral,neutral"
11821,"positive,positive"
11822,"neutral,neutral"
11823,"positive,positive"
11824,"neutral,neutral"
11825,"positive,positive"
11826,"positive,positive"
11827,"neutral,neutral"
11828,"positive,positive"
11829,"positive,positive"
11830,"neutral,neutral"
11831,"positive,positive"
11832,"neutral,neutral"
11833,"positive,positive"
11834,"positive,positive"
11835,"positive,positive"
11836,"positive,positive"
11837,"positive,positive"
11838,"negative,negative"
11839,"negative,negative"
11840,"positive,positive"
11841,"positive,positive"
11842,"neutral,neutral"
11843,"positive,positive"
11844,"neutral,neutral"
11845,"positive,positive"
11846,"neutral,neutral"
11847,"neutral,neutral"
11848,"positive,positive"
11849,"neutral,neutral"
11850,"neutral,neutral"
11851,"positive,positive"
11852,"positive,positive"
11853,"negative,negative"
11854,"positive,positive"
11855,"positive,positive"
11856,"negative,negative"
11857,"neutral,neutral"
11858,"neutral,neutral"
11859,"neutral,neutral"
11860,"positive,positive"
11861,"positive,positive"
11862,"positive,positive"
11863,"positive,positive"
11864,"neutral,neutral"
11865,"positive,positive"
11866,"neutral,neutral"
11867,"positive,positive"
11868,"positive,positive"
11869,"negative,negative"
11870,"positive,positive"
11871,"neutral,neutral"
11872,"positive,positive"
11873,"positive,positive"
11874,"positive,positive"
11875,"positive,positive"
11876,"neutral,neutral"
11877,"positive,positive"
11878,"negative,negative"
11879,"positive,positive"
11880,"negative,negative"
11881,"negative,negative"
11882,"neutral,neutral"
11883,"positive,positive"
11884,"positive,positive"
11885,"neutral,neutral"
11886,"positive,positive"
11887,"positive,positive"
11888,"positive,positive"
11889,"neutral,neutral"
11890,"positive,positive"
11891,"neutral,neutral"
11892,"neutral,neutral"
11893,"positive,positive"
11894,"positive,positive"
11895,"positive,positive"
11896,"negative,negative"
11897,"negative,negative"
11898,"neutral,neutral"
11899,"positive,positive"
11900,"positive,positive"
11901,"positive,positive"
11902,"negative,negative"
11903,"positive,positive"
11904,"neutral,neutral"
11905,"negative,negative"
11906,"positive,positive"
11907,"positive,positive"
11908,"positive,positive"
11909,"neutral,neutral"
11910,"neutral,neutral"
11911,"negative,negative"
11912,"positive,positive"
11913,"negative,negative"
11914,"positive,positive"
11915,"neutral,neutral"
11916,"positive,positive"
11917,"positive,positive"
11918,"positive,positive"
11919,"positive,positive"
11920,"positive,positive"
11921,"positive,positive"
11922,"positive,positive"
11923,"positive,positive"
11924,"positive,positive"
11925,"positive,positive"
11926,"positive,positive"
11927,"positive,positive"
11928,"positive,positive"
11929,"positive,positive"
11930,"neutral,neutral"
11931,"positive,positive"
11932,"positive,positive"
11933,"positive,positive"
11934,"neutral,neutral"
11935,"negative,negative"
11936,"neutral,neutral"
11937,"neutral,neutral"
11938,"positive,positive"
11939,"positive,positive"
11940,"positive,positive"
11941,"positive,positive"
11942,"negative,negative"
11943,"positive,positive"
11944,"positive,positive"
11945,"positive,positive"
11946,"positive,positive"
11947,"neutral,neutral"
11948,"positive,positive"
11949,"positive,positive"
11950,"positive,positive"
11951,"positive,positive"
11952,"neutral,neutral"
11953,"positive,positive"
11954,"negative,negative"
11955,"positive,positive"
11956,"negative,negative"
11957,"positive,positive"
11958,"positive,positive"
11959,"positive,positive"
11960,"neutral,neutral"
11961,"neutral,neutral"
11962,"positive,positive"
11963,"positive,positive"
11964,"positive,positive"
11965,"neutral,neutral"
11966,"negative,negative"
11967,"negative,negative"
11968,"positive,positive"
11969,"positive,positive"
11970,"positive,positive"
11971,"positive,positive"
11972,"positive,positive"
11973,"positive,positive"
11974,"positive,positive"
11975,"positive,positive"
11976,"positive,positive"
11977,"neutral,neutral"
11978,"neutral,neutral"
11979,"positive,positive"
11980,"neutral,neutral"
11981,"positive,positive"
11982,"positive,positive"
11983,"positive,positive"
11984,"negative,negative"
11985,"neutral,neutral"
11986,"positive,positive"
11987,"positive,positive"
11988,"positive,positive"
11989,"positive,positive"
11990,"neutral,neutral"
11991,"positive,positive"
11992,"positive,positive"
11993,"positive,positive"
11994,"positive,positive"
11995,"neutral,neutral"
11996,"positive,positive"
11997,"positive,positive"
11998,"neutral,neutral"
11999,"positive,positive"
12000,"neutral,neutral"
12001,"neutral,neutral"
12002,"neutral,neutral"
12003,"positive,positive"
12004,"neutral,neutral"
12005,"negative,negative"
12006,"positive,positive"
12007,"positive,positive"
12008,"neutral,neutral"
12009,"positive,positive"
12010,"positive,positive"
12011,"neutral,neutral"
12012,"positive,positive"
12013,"positive,positive"
12014,"neutral,neutral"
12015,"positive,positive"
12016,"neutral,neutral"
12017,"neutral,neutral"
12018,"neutral,neutral"
12019,"neutral,neutral"
12020,"neutral,neutral"
12021,"positive,positive"
12022,"neutral,neutral"
12023,"neutral,neutral"
12024,"positive,positive"
12025,"negative,negative"
12026,"neutral,neutral"
12027,"positive,positive"
12028,"positive,positive"
12029,"neutral,neutral"
12030,"positive,positive"
12031,"positive,positive"
12032,"positive,positive"
12033,"positive,positive"
12034,"neutral,neutral"
12035,"neutral,neutral"
12036,"neutral,neutral"
12037,"neutral,neutral"
12038,"negative,negative"
12039,"positive,positive"
12040,"negative,negative"
12041,"positive,positive"
12042,"positive,positive"
12043,"positive,positive"
12044,"positive,positive"
12045,"positive,positive"
12046,"neutral,neutral"
12047,"positive,positive"
12048,"positive,positive"
12049,"positive,positive"
12050,"positive,positive"
12051,"neutral,neutral"
12052,"neutral,neutral"
12053,"positive,positive"
12054,"positive,positive"
12055,"neutral,neutral"
12056,"positive,positive"
12057,"neutral,neutral"
12058,"neutral,neutral"
12059,"positive,positive"
12060,"positive,positive"
12061,"positive,positive"
12062,"positive,positive"
12063,"neutral,neutral"
12064,"positive,positive"
12065,"positive,positive"
12066,"neutral,neutral"
12067,"positive,positive"
12068,"positive,positive"
12069,"neutral,neutral"
12070,"neutral,neutral"
12071,"positive,positive"
12072,"positive,positive"
12073,"positive,positive"
12074,"positive,positive"
12075,"positive,positive"
12076,"positive,positive"
12077,"neutral,neutral"
12078,"positive,positive"
12079,"neutral,neutral"
12080,"negative,negative"
12081,"neutral,neutral"
12082,"neutral,neutral"
12083,"positive,positive"
12084,"positive,positive"
12085,"positive,positive"
12086,"positive,positive"
12087,"positive,positive"
12088,"neutral,neutral"
12089,"negative,negative"
12090,"positive,positive"
12091,"positive,positive"
12092,"neutral,neutral"
12093,"positive,positive"
12094,"positive,positive"
12095,"neutral,neutral"
12096,"positive,positive"
12097,"positive,positive"
12098,"positive,positive"
12099,"positive,positive"
12100,"positive,positive"
12101,"positive,positive"
12102,"positive,positive"
12103,"positive,positive"
12104,"neutral,neutral"
12105,"neutral,neutral"
12106,"positive,positive"
12107,"positive,positive"
12108,"positive,positive"
12109,"positive,positive"
12110,"neutral,neutral"
12111,"positive,positive"
12112,"positive,positive"
12113,"negative,negative"
12114,"positive,positive"
12115,"positive,positive"
12116,"positive,positive"
12117,"positive,positive"
12118,"neutral,neutral"
12119,"neutral,neutral"
12120,"positive,positive"
12121,"positive,positive"
12122,"positive,positive"
12123,"positive,positive"
12124,"negative,negative"
12125,"neutral,neutral"
12126,"positive,positive"
12127,"positive,positive"
12128,"positive,positive"
12129,"positive,positive"
12130,"positive,positive"
12131,"positive,positive"
12132,"positive,positive"
12133,"positive,positive"
12134,"neutral,neutral"
12135,"neutral,neutral"
12136,"positive,positive"
12137,"neutral,neutral"
12138,"positive,positive"
12139,"positive,positive"
12140,"positive,positive"
12141,"positive,positive"
12142,"positive,positive"
12143,"neutral,neutral"
12144,"neutral,neutral"
12145,"positive,positive"
12146,"positive,positive"
12147,"negative,negative"
12148,"negative,negative"
12149,"positive,positive"
12150,"positive,positive"
12151,"positive,positive"
12152,"neutral,neutral"
12153,"neutral,neutral"
12154,"positive,positive"
12155,"positive,positive"
12156,"neutral,neutral"
12157,"negative,negative"
12158,"negative,negative"
12159,"negative,negative"
12160,"negative,negative"
12161,"neutral,neutral"
12162,"positive,positive"
12163,"positive,positive"
12164,"positive,positive"
12165,"positive,positive"
12166,"neutral,neutral"
12167,"positive,positive"
12168,"positive,positive"
12169,"positive,positive"
12170,"positive,positive"
12171,"positive,positive"
12172,"positive,positive"
12173,"negative,negative"
12174,"positive,positive"
12175,"positive,positive"
12176,"positive,positive"
12177,"positive,positive"
12178,"neutral,neutral"
12179,"neutral,neutral"
12180,"neutral,neutral"
12181,"positive,positive"
12182,"neutral,neutral"
12183,"positive,positive"
12184,"positive,positive"
12185,"positive,positive"
12186,"positive,positive"
12187,"neutral,neutral"
12188,"positive,positive"
12189,"neutral,neutral"
12190,"positive,positive"
12191,"negative,negative"
12192,"positive,positive"
12193,"positive,positive"
12194,"neutral,neutral"
12195,"negative,negative"
12196,"positive,positive"
12197,"positive,positive"
12198,"negative,negative"
12199,"neutral,neutral"
12200,"positive,positive"
12201,"positive,positive"
12202,"positive,positive"
12203,"positive,positive"
12204,"positive,positive"
12205,"positive,positive"
12206,"negative,negative"
12207,"positive,positive"
12208,"positive,positive"
12209,"positive,positive"
12210,"neutral,neutral"
12211,"positive,positive"
12212,"positive,positive"
12213,"positive,positive"
12214,"positive,positive"
12215,"positive,positive"
12216,"positive,positive"
12217,"negative,negative"
12218,"positive,positive"
12219,"positive,positive"
12220,"positive,positive"
12221,"positive,positive"
12222,"positive,positive"
12223,"negative,negative"
12224,"positive,positive"
12225,"neutral,neutral"
12226,"positive,positive"
12227,"positive,positive"
12228,"positive,positive"
12229,"neutral,neutral"
12230,"positive,positive"
12231,"positive,positive"
12232,"positive,positive"
12233,"neutral,neutral"
12234,"negative,negative"
12235,"positive,positive"
12236,"positive,positive"
12237,"positive,positive"
12238,"positive,positive"
12239,"positive,positive"
12240,"positive,positive"
12241,"positive,positive"
12242,"positive,positive"
12243,"neutral,neutral"
12244,"neutral,neutral"
12245,"positive,positive"
12246,"positive,positive"
12247,"neutral,neutral"
12248,"positive,positive"
12249,"positive,positive"
12250,"neutral,neutral"
12251,"positive,positive"
12252,"positive,positive"
12253,"positive,positive"
12254,"neutral,neutral"
12255,"positive,positive"
12256,"positive,positive"
12257,"positive,positive"
12258,"positive,positive"
12259,"neutral,neutral"
12260,"neutral,neutral"
12261,"negative,negative"
12262,"positive,positive"
12263,"positive,positive"
12264,"positive,positive"
12265,"negative,negative"
12266,"positive,positive"
12267,"positive,positive"
12268,"neutral,neutral"
12269,"positive,positive"
12270,"positive,positive"
12271,"positive,positive"
12272,"positive,positive"
12273,"positive,positive"
12274,"negative,negative"
12275,"neutral,neutral"
12276,"positive,positive"
12277,"neutral,neutral"
12278,"neutral,neutral"
12279,"positive,positive"
12280,"positive,positive"
12281,"positive,positive"
12282,"positive,positive"
12283,"positive,positive"
12284,"positive,positive"
12285,"neutral,neutral"
12286,"positive,positive"
12287,"neutral,neutral"
12288,"positive,positive"
12289,"positive,positive"
12290,"positive,positive"
12291,"positive,positive"
12292,"neutral,neutral"
12293,"positive,positive"
12294,"neutral,neutral"
12295,"neutral,neutral"
12296,"positive,positive"
12297,"positive,positive"
12298,"negative,negative"
12299,"negative,negative"
12300,"neutral,neutral"
12301,"positive,positive"
12302,"neutral,neutral"
12303,"neutral,neutral"
12304,"negative,negative"
12305,"neutral,neutral"
12306,"positive,positive"
12307,"positive,positive"
12308,"positive,positive"
12309,"positive,positive"
12310,"negative,negative"
12311,"negative,negative"
12312,"positive,positive"
12313,"positive,positive"
12314,"positive,positive"
12315,"positive,positive"
12316,"positive,positive"
12317,"neutral,neutral"
12318,"negative,negative"
12319,"neutral,neutral"
12320,"positive,positive"
12321,"negative,negative"
12322,"positive,positive"
12323,"positive,positive"
12324,"negative,negative"
12325,"positive,positive"
12326,"positive,positive"
12327,"positive,positive"
12328,"positive,positive"
12329,"positive,positive"
12330,"neutral,neutral"
12331,"positive,positive"
12332,"positive,positive"
12333,"positive,positive"
12334,"neutral,neutral"
12335,"neutral,neutral"
12336,"positive,positive"
12337,"neutral,neutral"
12338,"positive,positive"
12339,"positive,positive"
12340,"positive,positive"
12341,"positive,positive"
12342,"positive,positive"
12343,"neutral,neutral"
12344,"positive,positive"
12345,"positive,positive"
12346,"positive,positive"
12347,"neutral,neutral"
12348,"positive,positive"
12349,"positive,positive"
12350,"positive,positive"
12351,"positive,positive"
12352,"positive,positive"
12353,"neutral,neutral"
12354,"neutral,neutral"
12355,"positive,positive"
12356,"positive,positive"
12357,"positive,positive"
12358,"positive,positive"
12359,"positive,positive"
12360,"positive,positive"
12361,"positive,positive"
12362,"positive,positive"
12363,"positive,positive"
12364,"positive,positive"
12365,"neutral,neutral"
12366,"positive,positive"
12367,"positive,positive"
12368,"positive,positive"
12369,"neutral,neutral"
12370,"neutral,neutral"
12371,"positive,positive"
12372,"neutral,neutral"
12373,"positive,positive"
12374,"neutral,neutral"
12375,"positive,positive"
12376,"positive,positive"
12377,"positive,positive"
12378,"positive,positive"
12379,"positive,positive"
12380,"positive,positive"
12381,"positive,positive"
12382,"positive,positive"
12383,"positive,positive"
12384,"neutral,neutral"
12385,"positive,positive"
12386,"negative,negative"
12387,"positive,positive"
12388,"positive,positive"
12389,"positive,positive"
12390,"neutral,neutral"
12391,"positive,positive"
12392,"neutral,neutral"
12393,"positive,positive"
12394,"positive,positive"
12395,"positive,positive"
12396,"positive,positive"
12397,"negative,negative"
12398,"positive,positive"
12399,"neutral,neutral"
12400,"neutral,neutral"
12401,"neutral,neutral"
12402,"positive,positive"
12403,"positive,positive"
12404,"negative,negative"
12405,"positive,positive"
12406,"positive,positive"
12407,"negative,negative"
12408,"positive,positive"
12409,"neutral,neutral"
12410,"positive,positive"
12411,"positive,positive"
12412,"positive,positive"
12413,"positive,positive"
12414,"neutral,neutral"
12415,"positive,positive"
12416,"neutral,neutral"
12417,"neutral,neutral"
12418,"positive,positive"
12419,"positive,positive"
12420,"positive,positive"
12421,"positive,positive"
12422,"positive,positive"
12423,"negative,negative"
12424,"positive,positive"
12425,"positive,positive"
12426,"positive,positive"
12427,"positive,positive"
12428,"neutral,neutral"
12429,"negative,negative"
12430,"positive,positive"
12431,"positive,positive"
12432,"positive,positive"
12433,"positive,positive"
12434,"positive,positive"
12435,"positive,positive"
12436,"positive,positive"
12437,"positive,positive"
12438,"positive,positive"
12439,"positive,positive"
12440,"positive,positive"
12441,"positive,positive"
12442,"positive,positive"
12443,"neutral,neutral"
12444,"positive,positive"
12445,"positive,positive"
12446,"positive,positive"
12447,"positive,positive"
12448,"positive,positive"
12449,"negative,negative"
12450,"positive,positive"
12451,"positive,positive"
12452,"positive,positive"
12453,"positive,positive"
12454,"neutral,neutral"
12455,"neutral,neutral"
12456,"positive,positive"
12457,"positive,positive"
12458,"positive,positive"
12459,"positive,positive"
12460,"neutral,neutral"
12461,"negative,negative"
12462,"positive,positive"
12463,"positive,positive"
12464,"positive,positive"
12465,"negative,negative"
12466,"negative,negative"
12467,"positive,positive"
12468,"neutral,neutral"
12469,"positive,positive"
12470,"positive,positive"
12471,"positive,positive"
12472,"positive,positive"
12473,"positive,positive"
12474,"neutral,neutral"
12475,"positive,positive"
12476,"positive,positive"
12477,"positive,positive"
12478,"positive,positive"
12479,"neutral,neutral"
12480,"negative,negative"
12481,"positive,positive"
12482,"positive,positive"
12483,"neutral,neutral"
12484,"positive,positive"
12485,"positive,positive"
12486,"neutral,neutral"
12487,"positive,positive"
12488,"positive,positive"
12489,"positive,positive"
12490,"neutral,neutral"
12491,"neutral,neutral"
12492,"negative,negative"
12493,"positive,positive"
12494,"neutral,neutral"
12495,"neutral,neutral"
12496,"positive,positive"
12497,"neutral,neutral"
12498,"positive,positive"
12499,"positive,positive"
12500,"positive,positive"
12501,"positive,positive"
12502,"neutral,neutral"
12503,"positive,positive"
12504,"neutral,neutral"
12505,"positive,positive"
12506,"neutral,neutral"
12507,"positive,positive"
12508,"positive,positive"
12509,"positive,positive"
12510,"positive,positive"
12511,"neutral,neutral"
12512,"neutral,neutral"
12513,"positive,positive"
12514,"positive,positive"
12515,"neutral,neutral"
12516,"neutral,neutral"
12517,"negative,negative"
12518,"positive,positive"
12519,"positive,positive"
12520,"positive,positive"
12521,"positive,positive"
12522,"neutral,neutral"
12523,"positive,positive"
12524,"positive,positive"
12525,"neutral,neutral"
12526,"neutral,neutral"
12527,"positive,positive"
12528,"positive,positive"
12529,"neutral,neutral"
12530,"positive,positive"
12531,"positive,positive"
12532,"positive,positive"
12533,"positive,positive"
12534,"positive,positive"
12535,"neutral,neutral"
12536,"positive,positive"
12537,"neutral,neutral"
12538,"positive,positive"
12539,"neutral,neutral"
12540,"positive,positive"
12541,"neutral,neutral"
12542,"positive,positive"
12543,"neutral,neutral"
12544,"positive,positive"
12545,"positive,positive"
12546,"positive,positive"
12547,"positive,positive"
12548,"neutral,neutral"
12549,"positive,positive"
12550,"positive,positive"
12551,"negative,negative"
12552,"positive,positive"
12553,"positive,positive"
12554,"negative,negative"
12555,"positive,positive"
12556,"neutral,neutral"
12557,"positive,positive"
12558,"positive,positive"
12559,"positive,positive"
12560,"positive,positive"
12561,"positive,positive"
12562,"positive,positive"
12563,"positive,positive"
12564,"negative,negative"
12565,"positive,positive"
12566,"positive,positive"
12567,"neutral,neutral"
12568,"positive,positive"
12569,"positive,positive"
12570,"positive,positive"
12571,"positive,positive"
12572,"positive,positive"
12573,"negative,negative"
12574,"positive,positive"
12575,"positive,positive"
12576,"positive,positive"
12577,"positive,positive"
12578,"positive,positive"
12579,"negative,negative"
12580,"neutral,neutral"
12581,"positive,positive"
12582,"neutral,neutral"
12583,"positive,positive"
12584,"positive,positive"
12585,"positive,positive"
12586,"positive,positive"
12587,"positive,positive"
12588,"positive,positive"
12589,"positive,positive"
12590,"positive,positive"
12591,"positive,positive"
12592,"positive,positive"
12593,"positive,positive"
12594,"positive,positive"
12595,"positive,positive"
12596,"positive,positive"
12597,"positive,positive"
12598,"negative,negative"
12599,"positive,positive"
12600,"neutral,neutral"
12601,"positive,positive"
12602,"positive,positive"
12603,"positive,positive"
12604,"positive,positive"
12605,"neutral,neutral"
12606,"neutral,neutral"
12607,"positive,positive"
12608,"positive,positive"
12609,"neutral,neutral"
12610,"positive,positive"
12611,"positive,positive"
12612,"neutral,neutral"
12613,"positive,positive"
12614,"neutral,neutral"
12615,"positive,positive"
12616,"neutral,neutral"
12617,"positive,positive"
12618,"positive,positive"
12619,"positive,positive"
12620,"positive,positive"
12621,"neutral,neutral"
12622,"neutral,neutral"
12623,"positive,positive"
12624,"neutral,neutral"
12625,"positive,positive"
12626,"neutral,neutral"
12627,"negative,negative"
12628,"positive,positive"
12629,"neutral,neutral"
12630,"neutral,neutral"
12631,"neutral,neutral"
12632,"negative,negative"
12633,"positive,positive"
12634,"neutral,neutral"
12635,"positive,positive"
12636,"positive,positive"
12637,"positive,positive"
12638,"neutral,neutral"
12639,"positive,positive"
12640,"neutral,neutral"
12641,"positive,positive"
12642,"neutral,neutral"
12643,"negative,negative"
12644,"positive,positive"
12645,"neutral,neutral"
12646,"positive,positive"
12647,"neutral,neutral"
12648,"positive,positive"
12649,"neutral,neutral"
12650,"positive,positive"
12651,"neutral,neutral"
12652,"positive,positive"
12653,"neutral,neutral"
12654,"positive,positive"
12655,"positive,positive"
12656,"positive,positive"
12657,"positive,positive"
12658,"positive,positive"
12659,"positive,positive"
12660,"positive,positive"
12661,"neutral,neutral"
12662,"positive,positive"
12663,"positive,positive"
12664,"positive,positive"
12665,"positive,positive"
12666,"positive,positive"
12667,"positive,positive"
12668,"positive,positive"
12669,"positive,positive"
12670,"positive,positive"
12671,"positive,positive"
12672,"neutral,neutral"
12673,"positive,positive"
12674,"neutral,neutral"
12675,"neutral,neutral"
12676,"neutral,neutral"
12677,"neutral,neutral"
12678,"positive,positive"
12679,"positive,positive"
12680,"positive,positive"
12681,"positive,positive"
12682,"positive,positive"
12683,"neutral,neutral"
12684,"positive,positive"
12685,"positive,positive"
12686,"positive,positive"
12687,"positive,positive"
12688,"positive,positive"
12689,"positive,positive"
12690,"positive,positive"
12691,"neutral,neutral"
12692,"positive,positive"
12693,"positive,positive"
12694,"positive,positive"
12695,"positive,positive"
12696,"positive,positive"
12697,"positive,positive"
12698,"positive,positive"
12699,"positive,positive"
12700,"positive,positive"
12701,"positive,positive"
12702,"positive,positive"
12703,"negative,negative"
12704,"positive,positive"
12705,"neutral,neutral"
12706,"positive,positive"
12707,"neutral,neutral"
12708,"positive,positive"
12709,"positive,positive"
12710,"positive,positive"
12711,"neutral,neutral"
12712,"positive,positive"
12713,"positive,positive"
12714,"positive,positive"
12715,"neutral,neutral"
12716,"positive,positive"
12717,"neutral,neutral"
12718,"positive,positive"
12719,"neutral,neutral"
12720,"positive,positive"
12721,"positive,positive"
12722,"positive,positive"
12723,"neutral,neutral"
12724,"negative,negative"
12725,"positive,positive"
12726,"positive,positive"
12727,"positive,positive"
12728,"positive,positive"
12729,"positive,positive"
12730,"positive,positive"
12731,"positive,positive"
12732,"positive,positive"
12733,"neutral,neutral"
12734,"positive,positive"
12735,"neutral,neutral"
12736,"positive,positive"
12737,"neutral,neutral"
12738,"positive,positive"
12739,"positive,positive"
12740,"neutral,neutral"
12741,"positive,positive"
12742,"positive,positive"
12743,"positive,positive"
12744,"positive,positive"
12745,"positive,positive"
12746,"positive,positive"
12747,"negative,negative"
12748,"positive,positive"
12749,"neutral,neutral"
12750,"neutral,neutral"
12751,"positive,positive"
12752,"positive,positive"
12753,"neutral,neutral"
12754,"positive,positive"
12755,"neutral,neutral"
12756,"positive,positive"
12757,"positive,positive"
12758,"positive,positive"
12759,"neutral,neutral"
12760,"positive,positive"
12761,"neutral,neutral"
12762,"positive,positive"
12763,"positive,positive"
12764,"positive,positive"
12765,"positive,positive"
12766,"positive,positive"
12767,"positive,positive"
12768,"positive,positive"
12769,"positive,positive"
12770,"positive,positive"
12771,"neutral,neutral"
12772,"positive,positive"
12773,"positive,positive"
12774,"neutral,neutral"
12775,"positive,positive"
12776,"positive,positive"
12777,"positive,positive"
12778,"positive,positive"
12779,"positive,positive"
12780,"positive,positive"
12781,"positive,positive"
12782,"neutral,neutral"
12783,"neutral,neutral"
12784,"neutral,neutral"
12785,"positive,positive"
12786,"positive,positive"
12787,"positive,positive"
12788,"positive,positive"
12789,"negative,negative"
12790,"positive,positive"
12791,"positive,positive"
12792,"neutral,neutral"
12793,"positive,positive"
12794,"neutral,neutral"
12795,"positive,positive"
12796,"positive,positive"
12797,"positive,positive"
12798,"positive,positive"
12799,"positive,positive"
12800,"neutral,neutral"
12801,"neutral,neutral"
12802,"positive,positive"
12803,"positive,positive"
12804,"positive,positive"
12805,"positive,positive"
12806,"negative,negative"
12807,"neutral,neutral"
12808,"positive,positive"
12809,"neutral,neutral"
12810,"positive,positive"
12811,"neutral,neutral"
12812,"neutral,neutral"
12813,"positive,positive"
12814,"negative,negative"
12815,"positive,positive"
12816,"neutral,neutral"
12817,"positive,positive"
12818,"positive,positive"
12819,"positive,positive"
12820,"positive,positive"
12821,"positive,positive"
12822,"positive,positive"
12823,"neutral,neutral"
12824,"positive,positive"
12825,"positive,positive"
12826,"neutral,neutral"
12827,"positive,positive"
12828,"positive,positive"
12829,"positive,positive"
12830,"positive,positive"
12831,"positive,positive"
12832,"positive,positive"
12833,"positive,positive"
12834,"neutral,neutral"
12835,"neutral,neutral"
12836,"positive,positive"
12837,"positive,positive"
12838,"positive,positive"
12839,"negative,negative"
12840,"positive,positive"
12841,"positive,positive"
12842,"positive,positive"
12843,"neutral,neutral"
12844,"negative,negative"
12845,"neutral,neutral"
12846,"positive,positive"
12847,"positive,positive"
12848,"positive,positive"
12849,"positive,positive"
12850,"positive,positive"
12851,"neutral,neutral"
12852,"neutral,neutral"
12853,"negative,negative"
12854,"negative,negative"
12855,"positive,positive"
12856,"positive,positive"
12857,"neutral,neutral"
12858,"neutral,neutral"
12859,"positive,positive"
12860,"neutral,neutral"
12861,"positive,positive"
12862,"negative,negative"
12863,"neutral,neutral"
12864,"positive,positive"
12865,"positive,positive"
12866,"neutral,neutral"
12867,"neutral,neutral"
12868,"positive,positive"
12869,"positive,positive"
12870,"positive,positive"
12871,"negative,negative"
12872,"positive,positive"
12873,"positive,positive"
12874,"neutral,neutral"
12875,"positive,positive"
12876,"positive,positive"
12877,"neutral,neutral"
12878,"positive,positive"
12879,"positive,positive"
12880,"positive,positive"
12881,"positive,positive"
12882,"positive,positive"
12883,"positive,positive"
12884,"positive,positive"
12885,"positive,positive"
12886,"neutral,neutral"
12887,"positive,positive"
12888,"positive,positive"
12889,"neutral,neutral"
12890,"positive,positive"
12891,"positive,positive"
12892,"positive,positive"
12893,"positive,positive"
12894,"positive,positive"
12895,"neutral,neutral"
12896,"positive,positive"
12897,"positive,positive"
12898,"neutral,neutral"
12899,"positive,positive"
12900,"positive,positive"
12901,"positive,positive"
12902,"neutral,neutral"
12903,"positive,positive"
12904,"neutral,neutral"
12905,"neutral,neutral"
12906,"positive,positive"
12907,"positive,positive"
12908,"neutral,neutral"
12909,"positive,positive"
12910,"positive,positive"
12911,"positive,positive"
12912,"neutral,neutral"
12913,"neutral,neutral"
12914,"neutral,neutral"
12915,"positive,positive"
12916,"positive,positive"
12917,"positive,positive"
12918,"positive,positive"
12919,"negative,negative"
12920,"positive,positive"
12921,"neutral,neutral"
12922,"positive,positive"
12923,"positive,positive"
12924,"positive,positive"
12925,"positive,positive"
12926,"positive,positive"
12927,"positive,positive"
12928,"positive,positive"
12929,"positive,positive"
12930,"negative,negative"
12931,"negative,negative"
12932,"negative,negative"
12933,"positive,positive"
12934,"positive,positive"
12935,"neutral,neutral"
12936,"positive,positive"
12937,"positive,positive"
12938,"neutral,neutral"
12939,"positive,positive"
12940,"negative,negative"
12941,"positive,positive"
12942,"neutral,neutral"
12943,"neutral,neutral"
12944,"positive,positive"
12945,"neutral,neutral"
12946,"positive,positive"
12947,"negative,negative"
12948,"positive,positive"
12949,"neutral,neutral"
12950,"positive,positive"
12951,"positive,positive"
12952,"positive,positive"
12953,"neutral,neutral"
12954,"neutral,neutral"
12955,"neutral,neutral"
12956,"positive,positive"
12957,"positive,positive"
12958,"neutral,neutral"
12959,"positive,positive"
12960,"positive,positive"
12961,"positive,positive"
12962,"positive,positive"
12963,"neutral,neutral"
12964,"negative,negative"
12965,"positive,positive"
12966,"positive,positive"
12967,"positive,positive"
12968,"positive,positive"
12969,"neutral,neutral"
12970,"negative,negative"
12971,"positive,positive"
12972,"positive,positive"
12973,"neutral,neutral"
12974,"neutral,neutral"
12975,"neutral,neutral"
12976,"positive,positive"
12977,"neutral,neutral"
12978,"neutral,neutral"
12979,"positive,positive"
12980,"positive,positive"
12981,"positive,positive"
12982,"neutral,neutral"
12983,"positive,positive"
12984,"positive,positive"
12985,"positive,positive"
12986,"neutral,neutral"
12987,"positive,positive"
12988,"positive,positive"
12989,"neutral,neutral"
12990,"positive,positive"
12991,"positive,positive"
12992,"neutral,neutral"
12993,"positive,positive"
12994,"positive,positive"
12995,"positive,positive"
12996,"neutral,neutral"
12997,"positive,positive"
12998,"positive,positive"
12999,"positive,positive"
13000,"positive,positive"
13001,"positive,positive"
13002,"neutral,neutral"
13003,"neutral,neutral"
13004,"positive,positive"
13005,"positive,positive"
13006,"positive,positive"
13007,"positive,positive"
13008,"positive,positive"
13009,"positive,positive"
13010,"positive,positive"
13011,"positive,positive"
13012,"neutral,neutral"
13013,"neutral,neutral"
13014,"negative,negative"
13015,"positive,positive"
13016,"positive,positive"
13017,"positive,positive"
13018,"positive,positive"
13019,"positive,positive"
13020,"negative,negative"
13021,"positive,positive"
13022,"positive,positive"
13023,"neutral,neutral"
13024,"positive,positive"
13025,"neutral,neutral"
13026,"negative,negative"
13027,"positive,positive"
13028,"neutral,neutral"
13029,"positive,positive"
13030,"neutral,neutral"
13031,"positive,positive"
13032,"neutral,neutral"
13033,"neutral,neutral"
13034,"positive,positive"
13035,"neutral,neutral"
13036,"positive,positive"
13037,"positive,positive"
13038,"negative,negative"
13039,"positive,positive"
13040,"positive,positive"
13041,"positive,positive"
13042,"neutral,neutral"
13043,"positive,positive"
13044,"negative,negative"
13045,"positive,positive"
13046,"positive,positive"
13047,"positive,positive"
13048,"positive,positive"
13049,"positive,positive"
13050,"positive,positive"
13051,"neutral,neutral"
13052,"positive,positive"
13053,"negative,negative"
13054,"positive,positive"
13055,"positive,positive"
13056,"positive,positive"
13057,"positive,positive"
13058,"positive,positive"
13059,"neutral,neutral"
13060,"positive,positive"
13061,"negative,negative"
13062,"neutral,neutral"
13063,"positive,positive"
13064,"positive,positive"
13065,"positive,positive"
13066,"neutral,neutral"
13067,"positive,positive"
13068,"positive,positive"
13069,"positive,positive"
13070,"negative,negative"
13071,"positive,positive"
13072,"positive,positive"
13073,"neutral,neutral"
13074,"positive,positive"
13075,"positive,positive"
13076,"negative,negative"
13077,"positive,positive"
13078,"positive,positive"
13079,"positive,positive"
13080,"neutral,neutral"
13081,"neutral,neutral"
13082,"positive,positive"
13083,"positive,positive"
13084,"positive,positive"
13085,"negative,negative"
13086,"negative,negative"
13087,"positive,positive"
13088,"positive,positive"
13089,"negative,negative"
13090,"positive,positive"
13091,"positive,positive"
13092,"positive,positive"
13093,"positive,positive"
13094,"positive,positive"
13095,"neutral,neutral"
13096,"positive,positive"
13097,"neutral,neutral"
13098,"positive,positive"
13099,"neutral,neutral"
13100,"negative,negative"
13101,"positive,positive"
13102,"positive,positive"
13103,"positive,positive"
13104,"positive,positive"
13105,"neutral,neutral"
13106,"neutral,neutral"
13107,"positive,positive"
13108,"positive,positive"
13109,"neutral,neutral"
13110,"positive,positive"
13111,"positive,positive"
13112,"positive,positive"
13113,"neutral,neutral"
13114,"negative,negative"
13115,"neutral,neutral"
13116,"neutral,neutral"
13117,"positive,positive"
13118,"positive,positive"
13119,"positive,positive"
13120,"neutral,neutral"
13121,"neutral,neutral"
13122,"positive,positive"
13123,"positive,positive"
13124,"positive,positive"
13125,"positive,positive"
13126,"positive,positive"
13127,"neutral,neutral"
13128,"positive,positive"
13129,"positive,positive"
13130,"positive,positive"
13131,"positive,positive"
13132,"neutral,neutral"
13133,"neutral,neutral"
13134,"positive,positive"
13135,"negative,negative"
13136,"positive,positive"
13137,"neutral,neutral"
13138,"positive,positive"
13139,"positive,positive"
13140,"positive,positive"
13141,"positive,positive"
13142,"positive,positive"
13143,"positive,positive"
13144,"neutral,neutral"
13145,"positive,positive"
13146,"positive,positive"
13147,"neutral,neutral"
13148,"neutral,neutral"
13149,"positive,positive"
13150,"neutral,neutral"
13151,"neutral,neutral"
13152,"neutral,neutral"
13153,"positive,positive"
13154,"positive,positive"
13155,"neutral,neutral"
13156,"positive,positive"
13157,"positive,positive"
13158,"neutral,neutral"
13159,"positive,positive"
13160,"positive,positive"
13161,"positive,positive"
13162,"positive,positive"
13163,"positive,positive"
13164,"neutral,neutral"
13165,"positive,positive"
13166,"neutral,neutral"
13167,"positive,positive"
13168,"positive,positive"
13169,"neutral,neutral"
13170,"positive,positive"
13171,"neutral,neutral"
13172,"positive,positive"
13173,"positive,positive"
13174,"neutral,neutral"
13175,"positive,positive"
13176,"negative,negative"
13177,"positive,positive"
13178,"positive,positive"
13179,"positive,positive"
13180,"neutral,neutral"
13181,"positive,positive"
13182,"positive,positive"
13183,"negative,negative"
13184,"positive,positive"
13185,"positive,positive"
13186,"positive,positive"
13187,"positive,positive"
13188,"positive,positive"
13189,"positive,positive"
13190,"positive,positive"
13191,"neutral,neutral"
13192,"neutral,neutral"
13193,"positive,positive"
13194,"positive,positive"
13195,"positive,positive"
13196,"neutral,neutral"
13197,"positive,positive"
13198,"negative,negative"
13199,"negative,negative"
13200,"neutral,neutral"
13201,"positive,positive"
13202,"positive,positive"
13203,"positive,positive"
13204,"positive,positive"
13205,"positive,positive"
13206,"positive,positive"
13207,"positive,positive"
13208,"neutral,neutral"
13209,"positive,positive"
13210,"positive,positive"
13211,"neutral,neutral"
13212,"neutral,neutral"
13213,"positive,positive"
13214,"positive,positive"
13215,"negative,negative"
13216,"neutral,neutral"
13217,"positive,positive"
13218,"positive,positive"
13219,"positive,positive"
13220,"neutral,neutral"
13221,"positive,positive"
13222,"neutral,neutral"
13223,"positive,positive"
13224,"positive,positive"
13225,"neutral,neutral"
13226,"negative,negative"
13227,"neutral,neutral"
13228,"positive,positive"
13229,"positive,positive"
13230,"positive,positive"
13231,"positive,positive"
13232,"positive,positive"
13233,"neutral,neutral"
13234,"positive,positive"
13235,"positive,positive"
13236,"positive,positive"
13237,"positive,positive"
13238,"positive,positive"
13239,"neutral,neutral"
13240,"positive,positive"
13241,"neutral,neutral"
13242,"positive,positive"
13243,"positive,positive"
13244,"neutral,neutral"
13245,"positive,positive"
13246,"positive,positive"
13247,"positive,positive"
13248,"neutral,neutral"
13249,"positive,positive"
13250,"neutral,neutral"
13251,"positive,positive"
13252,"positive,positive"
13253,"positive,positive"
13254,"positive,positive"
13255,"positive,positive"
13256,"positive,positive"
13257,"positive,positive"
13258,"positive,positive"
13259,"neutral,neutral"
13260,"neutral,neutral"
13261,"neutral,neutral"
13262,"positive,positive"
13263,"positive,positive"
13264,"positive,positive"
13265,"positive,positive"
13266,"positive,positive"
13267,"neutral,neutral"
13268,"neutral,neutral"
13269,"positive,positive"
13270,"neutral,neutral"
13271,"positive,positive"
13272,"positive,positive"
13273,"negative,negative"
13274,"positive,positive"
13275,"neutral,neutral"
13276,"positive,positive"
13277,"positive,positive"
13278,"neutral,neutral"
13279,"positive,positive"
13280,"positive,positive"
13281,"positive,positive"
13282,"positive,positive"
13283,"positive,positive"
13284,"positive,positive"
13285,"neutral,neutral"
13286,"neutral,neutral"
13287,"positive,positive"
13288,"positive,positive"
13289,"positive,positive"
13290,"positive,positive"
13291,"positive,positive"
13292,"positive,positive"
13293,"neutral,neutral"
13294,"positive,positive"
13295,"positive,positive"
13296,"positive,positive"
13297,"positive,positive"
13298,"positive,positive"
13299,"neutral,neutral"
13300,"positive,positive"
13301,"positive,positive"
13302,"positive,positive"
13303,"neutral,neutral"
13304,"positive,positive"
13305,"positive,positive"
13306,"positive,positive"
13307,"positive,positive"
13308,"positive,positive"
13309,"negative,negative"
13310,"positive,positive"
13311,"positive,positive"
13312,"positive,positive"
13313,"positive,positive"
13314,"positive,positive"
13315,"positive,positive"
13316,"neutral,neutral"
13317,"neutral,neutral"
13318,"positive,positive"
13319,"neutral,neutral"
13320,"neutral,neutral"
13321,"neutral,neutral"
13322,"negative,negative"
13323,"neutral,neutral"
13324,"positive,positive"
13325,"positive,positive"
13326,"positive,positive"
13327,"neutral,neutral"
13328,"positive,positive"
13329,"positive,positive"
13330,"positive,positive"
13331,"negative,negative"
13332,"negative,negative"
13333,"positive,positive"
13334,"positive,positive"
13335,"neutral,neutral"
13336,"positive,positive"
13337,"positive,positive"
13338,"positive,positive"
13339,"positive,positive"
13340,"positive,positive"
13341,"neutral,neutral"
13342,"neutral,neutral"
13343,"positive,positive"
13344,"positive,positive"
13345,"positive,positive"
13346,"positive,positive"
13347,"positive,positive"
13348,"neutral,neutral"
13349,"positive,positive"
13350,"positive,positive"
13351,"positive,positive"
13352,"positive,positive"
13353,"positive,positive"
13354,"positive,positive"
13355,"negative,negative"
13356,"neutral,neutral"
13357,"positive,positive"
13358,"negative,negative"
13359,"positive,positive"
13360,"neutral,neutral"
13361,"neutral,neutral"
13362,"positive,positive"
13363,"positive,positive"
13364,"positive,positive"
13365,"neutral,neutral"
13366,"positive,positive"
13367,"positive,positive"
13368,"positive,positive"
13369,"neutral,neutral"
13370,"positive,positive"
13371,"neutral,neutral"
13372,"positive,positive"
13373,"positive,positive"
13374,"positive,positive"
13375,"positive,positive"
13376,"neutral,neutral"
13377,"positive,positive"
13378,"positive,positive"
13379,"negative,negative"
13380,"positive,positive"
13381,"positive,positive"
13382,"positive,positive"
13383,"positive,positive"
13384,"positive,positive"
13385,"positive,positive"
13386,"neutral,neutral"
13387,"positive,positive"
13388,"positive,positive"
13389,"positive,positive"
13390,"positive,positive"
13391,"positive,positive"
13392,"positive,positive"
13393,"positive,positive"
13394,"negative,negative"
13395,"neutral,neutral"
13396,"positive,positive"
13397,"positive,positive"
13398,"positive,positive"
13399,"positive,positive"
13400,"positive,positive"
13401,"positive,positive"
13402,"positive,positive"
13403,"neutral,neutral"
13404,"positive,positive"
13405,"positive,positive"
13406,"positive,positive"
13407,"positive,positive"
13408,"neutral,neutral"
13409,"positive,positive"
13410,"positive,positive"
13411,"positive,positive"
13412,"positive,positive"
13413,"neutral,neutral"
13414,"positive,positive"
13415,"neutral,neutral"
13416,"positive,positive"
13417,"positive,positive"
13418,"positive,positive"
13419,"neutral,neutral"
13420,"negative,negative"
13421,"neutral,neutral"
13422,"positive,positive"
13423,"positive,positive"
13424,"neutral,neutral"
13425,"positive,positive"
13426,"positive,positive"
13427,"neutral,neutral"
13428,"negative,negative"
13429,"neutral,neutral"
13430,"positive,positive"
13431,"positive,positive"
13432,"positive,positive"
13433,"positive,positive"
13434,"neutral,neutral"
13435,"negative,negative"
13436,"positive,positive"
13437,"positive,positive"
13438,"positive,positive"
13439,"positive,positive"
13440,"neutral,neutral"
13441,"positive,positive"
13442,"negative,negative"
13443,"positive,positive"
13444,"positive,positive"
13445,"positive,positive"
13446,"positive,positive"
13447,"positive,positive"
13448,"positive,positive"
13449,"neutral,neutral"
13450,"negative,negative"
13451,"positive,positive"
13452,"positive,positive"
13453,"positive,positive"
13454,"negative,negative"
13455,"neutral,neutral"
13456,"positive,positive"
13457,"neutral,neutral"
13458,"positive,positive"
13459,"positive,positive"
13460,"positive,positive"
13461,"negative,negative"
13462,"positive,positive"
13463,"positive,positive"
13464,"neutral,neutral"
13465,"neutral,neutral"
13466,"positive,positive"
13467,"positive,positive"
13468,"neutral,neutral"
13469,"neutral,neutral"
13470,"neutral,neutral"
13471,"positive,positive"
13472,"neutral,neutral"
13473,"positive,positive"
13474,"neutral,neutral"
13475,"positive,positive"
13476,"positive,positive"
13477,"neutral,neutral"
13478,"neutral,neutral"
13479,"positive,positive"
13480,"positive,positive"
13481,"neutral,neutral"
13482,"positive,positive"
13483,"positive,positive"
13484,"positive,positive"
13485,"negative,negative"
13486,"positive,positive"
13487,"positive,positive"
13488,"positive,positive"
13489,"positive,positive"
13490,"neutral,neutral"
13491,"positive,positive"
13492,"positive,positive"
13493,"neutral,neutral"
13494,"positive,positive"
13495,"positive,positive"
13496,"positive,positive"
13497,"positive,positive"
13498,"positive,positive"
13499,"positive,positive"
13500,"negative,negative"
13501,"positive,positive"
13502,"neutral,neutral"
13503,"positive,positive"
13504,"positive,positive"
13505,"positive,positive"
13506,"positive,positive"
13507,"positive,positive"
13508,"positive,positive"
13509,"negative,negative"
13510,"negative,negative"
13511,"positive,positive"
13512,"neutral,neutral"
13513,"neutral,neutral"
13514,"neutral,neutral"
13515,"positive,positive"
13516,"positive,positive"
13517,"positive,positive"
13518,"negative,negative"
13519,"positive,positive"
13520,"negative,negative"
13521,"positive,positive"
13522,"positive,positive"
13523,"negative,negative"
13524,"positive,positive"
13525,"positive,positive"
13526,"neutral,neutral"
13527,"neutral,neutral"
13528,"positive,positive"
13529,"positive,positive"
13530,"neutral,neutral"
13531,"positive,positive"
13532,"positive,positive"
13533,"positive,positive"
13534,"negative,negative"
13535,"positive,positive"
13536,"positive,positive"
13537,"positive,positive"
13538,"neutral,neutral"
13539,"positive,positive"
13540,"positive,positive"
13541,"neutral,neutral"
13542,"positive,positive"
13543,"positive,positive"
13544,"positive,positive"
13545,"neutral,neutral"
13546,"positive,positive"
13547,"positive,positive"
13548,"positive,positive"
13549,"positive,positive"
13550,"positive,positive"
13551,"positive,positive"
13552,"positive,positive"
13553,"positive,positive"
13554,"positive,positive"
13555,"positive,positive"
13556,"positive,positive"
13557,"positive,positive"
13558,"positive,positive"
13559,"positive,positive"
13560,"neutral,neutral"
13561,"neutral,neutral"
13562,"positive,positive"
13563,"negative,negative"
13564,"neutral,neutral"
13565,"neutral,neutral"
13566,"positive,positive"
13567,"positive,positive"
13568,"neutral,neutral"
13569,"positive,positive"
13570,"neutral,neutral"
13571,"positive,positive"
13572,"positive,positive"
13573,"positive,positive"
13574,"positive,positive"
13575,"neutral,neutral"
13576,"positive,positive"
13577,"positive,positive"
13578,"positive,positive"
13579,"negative,negative"
13580,"neutral,neutral"
13581,"positive,positive"
13582,"positive,positive"
13583,"positive,positive"
13584,"negative,negative"
13585,"neutral,neutral"
13586,"positive,positive"
13587,"negative,negative"
13588,"neutral,neutral"
13589,"positive,positive"
13590,"positive,positive"
13591,"neutral,neutral"
13592,"positive,positive"
13593,"positive,positive"
13594,"positive,positive"
13595,"neutral,neutral"
13596,"positive,positive"
13597,"neutral,neutral"
13598,"neutral,neutral"
13599,"positive,positive"
13600,"positive,positive"
13601,"neutral,neutral"
13602,"neutral,neutral"
13603,"neutral,neutral"
13604,"positive,positive"
13605,"positive,positive"
13606,"positive,positive"
13607,"neutral,neutral"
13608,"positive,positive"
13609,"positive,positive"
13610,"positive,positive"
13611,"negative,negative"
13612,"positive,positive"
13613,"negative,negative"
13614,"positive,positive"
13615,"neutral,neutral"
13616,"positive,positive"
13617,"positive,positive"
13618,"negative,negative"
13619,"positive,positive"
13620,"neutral,neutral"
13621,"neutral,neutral"
13622,"negative,negative"
13623,"positive,positive"
13624,"positive,positive"
13625,"neutral,neutral"
13626,"positive,positive"
13627,"neutral,neutral"
13628,"negative,negative"
13629,"positive,positive"
13630,"neutral,neutral"
13631,"positive,positive"
13632,"positive,positive"
13633,"neutral,neutral"
13634,"neutral,neutral"
13635,"negative,negative"
13636,"positive,positive"
13637,"positive,positive"
13638,"negative,negative"
13639,"positive,positive"
13640,"neutral,neutral"
13641,"positive,positive"
13642,"neutral,neutral"
13643,"neutral,neutral"
13644,"positive,positive"
13645,"negative,negative"
13646,"positive,positive"
13647,"positive,positive"
13648,"positive,positive"
13649,"positive,positive"
13650,"positive,positive"
13651,"positive,positive"
13652,"neutral,neutral"
13653,"negative,negative"
13654,"neutral,neutral"
13655,"positive,positive"
13656,"neutral,neutral"
13657,"neutral,neutral"
13658,"positive,positive"
13659,"positive,positive"
13660,"neutral,neutral"
13661,"positive,positive"
13662,"positive,positive"
13663,"neutral,neutral"
13664,"neutral,neutral"
13665,"positive,positive"
13666,"positive,positive"
13667,"neutral,neutral"
13668,"positive,positive"
13669,"neutral,neutral"
13670,"positive,positive"
13671,"positive,positive"
13672,"neutral,neutral"
13673,"negative,negative"
13674,"positive,positive"
13675,"neutral,neutral"
13676,"neutral,neutral"
13677,"neutral,neutral"
13678,"positive,positive"
13679,"neutral,neutral"
13680,"positive,positive"
13681,"neutral,neutral"
13682,"positive,positive"
13683,"positive,positive"
13684,"positive,positive"
13685,"neutral,neutral"
13686,"positive,positive"
13687,"neutral,neutral"
13688,"positive,positive"
13689,"neutral,neutral"
13690,"neutral,neutral"
13691,"positive,positive"
13692,"positive,positive"
13693,"positive,positive"
13694,"positive,positive"
13695,"positive,positive"
13696,"positive,positive"
13697,"neutral,neutral"
13698,"positive,positive"
13699,"positive,positive"
13700,"positive,positive"
13701,"positive,positive"
13702,"positive,positive"
13703,"positive,positive"
13704,"negative,negative"
13705,"positive,positive"
13706,"neutral,neutral"
13707,"positive,positive"
13708,"neutral,neutral"
13709,"positive,positive"
13710,"positive,positive"
13711,"positive,positive"
13712,"positive,positive"
13713,"neutral,neutral"
13714,"positive,positive"
13715,"positive,positive"
13716,"positive,positive"
13717,"positive,positive"
13718,"positive,positive"
13719,"positive,positive"
13720,"positive,positive"
13721,"neutral,neutral"
13722,"positive,positive"
13723,"positive,positive"
13724,"positive,positive"
13725,"positive,positive"
13726,"neutral,neutral"
13727,"positive,positive"
13728,"positive,positive"
13729,"negative,negative"
13730,"positive,positive"
13731,"neutral,neutral"
13732,"positive,positive"
13733,"positive,positive"
13734,"neutral,neutral"
13735,"positive,positive"
13736,"positive,positive"
13737,"positive,positive"
13738,"positive,positive"
13739,"positive,positive"
13740,"neutral,neutral"
13741,"neutral,neutral"
13742,"neutral,neutral"
13743,"neutral,neutral"
13744,"positive,positive"
13745,"neutral,neutral"
13746,"neutral,neutral"
13747,"neutral,neutral"
13748,"positive,positive"
13749,"positive,positive"
13750,"positive,positive"
13751,"positive,positive"
13752,"positive,positive"
13753,"positive,positive"
13754,"positive,positive"
13755,"positive,positive"
13756,"positive,positive"
13757,"positive,positive"
13758,"positive,positive"
13759,"positive,positive"
13760,"positive,positive"
13761,"neutral,neutral"
13762,"positive,positive"
13763,"neutral,neutral"
13764,"neutral,neutral"
13765,"positive,positive"
13766,"positive,positive"
13767,"positive,positive"
13768,"positive,positive"
13769,"neutral,neutral"
13770,"positive,positive"
13771,"positive,positive"
13772,"neutral,neutral"
13773,"positive,positive"
13774,"positive,positive"
13775,"positive,positive"
13776,"positive,positive"
13777,"negative,negative"
13778,"positive,positive"
13779,"positive,positive"
13780,"positive,positive"
13781,"positive,positive"
13782,"neutral,neutral"
13783,"positive,positive"
13784,"neutral,neutral"
13785,"positive,positive"
13786,"positive,positive"
13787,"neutral,neutral"
13788,"positive,positive"
13789,"positive,positive"
13790,"neutral,neutral"
13791,"neutral,neutral"
13792,"neutral,neutral"
13793,"positive,positive"
13794,"positive,positive"
13795,"positive,positive"
13796,"neutral,neutral"
13797,"positive,positive"
13798,"negative,negative"
13799,"negative,negative"
13800,"positive,positive"
13801,"positive,positive"
13802,"positive,positive"
13803,"positive,positive"
13804,"negative,negative"
13805,"positive,positive"
13806,"positive,positive"
13807,"neutral,neutral"
13808,"positive,positive"
13809,"positive,positive"
13810,"positive,positive"
13811,"positive,positive"
13812,"positive,positive"
13813,"positive,positive"
13814,"positive,positive"
13815,"neutral,neutral"
13816,"neutral,neutral"
13817,"neutral,neutral"
13818,"positive,positive"
13819,"positive,positive"
13820,"positive,positive"
13821,"positive,positive"
13822,"positive,positive"
13823,"positive,positive"
13824,"positive,positive"
13825,"neutral,neutral"
13826,"neutral,neutral"
13827,"positive,positive"
13828,"positive,positive"
13829,"positive,positive"
13830,"positive,positive"
13831,"positive,positive"
13832,"positive,positive"
13833,"neutral,neutral"
13834,"positive,positive"
13835,"negative,negative"
13836,"positive,positive"
13837,"positive,positive"
13838,"positive,positive"
13839,"positive,positive"
13840,"neutral,neutral"
13841,"positive,positive"
13842,"neutral,neutral"
13843,"positive,positive"
13844,"neutral,neutral"
13845,"positive,positive"
13846,"positive,positive"
13847,"positive,positive"
13848,"neutral,neutral"
13849,"positive,positive"
13850,"positive,positive"
13851,"neutral,neutral"
13852,"positive,positive"
13853,"positive,positive"
13854,"positive,positive"
13855,"positive,positive"
13856,"positive,positive"
13857,"positive,positive"
13858,"positive,positive"
13859,"positive,positive"
13860,"positive,positive"
13861,"positive,positive"
13862,"positive,positive"
13863,"positive,positive"
13864,"negative,negative"
13865,"negative,negative"
13866,"positive,positive"
13867,"neutral,neutral"
13868,"positive,positive"
13869,"neutral,neutral"
13870,"positive,positive"
13871,"positive,positive"
13872,"positive,positive"
13873,"positive,positive"
13874,"positive,positive"
13875,"neutral,neutral"
13876,"positive,positive"
13877,"positive,positive"
13878,"positive,positive"
13879,"positive,positive"
13880,"neutral,neutral"
13881,"neutral,neutral"
13882,"positive,positive"
13883,"positive,positive"
13884,"positive,positive"
13885,"positive,positive"
13886,"positive,positive"
13887,"positive,positive"
13888,"neutral,neutral"
13889,"positive,positive"
13890,"negative,negative"
13891,"positive,positive"
13892,"positive,positive"
13893,"positive,positive"
13894,"positive,positive"
13895,"positive,positive"
13896,"positive,positive"
13897,"positive,positive"
13898,"negative,negative"
13899,"positive,positive"
13900,"neutral,neutral"
13901,"positive,positive"
13902,"positive,positive"
13903,"positive,positive"
13904,"positive,positive"
13905,"neutral,neutral"
13906,"positive,positive"
13907,"negative,negative"
13908,"neutral,neutral"
13909,"positive,positive"
13910,"neutral,neutral"
13911,"positive,positive"
13912,"positive,positive"
13913,"positive,positive"
13914,"positive,positive"
13915,"positive,positive"
13916,"positive,positive"
13917,"neutral,neutral"
13918,"positive,positive"
13919,"positive,positive"
13920,"positive,positive"
13921,"positive,positive"
13922,"positive,positive"
13923,"neutral,neutral"
13924,"negative,negative"
13925,"neutral,neutral"
13926,"positive,positive"
13927,"positive,positive"
13928,"positive,positive"
13929,"positive,positive"
13930,"neutral,neutral"
13931,"positive,positive"
13932,"positive,positive"
13933,"neutral,neutral"
13934,"positive,positive"
13935,"positive,positive"
13936,"neutral,neutral"
13937,"neutral,neutral"
13938,"neutral,neutral"
13939,"positive,positive"
13940,"neutral,neutral"
13941,"neutral,neutral"
13942,"neutral,neutral"
13943,"positive,positive"
13944,"positive,positive"
13945,"positive,positive"
13946,"positive,positive"
13947,"positive,positive"
13948,"positive,positive"
13949,"positive,positive"
13950,"positive,positive"
13951,"positive,positive"
13952,"positive,positive"
13953,"neutral,neutral"
13954,"positive,positive"
13955,"neutral,neutral"
13956,"positive,positive"
13957,"positive,positive"
13958,"positive,positive"
13959,"neutral,neutral"
13960,"neutral,neutral"
13961,"positive,positive"
13962,"positive,positive"
13963,"positive,positive"
13964,"neutral,neutral"
13965,"negative,negative"
13966,"positive,positive"
13967,"neutral,neutral"
13968,"positive,positive"
13969,"positive,positive"
13970,"negative,negative"
13971,"positive,positive"
13972,"positive,positive"
13973,"positive,positive"
13974,"positive,positive"
13975,"negative,negative"
13976,"neutral,neutral"
13977,"positive,positive"
13978,"neutral,neutral"
13979,"positive,positive"
13980,"positive,positive"
13981,"positive,positive"
13982,"neutral,neutral"
13983,"positive,positive"
13984,"positive,positive"
13985,"positive,positive"
13986,"neutral,neutral"
13987,"positive,positive"
13988,"positive,positive"
13989,"positive,positive"
13990,"positive,positive"
13991,"positive,positive"
13992,"positive,positive"
13993,"positive,positive"
13994,"positive,positive"
13995,"positive,positive"
13996,"neutral,neutral"
13997,"positive,positive"
13998,"negative,negative"
13999,"positive,positive"
14000,"neutral,neutral"
14001,"neutral,neutral"
14002,"neutral,neutral"
14003,"neutral,neutral"
14004,"positive,positive"
14005,"positive,positive"
14006,"positive,positive"
14007,"positive,positive"
14008,"neutral,neutral"
14009,"positive,positive"
14010,"positive,positive"
14011,"negative,negative"
14012,"positive,positive"
14013,"neutral,neutral"
14014,"negative,negative"
14015,"neutral,neutral"
14016,"neutral,neutral"
14017,"positive,positive"
14018,"positive,positive"
14019,"positive,positive"
14020,"negative,negative"
14021,"neutral,neutral"
14022,"neutral,neutral"
14023,"positive,positive"
14024,"positive,positive"
14025,"neutral,neutral"
14026,"neutral,neutral"
14027,"positive,positive"
14028,"positive,positive"
14029,"negative,negative"
14030,"positive,positive"
14031,"positive,positive"
14032,"neutral,neutral"
14033,"positive,positive"
14034,"positive,positive"
14035,"positive,positive"
14036,"positive,positive"
14037,"positive,positive"
14038,"positive,positive"
14039,"neutral,neutral"
14040,"positive,positive"
14041,"positive,positive"
14042,"neutral,neutral"
14043,"positive,positive"
14044,"positive,positive"
14045,"neutral,neutral"
14046,"positive,positive"
14047,"positive,positive"
14048,"positive,positive"
14049,"positive,positive"
14050,"positive,positive"
14051,"neutral,neutral"
14052,"positive,positive"
14053,"positive,positive"
14054,"neutral,neutral"
14055,"negative,negative"
14056,"positive,positive"
14057,"positive,positive"
14058,"neutral,neutral"
14059,"positive,positive"
14060,"positive,positive"
14061,"neutral,neutral"
14062,"positive,positive"
14063,"positive,positive"
14064,"positive,positive"
14065,"positive,positive"
14066,"positive,positive"
14067,"positive,positive"
14068,"positive,positive"
14069,"positive,positive"
14070,"positive,positive"
14071,"neutral,neutral"
14072,"neutral,neutral"
14073,"positive,positive"
14074,"positive,positive"
14075,"negative,negative"
14076,"positive,positive"
14077,"positive,positive"
14078,"positive,positive"
14079,"positive,positive"
14080,"neutral,neutral"
14081,"neutral,neutral"
14082,"neutral,neutral"
14083,"neutral,neutral"
14084,"positive,positive"
14085,"positive,positive"
14086,"positive,positive"
14087,"neutral,neutral"
14088,"neutral,neutral"
14089,"positive,positive"
14090,"positive,positive"
14091,"positive,positive"
14092,"positive,positive"
14093,"neutral,neutral"
14094,"positive,positive"
14095,"positive,positive"
14096,"positive,positive"
14097,"neutral,neutral"
14098,"negative,negative"
14099,"positive,positive"
14100,"positive,positive"
14101,"neutral,neutral"
14102,"positive,positive"
14103,"positive,positive"
14104,"negative,negative"
14105,"positive,positive"
14106,"positive,positive"
14107,"positive,positive"
14108,"positive,positive"
14109,"positive,positive"
14110,"positive,positive"
14111,"negative,negative"
14112,"positive,positive"
14113,"neutral,neutral"
14114,"positive,positive"
14115,"neutral,neutral"
14116,"positive,positive"
14117,"negative,negative"
14118,"positive,positive"
14119,"positive,positive"
14120,"positive,positive"
14121,"negative,negative"
14122,"neutral,neutral"
14123,"positive,positive"
14124,"positive,positive"
14125,"positive,positive"
14126,"neutral,neutral"
14127,"positive,positive"
14128,"positive,positive"
14129,"neutral,neutral"
14130,"positive,positive"
14131,"positive,positive"
14132,"positive,positive"
14133,"positive,positive"
14134,"neutral,neutral"
14135,"positive,positive"
14136,"neutral,neutral"
14137,"neutral,neutral"
14138,"neutral,neutral"
14139,"neutral,neutral"
14140,"positive,positive"
14141,"positive,positive"
14142,"neutral,neutral"
14143,"neutral,neutral"
14144,"neutral,neutral"
14145,"positive,positive"
14146,"positive,positive"
14147,"negative,negative"
14148,"neutral,neutral"
14149,"positive,positive"
14150,"positive,positive"
14151,"positive,positive"
14152,"positive,positive"
14153,"positive,positive"
14154,"positive,positive"
14155,"positive,positive"
14156,"positive,positive"
14157,"positive,positive"
14158,"positive,positive"
14159,"positive,positive"
14160,"neutral,neutral"
14161,"positive,positive"
14162,"positive,positive"
14163,"positive,positive"
14164,"positive,positive"
14165,"positive,positive"
14166,"positive,positive"
14167,"negative,negative"
14168,"positive,positive"
14169,"neutral,neutral"
14170,"negative,negative"
14171,"positive,positive"
14172,"positive,positive"
14173,"neutral,neutral"
14174,"positive,positive"
14175,"positive,positive"
14176,"positive,positive"
14177,"positive,positive"
14178,"negative,negative"
14179,"positive,positive"
14180,"positive,positive"
14181,"positive,positive"
14182,"negative,negative"
14183,"positive,positive"
14184,"neutral,neutral"
14185,"neutral,neutral"
14186,"negative,negative"
14187,"neutral,neutral"
14188,"positive,positive"
14189,"positive,positive"
14190,"positive,positive"
14191,"positive,positive"
14192,"positive,positive"
14193,"neutral,neutral"
14194,"positive,positive"
14195,"positive,positive"
14196,"positive,positive"
14197,"positive,positive"
14198,"positive,positive"
14199,"positive,positive"
14200,"positive,positive"
14201,"positive,positive"
14202,"neutral,neutral"
14203,"positive,positive"
14204,"positive,positive"
14205,"positive,positive"
14206,"positive,positive"
14207,"positive,positive"
14208,"neutral,neutral"
14209,"positive,positive"
14210,"positive,positive"
14211,"positive,positive"
14212,"positive,positive"
14213,"positive,positive"
14214,"neutral,neutral"
14215,"positive,positive"
14216,"positive,positive"
14217,"neutral,neutral"
14218,"positive,positive"
14219,"positive,positive"
14220,"positive,positive"
14221,"neutral,neutral"
14222,"positive,positive"
14223,"positive,positive"
14224,"positive,positive"
14225,"neutral,neutral"
14226,"neutral,neutral"
14227,"positive,positive"
14228,"positive,positive"
14229,"neutral,neutral"
14230,"positive,positive"
14231,"neutral,neutral"
14232,"positive,positive"
14233,"positive,positive"
14234,"negative,negative"
14235,"positive,positive"
14236,"positive,positive"
14237,"positive,positive"
14238,"positive,positive"
14239,"positive,positive"
14240,"positive,positive"
14241,"neutral,neutral"
14242,"positive,positive"
14243,"positive,positive"
14244,"positive,positive"
14245,"neutral,neutral"
14246,"positive,positive"
14247,"positive,positive"
14248,"positive,positive"
14249,"positive,positive"
14250,"positive,positive"
14251,"positive,positive"
14252,"positive,positive"
14253,"neutral,neutral"
14254,"positive,positive"
14255,"negative,negative"
14256,"negative,negative"
14257,"neutral,neutral"
14258,"positive,positive"
14259,"negative,negative"
14260,"positive,positive"
14261,"positive,positive"
14262,"positive,positive"
14263,"positive,positive"
14264,"neutral,neutral"
14265,"positive,positive"
14266,"positive,positive"
14267,"positive,positive"
14268,"neutral,neutral"
14269,"positive,positive"
14270,"positive,positive"
14271,"positive,positive"
14272,"negative,negative"
14273,"neutral,neutral"
14274,"positive,positive"
14275,"neutral,neutral"
14276,"positive,positive"
14277,"positive,positive"
14278,"positive,positive"
14279,"positive,positive"
14280,"negative,negative"
14281,"positive,positive"
14282,"positive,positive"
14283,"negative,negative"
14284,"positive,positive"
14285,"neutral,neutral"
14286,"neutral,neutral"
14287,"positive,positive"
14288,"positive,positive"
14289,"positive,positive"
14290,"positive,positive"
14291,"neutral,neutral"
14292,"negative,negative"
14293,"positive,positive"
14294,"positive,positive"
14295,"positive,positive"
14296,"neutral,neutral"
14297,"positive,positive"
14298,"neutral,neutral"
14299,"positive,positive"
14300,"neutral,neutral"
14301,"positive,positive"
14302,"positive,positive"
14303,"positive,positive"
14304,"positive,positive"
14305,"positive,positive"
14306,"neutral,neutral"
14307,"positive,positive"
14308,"positive,positive"
14309,"positive,positive"
14310,"positive,positive"
14311,"positive,positive"
14312,"positive,positive"
14313,"neutral,neutral"
14314,"positive,positive"
14315,"positive,positive"
14316,"neutral,neutral"
14317,"positive,positive"
14318,"positive,positive"
14319,"positive,positive"
14320,"positive,positive"
14321,"positive,positive"
14322,"neutral,neutral"
14323,"positive,positive"
14324,"positive,positive"
14325,"positive,positive"
14326,"positive,positive"
14327,"neutral,neutral"
14328,"positive,positive"
14329,"neutral,neutral"
14330,"positive,positive"
14331,"positive,positive"
14332,"positive,positive"
14333,"positive,positive"
14334,"positive,positive"
14335,"positive,positive"
14336,"neutral,neutral"
14337,"positive,positive"
14338,"positive,positive"
14339,"positive,positive"
14340,"positive,positive"
14341,"positive,positive"
14342,"neutral,neutral"
14343,"negative,negative"
14344,"negative,negative"
14345,"positive,positive"
14346,"neutral,neutral"
14347,"positive,positive"
14348,"positive,positive"
14349,"positive,positive"
14350,"positive,positive"
14351,"positive,positive"
14352,"positive,positive"
14353,"positive,positive"
14354,"negative,negative"
14355,"neutral,neutral"
14356,"positive,positive"
14357,"positive,positive"
14358,"positive,positive"
14359,"positive,positive"
14360,"positive,positive"
14361,"positive,positive"
14362,"positive,positive"
14363,"positive,positive"
14364,"positive,positive"
14365,"positive,positive"
14366,"positive,positive"
14367,"positive,positive"
14368,"neutral,neutral"
14369,"positive,positive"
14370,"positive,positive"
14371,"positive,positive"
14372,"negative,negative"
14373,"positive,positive"
14374,"neutral,neutral"
14375,"positive,positive"
14376,"positive,positive"
14377,"neutral,neutral"
14378,"positive,positive"
14379,"positive,positive"
14380,"positive,positive"
14381,"positive,positive"
14382,"positive,positive"
14383,"positive,positive"
14384,"positive,positive"
14385,"positive,positive"
14386,"negative,negative"
14387,"positive,positive"
14388,"positive,positive"
14389,"positive,positive"
14390,"positive,positive"
14391,"positive,positive"
14392,"positive,positive"
14393,"positive,positive"
14394,"positive,positive"
14395,"neutral,neutral"
14396,"negative,negative"
14397,"neutral,neutral"
14398,"positive,positive"
14399,"positive,positive"
14400,"negative,negative"
14401,"positive,positive"
14402,"positive,positive"
14403,"positive,positive"
14404,"neutral,neutral"
14405,"positive,positive"
14406,"positive,positive"
14407,"negative,negative"
14408,"positive,positive"
14409,"positive,positive"
14410,"positive,positive"
14411,"positive,positive"
14412,"negative,negative"
14413,"positive,positive"
14414,"positive,positive"
14415,"positive,positive"
14416,"negative,negative"
14417,"neutral,neutral"
14418,"positive,positive"
14419,"positive,positive"
14420,"positive,positive"
14421,"positive,positive"
14422,"positive,positive"
14423,"neutral,neutral"
14424,"positive,positive"
14425,"positive,positive"
14426,"neutral,neutral"
14427,"positive,positive"
14428,"positive,positive"
14429,"positive,positive"
14430,"positive,positive"
14431,"positive,positive"
14432,"neutral,neutral"
14433,"neutral,neutral"
14434,"positive,positive"
14435,"positive,positive"
14436,"positive,positive"
14437,"positive,positive"
14438,"positive,positive"
14439,"positive,positive"
14440,"positive,positive"
14441,"positive,positive"
14442,"positive,positive"
14443,"positive,positive"
14444,"positive,positive"
14445,"positive,positive"
14446,"positive,positive"
14447,"positive,positive"
14448,"negative,negative"
14449,"neutral,neutral"
14450,"neutral,neutral"
14451,"positive,positive"
14452,"positive,positive"
14453,"positive,positive"
14454,"positive,positive"
14455,"positive,positive"
14456,"neutral,neutral"
14457,"positive,positive"
14458,"positive,positive"
14459,"neutral,neutral"
14460,"positive,positive"
14461,"neutral,neutral"
14462,"neutral,neutral"
14463,"neutral,neutral"
14464,"positive,positive"
14465,"neutral,neutral"
14466,"positive,positive"
14467,"positive,positive"
14468,"positive,positive"
14469,"positive,positive"
14470,"positive,positive"
14471,"positive,positive"
14472,"positive,positive"
14473,"neutral,neutral"
14474,"positive,positive"
14475,"positive,positive"
14476,"positive,positive"
14477,"positive,positive"
14478,"positive,positive"
14479,"positive,positive"
14480,"positive,positive"
14481,"neutral,neutral"
14482,"positive,positive"
14483,"positive,positive"
14484,"positive,positive"
14485,"positive,positive"
14486,"negative,negative"
14487,"positive,positive"
14488,"positive,positive"
14489,"neutral,neutral"
14490,"positive,positive"
14491,"negative,negative"
14492,"positive,positive"
14493,"positive,positive"
14494,"neutral,neutral"
14495,"neutral,neutral"
14496,"positive,positive"
14497,"neutral,neutral"
14498,"neutral,neutral"
14499,"positive,positive"
14500,"neutral,neutral"
14501,"positive,positive"
14502,"neutral,neutral"
14503,"positive,positive"
14504,"positive,positive"
14505,"positive,positive"
14506,"neutral,neutral"
14507,"positive,positive"
14508,"positive,positive"
14509,"positive,positive"
14510,"positive,positive"
14511,"neutral,neutral"
14512,"positive,positive"
14513,"neutral,neutral"
14514,"positive,positive"
14515,"positive,positive"
14516,"negative,negative"
14517,"positive,positive"
14518,"positive,positive"
14519,"positive,positive"
14520,"positive,positive"
14521,"positive,positive"
14522,"neutral,neutral"
14523,"neutral,neutral"
14524,"positive,positive"
14525,"positive,positive"
14526,"positive,positive"
14527,"positive,positive"
14528,"neutral,neutral"
14529,"positive,positive"
14530,"neutral,neutral"
14531,"negative,negative"
14532,"positive,positive"
14533,"neutral,neutral"
14534,"positive,positive"
14535,"positive,positive"
14536,"positive,positive"
14537,"negative,negative"
14538,"negative,negative"
14539,"positive,positive"
14540,"neutral,neutral"
14541,"negative,negative"
14542,"positive,positive"
14543,"positive,positive"
14544,"negative,negative"
14545,"positive,positive"
14546,"positive,positive"
14547,"negative,negative"
14548,"positive,positive"
14549,"positive,positive"
14550,"positive,positive"
14551,"positive,positive"
14552,"positive,positive"
14553,"positive,positive"
14554,"positive,positive"
14555,"positive,positive"
14556,"neutral,neutral"
14557,"negative,negative"
14558,"positive,positive"
14559,"positive,positive"
14560,"positive,positive"
14561,"neutral,neutral"
14562,"positive,positive"
14563,"negative,negative"
14564,"positive,positive"
14565,"neutral,neutral"
14566,"neutral,neutral"
14567,"neutral,neutral"
14568,"positive,positive"
14569,"positive,positive"
14570,"positive,positive"
14571,"positive,positive"
14572,"neutral,neutral"
14573,"neutral,neutral"
14574,"positive,positive"
14575,"positive,positive"
14576,"neutral,neutral"
14577,"positive,positive"
14578,"positive,positive"
14579,"positive,positive"
14580,"positive,positive"
14581,"positive,positive"
14582,"negative,negative"
14583,"positive,positive"
14584,"positive,positive"
14585,"positive,positive"
14586,"negative,negative"
14587,"neutral,neutral"
14588,"neutral,neutral"
14589,"neutral,neutral"
14590,"positive,positive"
14591,"positive,positive"
14592,"positive,positive"
14593,"positive,positive"
14594,"negative,negative"
14595,"positive,positive"
14596,"positive,positive"
14597,"positive,positive"
14598,"negative,negative"
14599,"positive,positive"
14600,"positive,positive"
14601,"positive,positive"
14602,"positive,positive"
14603,"positive,positive"
14604,"neutral,neutral"
14605,"positive,positive"
14606,"negative,negative"
14607,"positive,positive"
14608,"positive,positive"
14609,"negative,negative"
14610,"positive,positive"
14611,"positive,positive"
14612,"positive,positive"
14613,"positive,positive"
14614,"positive,positive"
14615,"positive,positive"
14616,"positive,positive"
14617,"positive,positive"
14618,"positive,positive"
14619,"positive,positive"
14620,"neutral,neutral"
14621,"negative,negative"
14622,"positive,positive"
14623,"positive,positive"
14624,"positive,positive"
14625,"neutral,neutral"
14626,"positive,positive"
14627,"negative,negative"
14628,"positive,positive"
14629,"positive,positive"
14630,"positive,positive"
14631,"positive,positive"
14632,"positive,positive"
14633,"neutral,neutral"
14634,"positive,positive"
14635,"positive,positive"
14636,"neutral,neutral"
14637,"neutral,neutral"
14638,"neutral,neutral"
14639,"positive,positive"
14640,"positive,positive"
14641,"neutral,neutral"
14642,"neutral,neutral"
14643,"positive,positive"
14644,"positive,positive"
14645,"positive,positive"
14646,"positive,positive"
14647,"positive,positive"
14648,"neutral,neutral"
14649,"negative,negative"
14650,"positive,positive"
14651,"positive,positive"
14652,"positive,positive"
14653,"neutral,neutral"
14654,"positive,positive"
14655,"neutral,neutral"
14656,"negative,negative"
14657,"positive,positive"
14658,"positive,positive"
14659,"positive,positive"
14660,"neutral,neutral"
14661,"positive,positive"
14662,"positive,positive"
14663,"positive,positive"
14664,"positive,positive"
14665,"positive,positive"
14666,"negative,negative"
14667,"negative,negative"
14668,"neutral,neutral"
14669,"positive,positive"
14670,"positive,positive"
14671,"neutral,neutral"
14672,"neutral,neutral"
14673,"positive,positive"
14674,"neutral,neutral"
14675,"neutral,neutral"
14676,"neutral,neutral"
14677,"positive,positive"
14678,"positive,positive"
14679,"positive,positive"
14680,"positive,positive"
14681,"positive,positive"
14682,"positive,positive"
14683,"neutral,neutral"
14684,"neutral,neutral"
14685,"positive,positive"
14686,"neutral,neutral"
14687,"positive,positive"
14688,"positive,positive"
14689,"neutral,neutral"
14690,"negative,negative"
14691,"positive,positive"
14692,"positive,positive"
14693,"positive,positive"
14694,"positive,positive"
14695,"positive,positive"
14696,"positive,positive"
14697,"neutral,neutral"
14698,"positive,positive"
14699,"positive,positive"
14700,"negative,negative"
14701,"negative,negative"
14702,"positive,positive"
14703,"positive,positive"
14704,"positive,positive"
14705,"positive,positive"
14706,"neutral,neutral"
14707,"neutral,neutral"
14708,"positive,positive"
14709,"neutral,neutral"
14710,"neutral,neutral"
14711,"positive,positive"
14712,"neutral,neutral"
14713,"positive,positive"
14714,"negative,negative"
14715,"neutral,neutral"
14716,"positive,positive"
14717,"neutral,neutral"
14718,"neutral,neutral"
14719,"positive,positive"
14720,"positive,positive"
14721,"positive,positive"
14722,"positive,positive"
14723,"neutral,neutral"
14724,"positive,positive"
14725,"positive,positive"
14726,"negative,negative"
14727,"neutral,neutral"
14728,"negative,negative"
14729,"positive,positive"
14730,"positive,positive"
14731,"neutral,neutral"
14732,"positive,positive"
14733,"neutral,neutral"
14734,"positive,positive"
14735,"positive,positive"
14736,"neutral,neutral"
14737,"neutral,neutral"
14738,"negative,negative"
14739,"positive,positive"
14740,"positive,positive"
14741,"positive,positive"
14742,"positive,positive"
14743,"neutral,neutral"
14744,"positive,positive"
14745,"neutral,neutral"
14746,"neutral,neutral"
14747,"positive,positive"
14748,"positive,positive"
14749,"positive,positive"
14750,"positive,positive"
14751,"neutral,neutral"
14752,"neutral,neutral"
14753,"negative,negative"
14754,"positive,positive"
14755,"positive,positive"
14756,"positive,positive"
14757,"positive,positive"
14758,"positive,positive"
14759,"positive,positive"
14760,"positive,positive"
14761,"positive,positive"
14762,"neutral,neutral"
14763,"positive,positive"
14764,"positive,positive"
14765,"positive,positive"
14766,"positive,positive"
14767,"neutral,neutral"
14768,"positive,positive"
14769,"positive,positive"
14770,"positive,positive"
14771,"positive,positive"
14772,"positive,positive"
14773,"neutral,neutral"
14774,"positive,positive"
14775,"neutral,neutral"
14776,"positive,positive"
14777,"positive,positive"
14778,"positive,positive"
14779,"neutral,neutral"
14780,"positive,positive"
14781,"positive,positive"
14782,"positive,positive"
14783,"positive,positive"
14784,"positive,positive"
14785,"positive,positive"
14786,"negative,negative"
14787,"positive,positive"
14788,"positive,positive"
14789,"neutral,neutral"
14790,"positive,positive"
14791,"neutral,neutral"
14792,"positive,positive"
14793,"negative,negative"
14794,"positive,positive"
14795,"positive,positive"
14796,"positive,positive"
14797,"neutral,neutral"
14798,"positive,positive"
14799,"positive,positive"
14800,"positive,positive"
14801,"neutral,neutral"
14802,"positive,positive"
14803,"positive,positive"
14804,"positive,positive"
14805,"positive,positive"
14806,"positive,positive"
14807,"positive,positive"
14808,"positive,positive"
14809,"positive,positive"
14810,"positive,positive"
14811,"negative,negative"
14812,"positive,positive"
14813,"positive,positive"
14814,"neutral,neutral"
14815,"positive,positive"
14816,"positive,positive"
14817,"neutral,neutral"
14818,"positive,positive"
14819,"positive,positive"
14820,"negative,negative"
14821,"neutral,neutral"
14822,"neutral,neutral"
14823,"positive,positive"
14824,"positive,positive"
14825,"positive,positive"
14826,"neutral,neutral"
14827,"neutral,neutral"
14828,"positive,positive"
14829,"positive,positive"
14830,"neutral,neutral"
14831,"positive,positive"
14832,"neutral,neutral"
14833,"positive,positive"
14834,"neutral,neutral"
14835,"positive,positive"
14836,"positive,positive"
14837,"positive,positive"
14838,"positive,positive"
14839,"positive,positive"
14840,"positive,positive"
14841,"positive,positive"
14842,"neutral,neutral"
14843,"neutral,neutral"
14844,"negative,negative"
14845,"positive,positive"
14846,"positive,positive"
14847,"positive,positive"
14848,"positive,positive"
14849,"positive,positive"
14850,"neutral,neutral"
14851,"positive,positive"
14852,"positive,positive"
14853,"positive,positive"
14854,"neutral,neutral"
14855,"positive,positive"
14856,"positive,positive"
14857,"positive,positive"
14858,"positive,positive"
14859,"positive,positive"
14860,"positive,positive"
14861,"positive,positive"
14862,"positive,positive"
14863,"positive,positive"
14864,"positive,positive"
14865,"positive,positive"
14866,"neutral,neutral"
14867,"positive,positive"
14868,"positive,positive"
14869,"positive,positive"
14870,"neutral,neutral"
14871,"positive,positive"
14872,"positive,positive"
14873,"neutral,neutral"
14874,"positive,positive"
14875,"neutral,neutral"
14876,"positive,positive"
14877,"positive,positive"
14878,"neutral,neutral"
14879,"positive,positive"
14880,"negative,negative"
14881,"neutral,neutral"
14882,"positive,positive"
14883,"positive,positive"
14884,"positive,positive"
14885,"neutral,neutral"
14886,"positive,positive"
14887,"positive,positive"
14888,"positive,positive"
14889,"positive,positive"
14890,"positive,positive"
14891,"neutral,neutral"
14892,"positive,positive"
14893,"positive,positive"
14894,"positive,positive"
14895,"negative,negative"
14896,"negative,negative"
14897,"positive,positive"
14898,"positive,positive"
14899,"positive,positive"
14900,"positive,positive"
14901,"negative,negative"
14902,"positive,positive"
14903,"positive,positive"
14904,"positive,positive"
14905,"neutral,neutral"
14906,"neutral,neutral"
14907,"neutral,neutral"
14908,"neutral,neutral"
14909,"positive,positive"
14910,"positive,positive"
14911,"positive,positive"
14912,"positive,positive"
14913,"positive,positive"
14914,"neutral,neutral"
14915,"negative,negative"
14916,"neutral,neutral"
14917,"positive,positive"
14918,"positive,positive"
14919,"positive,positive"
14920,"positive,positive"
14921,"neutral,neutral"
14922,"positive,positive"
14923,"positive,positive"
14924,"neutral,neutral"
14925,"positive,positive"
14926,"neutral,neutral"
14927,"neutral,neutral"
14928,"positive,positive"
14929,"positive,positive"
14930,"neutral,neutral"
14931,"neutral,neutral"
14932,"neutral,neutral"
14933,"positive,positive"
14934,"positive,positive"
14935,"positive,positive"
14936,"positive,positive"
14937,"positive,positive"
14938,"neutral,neutral"
14939,"neutral,neutral"
14940,"neutral,neutral"
14941,"positive,positive"
14942,"positive,positive"
14943,"positive,positive"
14944,"positive,positive"
14945,"neutral,neutral"
14946,"neutral,neutral"
14947,"neutral,neutral"
14948,"negative,negative"
14949,"neutral,neutral"
14950,"positive,positive"
14951,"positive,positive"
14952,"positive,positive"
14953,"positive,positive"
14954,"positive,positive"
14955,"positive,positive"
14956,"neutral,neutral"
14957,"positive,positive"
14958,"positive,positive"
14959,"neutral,neutral"
14960,"positive,positive"
14961,"neutral,neutral"
14962,"positive,positive"
14963,"positive,positive"
14964,"positive,positive"
14965,"positive,positive"
14966,"neutral,neutral"
14967,"neutral,neutral"
14968,"positive,positive"
14969,"positive,positive"
14970,"neutral,neutral"
14971,"neutral,neutral"
14972,"positive,positive"
14973,"neutral,neutral"
14974,"positive,positive"
14975,"positive,positive"
14976,"neutral,neutral"
14977,"positive,positive"
14978,"positive,positive"
14979,"positive,positive"
14980,"positive,positive"
14981,"negative,negative"
14982,"negative,negative"
14983,"positive,positive"
14984,"neutral,neutral"
14985,"positive,positive"
14986,"negative,negative"
14987,"neutral,neutral"
14988,"neutral,neutral"
14989,"neutral,neutral"
14990,"positive,positive"
14991,"neutral,neutral"
14992,"positive,positive"
14993,"positive,positive"
14994,"positive,positive"
14995,"negative,negative"
14996,"positive,positive"
14997,"positive,positive"
14998,"positive,positive"
14999,"positive,positive"
15000,"positive,positive"
15001,"positive,positive"
15002,"neutral,neutral"
15003,"positive,positive"
15004,"neutral,neutral"
15005,"neutral,neutral"
15006,"positive,positive"
15007,"positive,positive"
15008,"neutral,neutral"
15009,"positive,positive"
15010,"neutral,neutral"
15011,"positive,positive"
15012,"positive,positive"
15013,"positive,positive"
15014,"positive,positive"
15015,"neutral,neutral"
15016,"positive,positive"
15017,"positive,positive"
15018,"positive,positive"
15019,"positive,positive"
15020,"neutral,neutral"
15021,"positive,positive"
15022,"neutral,neutral"
15023,"positive,positive"
15024,"positive,positive"
15025,"positive,positive"
15026,"positive,positive"
15027,"positive,positive"
15028,"positive,positive"
15029,"neutral,neutral"
15030,"positive,positive"
15031,"neutral,neutral"
15032,"positive,positive"
15033,"positive,positive"
15034,"positive,positive"
15035,"positive,positive"
15036,"neutral,neutral"
15037,"positive,positive"
15038,"positive,positive"
15039,"positive,positive"
15040,"positive,positive"
15041,"positive,positive"
15042,"positive,positive"
15043,"positive,positive"
15044,"neutral,neutral"
15045,"positive,positive"
15046,"positive,positive"
15047,"negative,negative"
15048,"negative,negative"
15049,"positive,positive"
15050,"positive,positive"
15051,"positive,positive"
15052,"positive,positive"
15053,"positive,positive"
15054,"positive,positive"
15055,"positive,positive"
15056,"neutral,neutral"
15057,"positive,positive"
15058,"positive,positive"
15059,"positive,positive"
15060,"positive,positive"
15061,"positive,positive"
15062,"positive,positive"
15063,"positive,positive"
15064,"positive,positive"
15065,"neutral,neutral"
15066,"neutral,neutral"
15067,"positive,positive"
15068,"positive,positive"
15069,"positive,positive"
15070,"positive,positive"
15071,"positive,positive"
15072,"neutral,neutral"
15073,"positive,positive"
15074,"positive,positive"
15075,"positive,positive"
15076,"positive,positive"
15077,"neutral,neutral"
15078,"positive,positive"
15079,"positive,positive"
15080,"neutral,neutral"
15081,"positive,positive"
15082,"neutral,neutral"
15083,"neutral,neutral"
15084,"positive,positive"
15085,"negative,negative"
15086,"positive,positive"
15087,"neutral,neutral"
15088,"positive,positive"
15089,"positive,positive"
15090,"positive,positive"
15091,"positive,positive"
15092,"positive,positive"
15093,"positive,positive"
15094,"positive,positive"
15095,"positive,positive"
15096,"positive,positive"
15097,"neutral,neutral"
15098,"positive,positive"
15099,"positive,positive"
15100,"negative,negative"
15101,"positive,positive"
15102,"neutral,neutral"
15103,"positive,positive"
15104,"neutral,neutral"
15105,"positive,positive"
15106,"positive,positive"
15107,"negative,negative"
15108,"positive,positive"
15109,"neutral,neutral"
15110,"positive,positive"
15111,"neutral,neutral"
15112,"positive,positive"
15113,"neutral,neutral"
15114,"neutral,neutral"
15115,"positive,positive"
15116,"positive,positive"
15117,"positive,positive"
15118,"negative,negative"
15119,"positive,positive"
15120,"negative,negative"
15121,"positive,positive"
15122,"positive,positive"
15123,"negative,negative"
15124,"positive,positive"
15125,"positive,positive"
15126,"positive,positive"
15127,"positive,positive"
15128,"positive,positive"
15129,"positive,positive"
15130,"positive,positive"
15131,"neutral,neutral"
15132,"neutral,neutral"
15133,"positive,positive"
15134,"positive,positive"
15135,"positive,positive"
15136,"neutral,neutral"
15137,"positive,positive"
15138,"positive,positive"
15139,"positive,positive"
15140,"neutral,neutral"
15141,"positive,positive"
15142,"positive,positive"
15143,"positive,positive"
15144,"positive,positive"
15145,"neutral,neutral"
15146,"positive,positive"
15147,"positive,positive"
15148,"positive,positive"
15149,"positive,positive"
15150,"positive,positive"
15151,"neutral,neutral"
15152,"positive,positive"
15153,"neutral,neutral"
15154,"positive,positive"
15155,"positive,positive"
15156,"positive,positive"
15157,"positive,positive"
15158,"positive,positive"
15159,"positive,positive"
15160,"positive,positive"
15161,"positive,positive"
15162,"positive,positive"
15163,"neutral,neutral"
15164,"positive,positive"
15165,"positive,positive"
15166,"neutral,neutral"
15167,"positive,positive"
15168,"neutral,neutral"
15169,"positive,positive"
15170,"positive,positive"
15171,"positive,positive"
15172,"negative,negative"
15173,"positive,positive"
15174,"positive,positive"
15175,"positive,positive"
15176,"positive,positive"
15177,"positive,positive"
15178,"positive,positive"
15179,"positive,positive"
15180,"positive,positive"
15181,"positive,positive"
15182,"positive,positive"
15183,"positive,positive"
15184,"positive,positive"
15185,"positive,positive"
15186,"neutral,neutral"
15187,"negative,negative"
15188,"positive,positive"
15189,"neutral,neutral"
15190,"neutral,neutral"
15191,"neutral,neutral"
15192,"positive,positive"
15193,"positive,positive"
15194,"neutral,neutral"
15195,"positive,positive"
15196,"positive,positive"
15197,"positive,positive"
15198,"positive,positive"
15199,"positive,positive"
15200,"positive,positive"
15201,"neutral,neutral"
15202,"positive,positive"
15203,"positive,positive"
15204,"positive,positive"
15205,"positive,positive"
15206,"negative,negative"
15207,"negative,negative"
15208,"positive,positive"
15209,"positive,positive"
15210,"positive,positive"
15211,"neutral,neutral"
15212,"positive,positive"
15213,"positive,positive"
15214,"positive,positive"
15215,"neutral,neutral"
15216,"neutral,neutral"
15217,"positive,positive"
15218,"positive,positive"
15219,"negative,negative"
15220,"negative,negative"
15221,"positive,positive"
15222,"neutral,neutral"
15223,"negative,negative"
15224,"neutral,neutral"
15225,"positive,positive"
15226,"positive,positive"
15227,"neutral,neutral"
15228,"positive,positive"
15229,"positive,positive"
15230,"neutral,neutral"
15231,"positive,positive"
15232,"neutral,neutral"
15233,"positive,positive"
15234,"positive,positive"
15235,"negative,negative"
15236,"negative,negative"
15237,"neutral,neutral"
15238,"positive,positive"
15239,"positive,positive"
15240,"positive,positive"
15241,"neutral,neutral"
15242,"positive,positive"
15243,"positive,positive"
15244,"positive,positive"
15245,"positive,positive"
15246,"positive,positive"
15247,"neutral,neutral"
15248,"positive,positive"
15249,"neutral,neutral"
15250,"neutral,neutral"
15251,"positive,positive"
15252,"positive,positive"
15253,"neutral,neutral"
15254,"negative,negative"
15255,"neutral,neutral"
15256,"positive,positive"
15257,"neutral,neutral"
15258,"negative,negative"
15259,"neutral,neutral"
15260,"positive,positive"
15261,"positive,positive"
15262,"neutral,neutral"
15263,"positive,positive"
15264,"positive,positive"
15265,"neutral,neutral"
15266,"positive,positive"
15267,"positive,positive"
15268,"neutral,neutral"
15269,"neutral,neutral"
15270,"positive,positive"
15271,"neutral,neutral"
15272,"neutral,neutral"
15273,"positive,positive"
15274,"negative,negative"
15275,"positive,positive"
15276,"positive,positive"
15277,"positive,positive"
15278,"positive,positive"
15279,"positive,positive"
15280,"positive,positive"
15281,"positive,positive"
15282,"negative,negative"
15283,"neutral,neutral"
15284,"positive,positive"
15285,"positive,positive"
15286,"positive,positive"
15287,"positive,positive"
15288,"negative,negative"
15289,"positive,positive"
15290,"negative,negative"
15291,"positive,positive"
15292,"positive,positive"
15293,"neutral,neutral"
15294,"positive,positive"
15295,"positive,positive"
15296,"positive,positive"
15297,"positive,positive"
15298,"neutral,neutral"
15299,"neutral,neutral"
15300,"positive,positive"
15301,"positive,positive"
15302,"neutral,neutral"
15303,"neutral,neutral"
15304,"neutral,neutral"
15305,"positive,positive"
15306,"positive,positive"
15307,"positive,positive"
15308,"neutral,neutral"
15309,"positive,positive"
15310,"neutral,neutral"
15311,"positive,positive"
15312,"positive,positive"
15313,"negative,negative"
15314,"negative,negative"
15315,"neutral,neutral"
15316,"neutral,neutral"
15317,"positive,positive"
15318,"neutral,neutral"
15319,"neutral,neutral"
15320,"positive,positive"
15321,"positive,positive"
15322,"positive,positive"
15323,"negative,negative"
15324,"neutral,neutral"
15325,"positive,positive"
15326,"positive,positive"
15327,"positive,positive"
15328,"positive,positive"
15329,"positive,positive"
15330,"neutral,neutral"
15331,"positive,positive"
15332,"neutral,neutral"
15333,"positive,positive"
15334,"positive,positive"
15335,"positive,positive"
15336,"negative,negative"
15337,"negative,negative"
15338,"positive,positive"
15339,"positive,positive"
15340,"positive,positive"
15341,"positive,positive"
15342,"positive,positive"
15343,"neutral,neutral"
15344,"positive,positive"
15345,"positive,positive"
15346,"positive,positive"
15347,"positive,positive"
15348,"negative,negative"
15349,"positive,positive"
15350,"positive,positive"
15351,"positive,positive"
15352,"negative,negative"
15353,"positive,positive"
15354,"positive,positive"
15355,"positive,positive"
15356,"positive,positive"
15357,"positive,positive"
15358,"negative,negative"
15359,"positive,positive"
15360,"positive,positive"
15361,"positive,positive"
15362,"positive,positive"
15363,"neutral,neutral"
15364,"positive,positive"
15365,"neutral,neutral"
15366,"positive,positive"
15367,"positive,positive"
15368,"neutral,neutral"
15369,"neutral,neutral"
15370,"positive,positive"
15371,"negative,negative"
15372,"positive,positive"
15373,"positive,positive"
15374,"positive,positive"
15375,"positive,positive"
15376,"neutral,neutral"
15377,"positive,positive"
15378,"neutral,neutral"
15379,"positive,positive"
15380,"positive,positive"
15381,"negative,negative"
15382,"negative,negative"
15383,"positive,positive"
15384,"positive,positive"
15385,"positive,positive"
15386,"positive,positive"
15387,"positive,positive"
15388,"positive,positive"
15389,"positive,positive"
15390,"neutral,neutral"
15391,"neutral,neutral"
15392,"positive,positive"
15393,"positive,positive"
15394,"positive,positive"
15395,"neutral,neutral"
15396,"positive,positive"
15397,"positive,positive"
15398,"positive,positive"
15399,"positive,positive"
15400,"neutral,neutral"
15401,"neutral,neutral"
15402,"positive,positive"
15403,"negative,negative"
15404,"positive,positive"
15405,"positive,positive"
15406,"positive,positive"
15407,"positive,positive"
15408,"neutral,neutral"
15409,"neutral,neutral"
15410,"positive,positive"
15411,"positive,positive"
15412,"negative,negative"
15413,"positive,positive"
15414,"positive,positive"
15415,"negative,negative"
15416,"positive,positive"
15417,"positive,positive"
15418,"positive,positive"
15419,"negative,negative"
15420,"positive,positive"
15421,"positive,positive"
15422,"positive,positive"
15423,"neutral,neutral"
15424,"negative,negative"
15425,"positive,positive"
15426,"negative,negative"
15427,"positive,positive"
15428,"negative,negative"
15429,"neutral,neutral"
15430,"positive,positive"
15431,"positive,positive"
15432,"neutral,neutral"
15433,"positive,positive"
15434,"neutral,neutral"
15435,"neutral,neutral"
15436,"negative,negative"
15437,"positive,positive"
15438,"neutral,neutral"
15439,"neutral,neutral"
15440,"positive,positive"
15441,"positive,positive"
15442,"negative,negative"
15443,"positive,positive"
15444,"positive,positive"
15445,"positive,positive"
15446,"neutral,neutral"
15447,"neutral,neutral"
15448,"positive,positive"
15449,"positive,positive"
15450,"positive,positive"
15451,"positive,positive"
15452,"neutral,neutral"
15453,"positive,positive"
15454,"positive,positive"
15455,"positive,positive"
15456,"negative,negative"
15457,"positive,positive"
15458,"positive,positive"
15459,"positive,positive"
15460,"negative,negative"
15461,"neutral,neutral"
15462,"neutral,neutral"
15463,"positive,positive"
15464,"neutral,neutral"
15465,"positive,positive"
15466,"neutral,neutral"
15467,"positive,positive"
15468,"positive,positive"
15469,"neutral,neutral"
15470,"negative,negative"
15471,"neutral,neutral"
15472,"neutral,neutral"
15473,"negative,negative"
15474,"neutral,neutral"
15475,"neutral,neutral"
15476,"positive,positive"
15477,"positive,positive"
15478,"positive,positive"
15479,"positive,positive"
15480,"positive,positive"
15481,"positive,positive"
15482,"positive,positive"
15483,"positive,positive"
15484,"positive,positive"
15485,"positive,positive"
15486,"positive,positive"
15487,"neutral,neutral"
15488,"positive,positive"
15489,"positive,positive"
15490,"neutral,neutral"
15491,"negative,negative"
15492,"neutral,neutral"
15493,"positive,positive"
15494,"neutral,neutral"
15495,"positive,positive"
15496,"positive,positive"
15497,"positive,positive"
15498,"negative,negative"
15499,"positive,positive"
15500,"neutral,neutral"
15501,"positive,positive"
15502,"positive,positive"
15503,"positive,positive"
15504,"positive,positive"
15505,"positive,positive"
15506,"positive,positive"
15507,"positive,positive"
15508,"positive,positive"
15509,"positive,positive"
15510,"neutral,neutral"
15511,"positive,positive"
15512,"positive,positive"
15513,"positive,positive"
15514,"neutral,neutral"
15515,"positive,positive"
15516,"positive,positive"
15517,"positive,positive"
15518,"negative,negative"
15519,"positive,positive"
15520,"neutral,neutral"
15521,"positive,positive"
15522,"neutral,neutral"
15523,"neutral,neutral"
15524,"positive,positive"
15525,"positive,positive"
15526,"positive,positive"
15527,"neutral,neutral"
15528,"positive,positive"
15529,"neutral,neutral"
15530,"negative,negative"
15531,"positive,positive"
15532,"positive,positive"
15533,"positive,positive"
15534,"neutral,neutral"
15535,"positive,positive"
15536,"neutral,neutral"
15537,"neutral,neutral"
15538,"neutral,neutral"
15539,"positive,positive"
15540,"positive,positive"
15541,"neutral,neutral"
15542,"positive,positive"
15543,"neutral,neutral"
15544,"neutral,neutral"
15545,"neutral,neutral"
15546,"neutral,neutral"
15547,"neutral,neutral"
15548,"positive,positive"
15549,"positive,positive"
15550,"positive,positive"
15551,"neutral,neutral"
15552,"positive,positive"
15553,"neutral,neutral"
15554,"positive,positive"
15555,"negative,negative"
15556,"positive,positive"
15557,"negative,negative"
15558,"negative,negative"
15559,"positive,positive"
15560,"positive,positive"
15561,"positive,positive"
15562,"positive,positive"
15563,"positive,positive"
15564,"positive,positive"
15565,"positive,positive"
15566,"positive,positive"
15567,"neutral,neutral"
15568,"neutral,neutral"
15569,"positive,positive"
15570,"positive,positive"
15571,"neutral,neutral"
15572,"positive,positive"
15573,"positive,positive"
15574,"positive,positive"
15575,"negative,negative"
15576,"positive,positive"
15577,"positive,positive"
15578,"neutral,neutral"
15579,"positive,positive"
15580,"positive,positive"
15581,"positive,positive"
15582,"neutral,neutral"
15583,"positive,positive"
15584,"neutral,neutral"
15585,"negative,negative"
15586,"positive,positive"
15587,"neutral,neutral"
15588,"positive,positive"
15589,"positive,positive"
15590,"positive,positive"
15591,"neutral,neutral"
15592,"positive,positive"
15593,"neutral,neutral"
15594,"positive,positive"
15595,"positive,positive"
15596,"positive,positive"
15597,"positive,positive"
15598,"positive,positive"
15599,"positive,positive"
15600,"positive,positive"
15601,"positive,positive"
15602,"neutral,neutral"
15603,"negative,negative"
15604,"neutral,neutral"
15605,"neutral,neutral"
15606,"neutral,neutral"
15607,"neutral,neutral"
15608,"positive,positive"
15609,"positive,positive"
15610,"negative,negative"
15611,"positive,positive"
15612,"positive,positive"
15613,"positive,positive"
15614,"positive,positive"
15615,"neutral,neutral"
15616,"neutral,neutral"
15617,"neutral,neutral"
15618,"neutral,neutral"
15619,"positive,positive"
15620,"positive,positive"
15621,"positive,positive"
15622,"neutral,neutral"
15623,"negative,negative"
15624,"positive,positive"
15625,"positive,positive"
15626,"positive,positive"
15627,"positive,positive"
15628,"positive,positive"
15629,"positive,positive"
15630,"neutral,neutral"
15631,"negative,negative"
15632,"positive,positive"
15633,"positive,positive"
15634,"neutral,neutral"
15635,"negative,negative"
15636,"positive,positive"
15637,"positive,positive"
15638,"negative,negative"
15639,"positive,positive"
15640,"positive,positive"
15641,"neutral,neutral"
15642,"positive,positive"
15643,"positive,positive"
15644,"positive,positive"
15645,"positive,positive"
15646,"negative,negative"
15647,"negative,negative"
15648,"positive,positive"
15649,"neutral,neutral"
15650,"neutral,neutral"
15651,"positive,positive"
15652,"neutral,neutral"
15653,"positive,positive"
15654,"positive,positive"
15655,"negative,negative"
15656,"neutral,neutral"
15657,"positive,positive"
15658,"negative,negative"
15659,"positive,positive"
15660,"positive,positive"
15661,"neutral,neutral"
15662,"negative,negative"
15663,"positive,positive"
15664,"positive,positive"
15665,"positive,positive"
15666,"neutral,neutral"
15667,"neutral,neutral"
15668,"positive,positive"
15669,"neutral,neutral"
15670,"positive,positive"
15671,"positive,positive"
15672,"neutral,neutral"
15673,"positive,positive"
15674,"neutral,neutral"
15675,"positive,positive"
15676,"positive,positive"
15677,"positive,positive"
15678,"positive,positive"
15679,"neutral,neutral"
15680,"positive,positive"
15681,"negative,negative"
15682,"positive,positive"
15683,"positive,positive"
15684,"neutral,neutral"
15685,"negative,negative"
15686,"neutral,neutral"
15687,"positive,positive"
15688,"positive,positive"
15689,"negative,negative"
15690,"positive,positive"
15691,"positive,positive"
15692,"positive,positive"
15693,"positive,positive"
15694,"neutral,neutral"
15695,"positive,positive"
15696,"neutral,neutral"
15697,"positive,positive"
15698,"positive,positive"
15699,"neutral,neutral"
15700,"positive,positive"
15701,"positive,positive"
15702,"neutral,neutral"
15703,"positive,positive"
15704,"neutral,neutral"
15705,"positive,positive"
15706,"positive,positive"
15707,"positive,positive"
15708,"positive,positive"
15709,"positive,positive"
15710,"positive,positive"
15711,"negative,negative"
15712,"positive,positive"
15713,"positive,positive"
15714,"negative,negative"
15715,"positive,positive"
15716,"positive,positive"
15717,"positive,positive"
15718,"negative,negative"
15719,"positive,positive"
15720,"neutral,neutral"
15721,"positive,positive"
15722,"neutral,neutral"
15723,"negative,negative"
15724,"positive,positive"
15725,"positive,positive"
15726,"neutral,neutral"
15727,"positive,positive"
15728,"positive,positive"
15729,"positive,positive"
15730,"positive,positive"
15731,"positive,positive"
15732,"neutral,neutral"
15733,"positive,positive"
15734,"positive,positive"
15735,"positive,positive"
15736,"positive,positive"
15737,"neutral,neutral"
15738,"positive,positive"
15739,"positive,positive"
15740,"positive,positive"
15741,"positive,positive"
15742,"positive,positive"
15743,"positive,positive"
15744,"positive,positive"
15745,"positive,positive"
15746,"positive,positive"
15747,"positive,positive"
15748,"positive,positive"
15749,"positive,positive"
15750,"positive,positive"
15751,"positive,positive"
15752,"neutral,neutral"
15753,"positive,positive"
15754,"positive,positive"
15755,"positive,positive"
15756,"neutral,neutral"
15757,"positive,positive"
15758,"positive,positive"
15759,"positive,positive"
15760,"positive,positive"
15761,"negative,negative"
15762,"negative,negative"
15763,"neutral,neutral"
15764,"neutral,neutral"
15765,"positive,positive"
15766,"positive,positive"
15767,"positive,positive"
15768,"neutral,neutral"
15769,"positive,positive"
15770,"neutral,neutral"
15771,"neutral,neutral"
15772,"neutral,neutral"
15773,"positive,positive"
15774,"positive,positive"
15775,"positive,positive"
15776,"positive,positive"
15777,"neutral,neutral"
15778,"positive,positive"
15779,"positive,positive"
15780,"positive,positive"
15781,"positive,positive"
15782,"positive,positive"
15783,"positive,positive"
15784,"positive,positive"
15785,"neutral,neutral"
15786,"positive,positive"
15787,"neutral,neutral"
15788,"positive,positive"
15789,"positive,positive"
15790,"neutral,neutral"
15791,"positive,positive"
15792,"neutral,neutral"
15793,"positive,positive"
15794,"positive,positive"
15795,"neutral,neutral"
15796,"positive,positive"
15797,"positive,positive"
15798,"neutral,neutral"
15799,"positive,positive"
15800,"positive,positive"
15801,"positive,positive"
15802,"positive,positive"
15803,"positive,positive"
15804,"positive,positive"
15805,"neutral,neutral"
15806,"neutral,neutral"
15807,"positive,positive"
15808,"positive,positive"
15809,"positive,positive"
15810,"positive,positive"
15811,"neutral,neutral"
15812,"negative,negative"
15813,"neutral,neutral"
15814,"positive,positive"
15815,"positive,positive"
15816,"positive,positive"
15817,"positive,positive"
15818,"neutral,neutral"
15819,"neutral,neutral"
15820,"positive,positive"
15821,"positive,positive"
15822,"neutral,neutral"
15823,"positive,positive"
15824,"negative,negative"
15825,"negative,negative"
15826,"neutral,neutral"
15827,"positive,positive"
15828,"positive,positive"
15829,"positive,positive"
15830,"neutral,neutral"
15831,"positive,positive"
15832,"positive,positive"
15833,"neutral,neutral"
15834,"neutral,neutral"
15835,"negative,negative"
15836,"positive,positive"
15837,"negative,negative"
15838,"positive,positive"
15839,"positive,positive"
15840,"negative,negative"
15841,"neutral,neutral"
15842,"negative,negative"
15843,"positive,positive"
15844,"neutral,neutral"
15845,"positive,positive"
15846,"positive,positive"
15847,"positive,positive"
15848,"positive,positive"
15849,"positive,positive"
15850,"positive,positive"
15851,"negative,negative"
15852,"positive,positive"
15853,"positive,positive"
15854,"positive,positive"
15855,"positive,positive"
15856,"positive,positive"
15857,"neutral,neutral"
15858,"positive,positive"
15859,"positive,positive"
15860,"neutral,neutral"
15861,"neutral,neutral"
15862,"negative,negative"
15863,"positive,positive"
15864,"negative,negative"
15865,"positive,positive"
15866,"neutral,neutral"
15867,"positive,positive"
15868,"neutral,neutral"
15869,"positive,positive"
15870,"positive,positive"
15871,"neutral,neutral"
15872,"negative,negative"
15873,"positive,positive"
15874,"negative,negative"
15875,"neutral,neutral"
15876,"neutral,neutral"
15877,"positive,positive"
15878,"negative,negative"
15879,"positive,positive"
15880,"neutral,neutral"
15881,"positive,positive"
15882,"neutral,neutral"
15883,"neutral,neutral"
15884,"positive,positive"
15885,"positive,positive"
15886,"positive,positive"
15887,"neutral,neutral"
15888,"positive,positive"
15889,"neutral,neutral"
15890,"positive,positive"
15891,"negative,negative"
15892,"negative,negative"
15893,"positive,positive"
15894,"positive,positive"
15895,"neutral,neutral"
15896,"positive,positive"
15897,"positive,positive"
15898,"neutral,neutral"
15899,"positive,positive"
15900,"positive,positive"
15901,"positive,positive"
15902,"positive,positive"
15903,"negative,negative"
15904,"positive,positive"
15905,"positive,positive"
15906,"neutral,neutral"
15907,"positive,positive"
15908,"neutral,neutral"
15909,"positive,positive"
15910,"positive,positive"
15911,"positive,positive"
15912,"positive,positive"
15913,"positive,positive"
15914,"neutral,neutral"
15915,"positive,positive"
15916,"neutral,neutral"
15917,"positive,positive"
15918,"positive,positive"
15919,"positive,positive"
15920,"positive,positive"
15921,"positive,positive"
15922,"positive,positive"
15923,"positive,positive"
15924,"positive,positive"
15925,"positive,positive"
15926,"positive,positive"
15927,"negative,negative"
15928,"positive,positive"
15929,"positive,positive"
15930,"neutral,neutral"
15931,"neutral,neutral"
15932,"positive,positive"
15933,"neutral,neutral"
15934,"neutral,neutral"
15935,"positive,positive"
15936,"neutral,neutral"
15937,"negative,negative"
15938,"positive,positive"
15939,"positive,positive"
15940,"neutral,neutral"
15941,"positive,positive"
15942,"positive,positive"
15943,"positive,positive"
15944,"neutral,neutral"
15945,"positive,positive"
15946,"neutral,neutral"
15947,"positive,positive"
15948,"positive,positive"
15949,"positive,positive"
15950,"positive,positive"
15951,"positive,positive"
15952,"positive,positive"
15953,"positive,positive"
15954,"neutral,neutral"
15955,"positive,positive"
15956,"positive,positive"
15957,"neutral,neutral"
15958,"neutral,neutral"
15959,"positive,positive"
15960,"positive,positive"
15961,"positive,positive"
15962,"negative,negative"
15963,"positive,positive"
15964,"neutral,neutral"
15965,"positive,positive"
15966,"neutral,neutral"
15967,"negative,negative"
15968,"positive,positive"
15969,"positive,positive"
15970,"positive,positive"
15971,"neutral,neutral"
15972,"neutral,neutral"
15973,"positive,positive"
15974,"positive,positive"
15975,"positive,positive"
15976,"neutral,neutral"
15977,"neutral,neutral"
15978,"neutral,neutral"
15979,"negative,negative"
15980,"positive,positive"
15981,"positive,positive"
15982,"positive,positive"
15983,"negative,negative"
15984,"positive,positive"
15985,"positive,positive"
15986,"positive,positive"
15987,"positive,positive"
15988,"positive,positive"
15989,"neutral,neutral"
15990,"positive,positive"
15991,"positive,positive"
15992,"positive,positive"
15993,"positive,positive"
15994,"positive,positive"
15995,"positive,positive"
15996,"negative,negative"
15997,"neutral,neutral"
15998,"neutral,neutral"
15999,"positive,positive"
16000,"positive,positive"
16001,"positive,positive"
16002,"positive,positive"
16003,"positive,positive"
16004,"positive,positive"
16005,"positive,positive"
16006,"negative,negative"
16007,"positive,positive"
16008,"positive,positive"
16009,"neutral,neutral"
16010,"neutral,neutral"
16011,"neutral,neutral"
16012,"neutral,neutral"
16013,"positive,positive"
16014,"positive,positive"
16015,"positive,positive"
16016,"positive,positive"
16017,"negative,negative"
16018,"neutral,neutral"
16019,"positive,positive"
16020,"positive,positive"
16021,"neutral,neutral"
16022,"positive,positive"
16023,"neutral,neutral"
16024,"neutral,neutral"
16025,"neutral,neutral"
16026,"neutral,neutral"
16027,"neutral,neutral"
16028,"neutral,neutral"
16029,"neutral,neutral"
16030,"positive,positive"
16031,"positive,positive"
16032,"positive,positive"
16033,"positive,positive"
16034,"neutral,neutral"
16035,"neutral,neutral"
16036,"neutral,neutral"
16037,"neutral,neutral"
16038,"negative,negative"
16039,"positive,positive"
16040,"positive,positive"
16041,"positive,positive"
16042,"positive,positive"
16043,"positive,positive"
16044,"neutral,neutral"
16045,"positive,positive"
16046,"positive,positive"
16047,"neutral,neutral"
16048,"positive,positive"
16049,"positive,positive"
16050,"negative,negative"
16051,"positive,positive"
16052,"positive,positive"
16053,"positive,positive"
16054,"positive,positive"
16055,"positive,positive"
16056,"positive,positive"
16057,"positive,positive"
16058,"positive,positive"
16059,"positive,positive"
16060,"positive,positive"
16061,"neutral,neutral"
16062,"neutral,neutral"
16063,"positive,positive"
16064,"positive,positive"
16065,"neutral,neutral"
16066,"neutral,neutral"
16067,"positive,positive"
16068,"positive,positive"
16069,"neutral,neutral"
16070,"positive,positive"
16071,"neutral,neutral"
16072,"neutral,neutral"
16073,"positive,positive"
16074,"positive,positive"
16075,"positive,positive"
16076,"negative,negative"
16077,"neutral,neutral"
16078,"neutral,neutral"
16079,"positive,positive"
16080,"neutral,neutral"
16081,"positive,positive"
16082,"positive,positive"
16083,"positive,positive"
16084,"positive,positive"
16085,"positive,positive"
16086,"positive,positive"
16087,"positive,positive"
16088,"positive,positive"
16089,"positive,positive"
16090,"positive,positive"
16091,"positive,positive"
16092,"neutral,neutral"
16093,"positive,positive"
16094,"positive,positive"
16095,"negative,negative"
16096,"neutral,neutral"
16097,"neutral,neutral"
16098,"positive,positive"
16099,"positive,positive"
16100,"positive,positive"
16101,"positive,positive"
16102,"neutral,neutral"
16103,"positive,positive"
16104,"positive,positive"
16105,"positive,positive"
16106,"positive,positive"
16107,"positive,positive"
16108,"positive,positive"
16109,"positive,positive"
16110,"positive,positive"
16111,"positive,positive"
16112,"positive,positive"
16113,"neutral,neutral"
16114,"positive,positive"
16115,"positive,positive"
16116,"negative,negative"
16117,"neutral,neutral"
16118,"positive,positive"
16119,"positive,positive"
16120,"negative,negative"
16121,"positive,positive"
16122,"positive,positive"
16123,"positive,positive"
16124,"positive,positive"
16125,"positive,positive"
16126,"positive,positive"
16127,"positive,positive"
16128,"positive,positive"
16129,"positive,positive"
16130,"positive,positive"
16131,"neutral,neutral"
16132,"positive,positive"
16133,"neutral,neutral"
16134,"positive,positive"
16135,"positive,positive"
16136,"positive,positive"
16137,"positive,positive"
16138,"neutral,neutral"
16139,"positive,positive"
16140,"positive,positive"
16141,"positive,positive"
16142,"positive,positive"
16143,"neutral,neutral"
16144,"positive,positive"
16145,"positive,positive"
16146,"positive,positive"
16147,"positive,positive"
16148,"positive,positive"
16149,"positive,positive"
16150,"neutral,neutral"
16151,"positive,positive"
16152,"negative,negative"
16153,"neutral,neutral"
16154,"positive,positive"
16155,"positive,positive"
16156,"neutral,neutral"
16157,"positive,positive"
16158,"positive,positive"
16159,"neutral,neutral"
16160,"positive,positive"
16161,"positive,positive"
16162,"neutral,neutral"
16163,"positive,positive"
16164,"positive,positive"
16165,"positive,positive"
16166,"neutral,neutral"
16167,"neutral,neutral"
16168,"neutral,neutral"
16169,"positive,positive"
16170,"positive,positive"
16171,"positive,positive"
16172,"positive,positive"
16173,"positive,positive"
16174,"positive,positive"
16175,"neutral,neutral"
16176,"negative,negative"
16177,"negative,negative"
16178,"positive,positive"
16179,"neutral,neutral"
16180,"positive,positive"
16181,"positive,positive"
16182,"neutral,neutral"
16183,"positive,positive"
16184,"neutral,neutral"
16185,"positive,positive"
16186,"negative,negative"
16187,"neutral,neutral"
16188,"positive,positive"
16189,"positive,positive"
16190,"positive,positive"
16191,"negative,negative"
16192,"positive,positive"
16193,"positive,positive"
16194,"positive,positive"
16195,"negative,negative"
16196,"negative,negative"
16197,"positive,positive"
16198,"positive,positive"
16199,"positive,positive"
16200,"positive,positive"
16201,"positive,positive"
16202,"positive,positive"
16203,"positive,positive"
16204,"positive,positive"
16205,"positive,positive"
16206,"negative,negative"
16207,"positive,positive"
16208,"positive,positive"
16209,"neutral,neutral"
16210,"positive,positive"
16211,"positive,positive"
16212,"neutral,neutral"
16213,"positive,positive"
16214,"positive,positive"
16215,"positive,positive"
16216,"positive,positive"
16217,"negative,negative"
16218,"positive,positive"
16219,"positive,positive"
16220,"positive,positive"
16221,"positive,positive"
16222,"positive,positive"
16223,"positive,positive"
16224,"neutral,neutral"
16225,"neutral,neutral"
16226,"positive,positive"
16227,"neutral,neutral"
16228,"positive,positive"
16229,"neutral,neutral"
16230,"neutral,neutral"
16231,"neutral,neutral"
16232,"positive,positive"
16233,"positive,positive"
16234,"positive,positive"
16235,"positive,positive"
16236,"neutral,neutral"
16237,"positive,positive"
16238,"neutral,neutral"
16239,"negative,negative"
16240,"positive,positive"
16241,"positive,positive"
16242,"positive,positive"
16243,"negative,negative"
16244,"neutral,neutral"
16245,"positive,positive"
16246,"positive,positive"
16247,"positive,positive"
16248,"positive,positive"
16249,"neutral,neutral"
16250,"positive,positive"
16251,"positive,positive"
16252,"positive,positive"
16253,"positive,positive"
16254,"positive,positive"
16255,"neutral,neutral"
16256,"negative,negative"
16257,"positive,positive"
16258,"neutral,neutral"
16259,"positive,positive"
16260,"positive,positive"
16261,"neutral,neutral"
16262,"positive,positive"
16263,"positive,positive"
16264,"positive,positive"
16265,"positive,positive"
16266,"positive,positive"
16267,"positive,positive"
16268,"positive,positive"
16269,"positive,positive"
16270,"positive,positive"
16271,"negative,negative"
16272,"positive,positive"
16273,"neutral,neutral"
16274,"positive,positive"
16275,"positive,positive"
16276,"positive,positive"
16277,"positive,positive"
16278,"positive,positive"
16279,"positive,positive"
16280,"negative,negative"
16281,"positive,positive"
16282,"positive,positive"
16283,"positive,positive"
16284,"positive,positive"
16285,"positive,positive"
16286,"negative,negative"
16287,"positive,positive"
16288,"positive,positive"
16289,"positive,positive"
16290,"neutral,neutral"
16291,"neutral,neutral"
16292,"positive,positive"
16293,"positive,positive"
16294,"positive,positive"
16295,"positive,positive"
16296,"positive,positive"
16297,"positive,positive"
16298,"neutral,neutral"
16299,"neutral,neutral"
16300,"positive,positive"
16301,"positive,positive"
16302,"negative,negative"
16303,"positive,positive"
16304,"negative,negative"
16305,"positive,positive"
16306,"positive,positive"
16307,"neutral,neutral"
16308,"positive,positive"
16309,"neutral,neutral"
16310,"neutral,neutral"
16311,"neutral,neutral"
16312,"positive,positive"
16313,"positive,positive"
16314,"neutral,neutral"
16315,"positive,positive"
16316,"positive,positive"
16317,"positive,positive"
16318,"positive,positive"
16319,"neutral,neutral"
16320,"positive,positive"
16321,"positive,positive"
16322,"positive,positive"
16323,"positive,positive"
16324,"neutral,neutral"
16325,"positive,positive"
16326,"neutral,neutral"
16327,"positive,positive"
16328,"positive,positive"
16329,"positive,positive"
16330,"positive,positive"
16331,"neutral,neutral"
16332,"neutral,neutral"
16333,"neutral,neutral"
16334,"positive,positive"
16335,"positive,positive"
16336,"neutral,neutral"
16337,"negative,negative"
16338,"neutral,neutral"
16339,"positive,positive"
16340,"positive,positive"
16341,"positive,positive"
16342,"positive,positive"
16343,"positive,positive"
16344,"positive,positive"
16345,"positive,positive"
16346,"positive,positive"
16347,"positive,positive"
16348,"positive,positive"
16349,"neutral,neutral"
16350,"positive,positive"
16351,"neutral,neutral"
16352,"positive,positive"
16353,"neutral,neutral"
16354,"positive,positive"
16355,"neutral,neutral"
16356,"neutral,neutral"
16357,"positive,positive"
16358,"negative,negative"
16359,"positive,positive"
16360,"neutral,neutral"
16361,"positive,positive"
16362,"positive,positive"
16363,"neutral,neutral"
16364,"positive,positive"
16365,"positive,positive"
16366,"neutral,neutral"
16367,"positive,positive"
16368,"positive,positive"
16369,"positive,positive"
16370,"neutral,neutral"
16371,"positive,positive"
16372,"positive,positive"
16373,"positive,positive"
16374,"positive,positive"
16375,"positive,positive"
16376,"positive,positive"
16377,"positive,positive"
16378,"positive,positive"
16379,"positive,positive"
16380,"positive,positive"
16381,"positive,positive"
16382,"positive,positive"
16383,"positive,positive"
16384,"positive,positive"
16385,"positive,positive"
16386,"positive,positive"
16387,"neutral,neutral"
16388,"positive,positive"
16389,"positive,positive"
16390,"positive,positive"
16391,"negative,negative"
16392,"neutral,neutral"
16393,"positive,positive"
16394,"neutral,neutral"
16395,"negative,negative"
16396,"positive,positive"
16397,"positive,positive"
16398,"positive,positive"
16399,"positive,positive"
16400,"negative,negative"
16401,"positive,positive"
16402,"positive,positive"
16403,"positive,positive"
16404,"positive,positive"
16405,"negative,negative"
16406,"positive,positive"
16407,"neutral,neutral"
16408,"positive,positive"
16409,"positive,positive"
16410,"positive,positive"
16411,"positive,positive"
16412,"positive,positive"
16413,"negative,negative"
16414,"neutral,neutral"
16415,"positive,positive"
16416,"negative,negative"
16417,"neutral,neutral"
16418,"positive,positive"
16419,"neutral,neutral"
16420,"positive,positive"
16421,"neutral,neutral"
16422,"positive,positive"
16423,"positive,positive"
16424,"positive,positive"
16425,"positive,positive"
16426,"positive,positive"
16427,"positive,positive"
16428,"positive,positive"
16429,"neutral,neutral"
16430,"positive,positive"
16431,"positive,positive"
16432,"neutral,neutral"
16433,"positive,positive"
16434,"positive,positive"
16435,"neutral,neutral"
16436,"neutral,neutral"
16437,"neutral,neutral"
16438,"positive,positive"
16439,"neutral,neutral"
16440,"positive,positive"
16441,"positive,positive"
16442,"positive,positive"
16443,"positive,positive"
16444,"positive,positive"
16445,"positive,positive"
16446,"negative,negative"
16447,"positive,positive"
16448,"positive,positive"
16449,"positive,positive"
16450,"positive,positive"
16451,"positive,positive"
16452,"neutral,neutral"
16453,"neutral,neutral"
16454,"positive,positive"
16455,"neutral,neutral"
16456,"positive,positive"
16457,"neutral,neutral"
16458,"positive,positive"
16459,"positive,positive"
16460,"negative,negative"
16461,"positive,positive"
16462,"neutral,neutral"
16463,"positive,positive"
16464,"neutral,neutral"
16465,"neutral,neutral"
16466,"neutral,neutral"
16467,"positive,positive"
16468,"negative,negative"
16469,"neutral,neutral"
16470,"negative,negative"
16471,"negative,negative"
16472,"positive,positive"
16473,"negative,negative"
16474,"positive,positive"
16475,"positive,positive"
16476,"neutral,neutral"
16477,"positive,positive"
16478,"positive,positive"
16479,"positive,positive"
16480,"positive,positive"
16481,"positive,positive"
16482,"positive,positive"
16483,"positive,positive"
16484,"negative,negative"
16485,"positive,positive"
16486,"neutral,neutral"
16487,"positive,positive"
16488,"negative,negative"
16489,"negative,negative"
16490,"positive,positive"
16491,"neutral,neutral"
16492,"positive,positive"
16493,"neutral,neutral"
16494,"positive,positive"
16495,"neutral,neutral"
16496,"negative,negative"
16497,"negative,negative"
16498,"negative,negative"
16499,"positive,positive"
16500,"positive,positive"
16501,"positive,positive"
16502,"positive,positive"
16503,"positive,positive"
16504,"neutral,neutral"
16505,"positive,positive"
16506,"neutral,neutral"
16507,"negative,negative"
16508,"positive,positive"
16509,"positive,positive"
16510,"positive,positive"
16511,"positive,positive"
16512,"neutral,neutral"
16513,"positive,positive"
16514,"positive,positive"
16515,"positive,positive"
16516,"positive,positive"
16517,"positive,positive"
16518,"positive,positive"
16519,"positive,positive"
16520,"positive,positive"
16521,"neutral,neutral"
16522,"positive,positive"
16523,"positive,positive"
16524,"positive,positive"
16525,"positive,positive"
16526,"neutral,neutral"
16527,"neutral,neutral"
16528,"positive,positive"
16529,"positive,positive"
16530,"positive,positive"
16531,"positive,positive"
16532,"positive,positive"
16533,"neutral,neutral"
16534,"neutral,neutral"
16535,"negative,negative"
16536,"negative,negative"
16537,"positive,positive"
16538,"neutral,neutral"
16539,"neutral,neutral"
16540,"positive,positive"
16541,"positive,positive"
16542,"positive,positive"
16543,"positive,positive"
16544,"positive,positive"
16545,"positive,positive"
16546,"positive,positive"
16547,"positive,positive"
16548,"neutral,neutral"
16549,"negative,negative"
16550,"positive,positive"
16551,"positive,positive"
16552,"positive,positive"
16553,"neutral,neutral"
16554,"positive,positive"
16555,"positive,positive"
16556,"neutral,neutral"
16557,"neutral,neutral"
16558,"neutral,neutral"
16559,"positive,positive"
16560,"positive,positive"
16561,"neutral,neutral"
16562,"negative,negative"
16563,"negative,negative"
16564,"positive,positive"
16565,"positive,positive"
16566,"positive,positive"
16567,"negative,negative"
16568,"positive,positive"
16569,"negative,negative"
16570,"positive,positive"
16571,"negative,negative"
16572,"positive,positive"
16573,"neutral,neutral"
16574,"neutral,neutral"
16575,"neutral,neutral"
16576,"positive,positive"
16577,"positive,positive"
16578,"positive,positive"
16579,"positive,positive"
16580,"positive,positive"
16581,"neutral,neutral"
16582,"positive,positive"
16583,"neutral,neutral"
16584,"positive,positive"
16585,"positive,positive"
16586,"positive,positive"
16587,"positive,positive"
16588,"positive,positive"
16589,"positive,positive"
16590,"neutral,neutral"
16591,"neutral,neutral"
16592,"positive,positive"
16593,"neutral,neutral"
16594,"negative,negative"
16595,"positive,positive"
16596,"positive,positive"
16597,"positive,positive"
16598,"positive,positive"
16599,"positive,positive"
16600,"positive,positive"
16601,"positive,positive"
16602,"positive,positive"
16603,"positive,positive"
16604,"neutral,neutral"
16605,"neutral,neutral"
16606,"positive,positive"
16607,"positive,positive"
16608,"positive,positive"
16609,"positive,positive"
16610,"negative,negative"
16611,"negative,negative"
16612,"neutral,neutral"
16613,"positive,positive"
16614,"positive,positive"
16615,"positive,positive"
16616,"negative,negative"
16617,"positive,positive"
16618,"positive,positive"
16619,"neutral,neutral"
16620,"positive,positive"
16621,"positive,positive"
16622,"positive,positive"
16623,"positive,positive"
16624,"positive,positive"
16625,"positive,positive"
16626,"positive,positive"
16627,"neutral,neutral"
16628,"positive,positive"
16629,"positive,positive"
16630,"positive,positive"
16631,"positive,positive"
16632,"positive,positive"
16633,"positive,positive"
16634,"positive,positive"
16635,"positive,positive"
16636,"positive,positive"
16637,"positive,positive"
16638,"positive,positive"
16639,"positive,positive"
16640,"positive,positive"
16641,"positive,positive"
16642,"positive,positive"
16643,"positive,positive"
16644,"positive,positive"
16645,"positive,positive"
16646,"positive,positive"
16647,"neutral,neutral"
16648,"positive,positive"
16649,"neutral,neutral"
16650,"negative,negative"
16651,"positive,positive"
16652,"positive,positive"
16653,"negative,negative"
16654,"positive,positive"
16655,"neutral,neutral"
16656,"neutral,neutral"
16657,"positive,positive"
16658,"positive,positive"
16659,"negative,negative"
16660,"positive,positive"
16661,"positive,positive"
16662,"positive,positive"
16663,"positive,positive"
16664,"neutral,neutral"
16665,"positive,positive"
16666,"negative,negative"
16667,"neutral,neutral"
16668,"neutral,neutral"
16669,"neutral,neutral"
16670,"positive,positive"
16671,"positive,positive"
16672,"positive,positive"
16673,"positive,positive"
16674,"positive,positive"
16675,"positive,positive"
16676,"neutral,neutral"
16677,"positive,positive"
16678,"positive,positive"
16679,"positive,positive"
16680,"neutral,neutral"
16681,"positive,positive"
16682,"positive,positive"
16683,"neutral,neutral"
16684,"positive,positive"
16685,"positive,positive"
16686,"neutral,neutral"
16687,"positive,positive"
16688,"positive,positive"
16689,"positive,positive"
16690,"neutral,neutral"
16691,"positive,positive"
16692,"neutral,neutral"
16693,"positive,positive"
16694,"positive,positive"
16695,"positive,positive"
16696,"positive,positive"
16697,"positive,positive"
16698,"positive,positive"
16699,"positive,positive"
16700,"positive,positive"
16701,"positive,positive"
16702,"positive,positive"
16703,"neutral,neutral"
16704,"positive,positive"
16705,"positive,positive"
16706,"positive,positive"
16707,"positive,positive"
16708,"neutral,neutral"
16709,"positive,positive"
16710,"positive,positive"
16711,"positive,positive"
16712,"positive,positive"
16713,"positive,positive"
16714,"positive,positive"
16715,"positive,positive"
16716,"positive,positive"
16717,"positive,positive"
16718,"positive,positive"
16719,"positive,positive"
16720,"neutral,neutral"
16721,"positive,positive"
16722,"positive,positive"
16723,"positive,positive"
16724,"neutral,neutral"
16725,"positive,positive"
16726,"positive,positive"
16727,"neutral,neutral"
16728,"positive,positive"
16729,"positive,positive"
16730,"positive,positive"
16731,"neutral,neutral"
16732,"positive,positive"
16733,"positive,positive"
16734,"positive,positive"
16735,"positive,positive"
16736,"positive,positive"
16737,"neutral,neutral"
16738,"positive,positive"
16739,"positive,positive"
16740,"negative,negative"
16741,"positive,positive"
16742,"neutral,neutral"
16743,"neutral,neutral"
16744,"positive,positive"
16745,"positive,positive"
16746,"positive,positive"
16747,"neutral,neutral"
16748,"positive,positive"
16749,"positive,positive"
16750,"positive,positive"
16751,"positive,positive"
16752,"positive,positive"
16753,"positive,positive"
16754,"positive,positive"
16755,"positive,positive"
16756,"positive,positive"
16757,"positive,positive"
16758,"neutral,neutral"
16759,"positive,positive"
16760,"positive,positive"
16761,"positive,positive"
16762,"positive,positive"
16763,"positive,positive"
16764,"positive,positive"
16765,"positive,positive"
16766,"neutral,neutral"
16767,"positive,positive"
16768,"positive,positive"
16769,"positive,positive"
16770,"positive,positive"
16771,"positive,positive"
16772,"positive,positive"
16773,"positive,positive"
16774,"positive,positive"
16775,"positive,positive"
16776,"neutral,neutral"
16777,"neutral,neutral"
16778,"positive,positive"
16779,"positive,positive"
16780,"neutral,neutral"
16781,"positive,positive"
16782,"neutral,neutral"
16783,"positive,positive"
16784,"negative,negative"
16785,"positive,positive"
16786,"positive,positive"
16787,"positive,positive"
16788,"positive,positive"
16789,"positive,positive"
16790,"positive,positive"
16791,"neutral,neutral"
16792,"positive,positive"
16793,"positive,positive"
16794,"positive,positive"
16795,"positive,positive"
16796,"positive,positive"
16797,"positive,positive"
16798,"positive,positive"
16799,"positive,positive"
16800,"positive,positive"
16801,"neutral,neutral"
16802,"positive,positive"
16803,"positive,positive"
16804,"positive,positive"
16805,"positive,positive"
16806,"neutral,neutral"
16807,"neutral,neutral"
16808,"positive,positive"
16809,"positive,positive"
16810,"positive,positive"
16811,"neutral,neutral"
16812,"positive,positive"
16813,"positive,positive"
16814,"neutral,neutral"
16815,"negative,negative"
16816,"positive,positive"
16817,"positive,positive"
16818,"positive,positive"
16819,"positive,positive"
16820,"positive,positive"
16821,"neutral,neutral"
16822,"negative,negative"
16823,"positive,positive"
16824,"positive,positive"
16825,"positive,positive"
16826,"positive,positive"
16827,"negative,negative"
16828,"neutral,neutral"
16829,"positive,positive"
16830,"neutral,neutral"
16831,"positive,positive"
16832,"positive,positive"
16833,"neutral,neutral"
16834,"negative,negative"
16835,"neutral,neutral"
16836,"positive,positive"
16837,"negative,negative"
16838,"neutral,neutral"
16839,"positive,positive"
16840,"positive,positive"
16841,"neutral,neutral"
16842,"positive,positive"
16843,"neutral,neutral"
16844,"positive,positive"
16845,"positive,positive"
16846,"neutral,neutral"
16847,"positive,positive"
16848,"neutral,neutral"
16849,"positive,positive"
16850,"positive,positive"
16851,"positive,positive"
16852,"positive,positive"
16853,"positive,positive"
16854,"positive,positive"
16855,"positive,positive"
16856,"positive,positive"
16857,"positive,positive"
16858,"neutral,neutral"
16859,"positive,positive"
16860,"neutral,neutral"
16861,"positive,positive"
16862,"positive,positive"
16863,"positive,positive"
16864,"positive,positive"
16865,"positive,positive"
16866,"positive,positive"
16867,"positive,positive"
16868,"neutral,neutral"
16869,"positive,positive"
16870,"positive,positive"
16871,"neutral,neutral"
16872,"positive,positive"
16873,"neutral,neutral"
16874,"positive,positive"
16875,"positive,positive"
16876,"positive,positive"
16877,"positive,positive"
16878,"positive,positive"
16879,"positive,positive"
16880,"neutral,neutral"
16881,"positive,positive"
16882,"positive,positive"
16883,"positive,positive"
16884,"positive,positive"
16885,"positive,positive"
16886,"positive,positive"
16887,"positive,positive"
16888,"positive,positive"
16889,"positive,positive"
16890,"positive,positive"
16891,"neutral,neutral"
16892,"positive,positive"
16893,"positive,positive"
16894,"positive,positive"
16895,"neutral,neutral"
16896,"positive,positive"
16897,"positive,positive"
16898,"positive,positive"
16899,"positive,positive"
16900,"neutral,neutral"
16901,"positive,positive"
16902,"neutral,neutral"
16903,"positive,positive"
16904,"positive,positive"
16905,"positive,positive"
16906,"positive,positive"
16907,"positive,positive"
16908,"neutral,neutral"
16909,"positive,positive"
16910,"positive,positive"
16911,"positive,positive"
16912,"positive,positive"
16913,"positive,positive"
16914,"positive,positive"
16915,"positive,positive"
16916,"positive,positive"
16917,"positive,positive"
16918,"negative,negative"
16919,"negative,negative"
16920,"negative,negative"
16921,"positive,positive"
16922,"negative,negative"
16923,"neutral,neutral"
16924,"positive,positive"
16925,"positive,positive"
16926,"positive,positive"
16927,"positive,positive"
16928,"neutral,neutral"
16929,"negative,negative"
16930,"positive,positive"
16931,"positive,positive"
16932,"positive,positive"
16933,"positive,positive"
16934,"positive,positive"
16935,"neutral,neutral"
16936,"positive,positive"
16937,"neutral,neutral"
16938,"neutral,neutral"
16939,"neutral,neutral"
16940,"neutral,neutral"
16941,"neutral,neutral"
16942,"positive,positive"
16943,"positive,positive"
16944,"positive,positive"
16945,"neutral,neutral"
16946,"positive,positive"
16947,"neutral,neutral"
16948,"positive,positive"
16949,"positive,positive"
16950,"positive,positive"
16951,"positive,positive"
16952,"neutral,neutral"
16953,"positive,positive"
16954,"positive,positive"
16955,"neutral,neutral"
16956,"positive,positive"
16957,"neutral,neutral"
16958,"neutral,neutral"
16959,"neutral,neutral"
16960,"neutral,neutral"
16961,"positive,positive"
16962,"positive,positive"
16963,"neutral,neutral"
16964,"positive,positive"
16965,"positive,positive"
16966,"positive,positive"
16967,"positive,positive"
16968,"positive,positive"
16969,"positive,positive"
16970,"positive,positive"
16971,"neutral,neutral"
16972,"neutral,neutral"
16973,"neutral,neutral"
16974,"positive,positive"
16975,"positive,positive"
16976,"positive,positive"
16977,"negative,negative"
16978,"positive,positive"
16979,"neutral,neutral"
16980,"positive,positive"
16981,"positive,positive"
16982,"positive,positive"
16983,"positive,positive"
16984,"positive,positive"
16985,"positive,positive"
16986,"positive,positive"
16987,"positive,positive"
16988,"neutral,neutral"
16989,"positive,positive"
16990,"positive,positive"
16991,"positive,positive"
16992,"positive,positive"
16993,"negative,negative"
16994,"positive,positive"
16995,"positive,positive"
16996,"positive,positive"
16997,"positive,positive"
16998,"negative,negative"
16999,"positive,positive"
17000,"neutral,neutral"
17001,"positive,positive"
17002,"positive,positive"
17003,"positive,positive"
17004,"positive,positive"
17005,"positive,positive"
17006,"positive,positive"
17007,"positive,positive"
17008,"positive,positive"
17009,"negative,negative"
17010,"neutral,neutral"
17011,"positive,positive"
17012,"positive,positive"
17013,"positive,positive"
17014,"positive,positive"
17015,"neutral,neutral"
17016,"positive,positive"
17017,"positive,positive"
17018,"positive,positive"
17019,"neutral,neutral"
17020,"positive,positive"
17021,"positive,positive"
17022,"positive,positive"
17023,"neutral,neutral"
17024,"positive,positive"
17025,"positive,positive"
17026,"positive,positive"
17027,"positive,positive"
17028,"positive,positive"
17029,"negative,negative"
17030,"positive,positive"
17031,"positive,positive"
17032,"positive,positive"
17033,"positive,positive"
17034,"positive,positive"
17035,"positive,positive"
17036,"negative,negative"
17037,"positive,positive"
17038,"positive,positive"
17039,"positive,positive"
17040,"positive,positive"
17041,"positive,positive"
17042,"positive,positive"
17043,"positive,positive"
17044,"positive,positive"
17045,"neutral,neutral"
17046,"positive,positive"
17047,"positive,positive"
17048,"negative,negative"
17049,"neutral,neutral"
17050,"positive,positive"
17051,"positive,positive"
17052,"positive,positive"
17053,"positive,positive"
17054,"positive,positive"
17055,"positive,positive"
17056,"neutral,neutral"
17057,"neutral,neutral"
17058,"neutral,neutral"
17059,"positive,positive"
17060,"positive,positive"
17061,"positive,positive"
17062,"positive,positive"
17063,"positive,positive"
17064,"neutral,neutral"
17065,"neutral,neutral"
17066,"neutral,neutral"
17067,"positive,positive"
17068,"positive,positive"
17069,"positive,positive"
17070,"positive,positive"
17071,"neutral,neutral"
17072,"negative,negative"
17073,"positive,positive"
17074,"positive,positive"
17075,"neutral,neutral"
17076,"positive,positive"
17077,"neutral,neutral"
17078,"positive,positive"
17079,"positive,positive"
17080,"positive,positive"
17081,"positive,positive"
17082,"neutral,neutral"
17083,"positive,positive"
17084,"positive,positive"
17085,"positive,positive"
17086,"positive,positive"
17087,"positive,positive"
17088,"positive,positive"
17089,"positive,positive"
17090,"positive,positive"
17091,"positive,positive"
17092,"positive,positive"
17093,"neutral,neutral"
17094,"positive,positive"
17095,"positive,positive"
17096,"positive,positive"
17097,"positive,positive"
17098,"neutral,neutral"
17099,"neutral,neutral"
17100,"positive,positive"
17101,"neutral,neutral"
17102,"positive,positive"
17103,"neutral,neutral"
17104,"neutral,neutral"
17105,"positive,positive"
17106,"neutral,neutral"
17107,"neutral,neutral"
17108,"positive,positive"
17109,"neutral,neutral"
17110,"positive,positive"
17111,"positive,positive"
17112,"positive,positive"
17113,"positive,positive"
17114,"neutral,neutral"
17115,"positive,positive"
17116,"positive,positive"
17117,"neutral,neutral"
17118,"negative,negative"
17119,"positive,positive"
17120,"positive,positive"
17121,"positive,positive"
17122,"positive,positive"
17123,"neutral,neutral"
17124,"positive,positive"
17125,"positive,positive"
17126,"neutral,neutral"
17127,"neutral,neutral"
17128,"positive,positive"
17129,"positive,positive"
17130,"positive,positive"
17131,"positive,positive"
17132,"positive,positive"
17133,"positive,positive"
17134,"neutral,neutral"
17135,"positive,positive"
17136,"positive,positive"
17137,"neutral,neutral"
17138,"positive,positive"
17139,"neutral,neutral"
17140,"positive,positive"
17141,"neutral,neutral"
17142,"positive,positive"
17143,"positive,positive"
17144,"positive,positive"
17145,"negative,negative"
17146,"neutral,neutral"
17147,"negative,negative"
17148,"neutral,neutral"
17149,"neutral,neutral"
17150,"positive,positive"
17151,"positive,positive"
17152,"positive,positive"
17153,"neutral,neutral"
17154,"neutral,neutral"
17155,"positive,positive"
17156,"negative,negative"
17157,"positive,positive"
17158,"positive,positive"
17159,"neutral,neutral"
17160,"positive,positive"
17161,"positive,positive"
17162,"negative,negative"
17163,"positive,positive"
17164,"neutral,neutral"
17165,"neutral,neutral"
17166,"positive,positive"
17167,"positive,positive"
17168,"positive,positive"
17169,"positive,positive"
17170,"neutral,neutral"
17171,"neutral,neutral"
17172,"positive,positive"
17173,"positive,positive"
17174,"positive,positive"
17175,"neutral,neutral"
17176,"positive,positive"
17177,"positive,positive"
17178,"positive,positive"
17179,"neutral,neutral"
17180,"positive,positive"
17181,"neutral,neutral"
17182,"positive,positive"
17183,"positive,positive"
17184,"positive,positive"
17185,"positive,positive"
17186,"neutral,neutral"
17187,"neutral,neutral"
17188,"positive,positive"
17189,"positive,positive"
17190,"positive,positive"
17191,"neutral,neutral"
17192,"neutral,neutral"
17193,"negative,negative"
17194,"positive,positive"
17195,"positive,positive"
17196,"positive,positive"
17197,"positive,positive"
17198,"positive,positive"
17199,"positive,positive"
17200,"positive,positive"
17201,"neutral,neutral"
17202,"neutral,neutral"
17203,"positive,positive"
17204,"positive,positive"
17205,"positive,positive"
17206,"positive,positive"
17207,"neutral,neutral"
17208,"negative,negative"
17209,"negative,negative"
17210,"positive,positive"
17211,"positive,positive"
17212,"negative,negative"
17213,"positive,positive"
17214,"positive,positive"
17215,"negative,negative"
17216,"positive,positive"
17217,"neutral,neutral"
17218,"positive,positive"
17219,"positive,positive"
17220,"neutral,neutral"
17221,"neutral,neutral"
17222,"neutral,neutral"
17223,"positive,positive"
17224,"negative,negative"
17225,"neutral,neutral"
17226,"neutral,neutral"
17227,"neutral,neutral"
17228,"positive,positive"
17229,"positive,positive"
17230,"positive,positive"
17231,"neutral,neutral"
17232,"positive,positive"
17233,"positive,positive"
17234,"negative,negative"
17235,"positive,positive"
17236,"positive,positive"
17237,"positive,positive"
17238,"negative,negative"
17239,"positive,positive"
17240,"positive,positive"
17241,"positive,positive"
17242,"positive,positive"
17243,"positive,positive"
17244,"negative,negative"
17245,"negative,negative"
17246,"positive,positive"
17247,"neutral,neutral"
17248,"positive,positive"
17249,"neutral,neutral"
17250,"positive,positive"
17251,"positive,positive"
17252,"positive,positive"
17253,"neutral,neutral"
17254,"positive,positive"
17255,"positive,positive"
17256,"neutral,neutral"
17257,"neutral,neutral"
17258,"positive,positive"
17259,"neutral,neutral"
17260,"positive,positive"
17261,"positive,positive"
17262,"positive,positive"
17263,"positive,positive"
17264,"positive,positive"
17265,"positive,positive"
17266,"neutral,neutral"
17267,"positive,positive"
17268,"positive,positive"
17269,"positive,positive"
17270,"positive,positive"
17271,"positive,positive"
17272,"positive,positive"
17273,"positive,positive"
17274,"positive,positive"
17275,"positive,positive"
17276,"positive,positive"
17277,"neutral,neutral"
17278,"positive,positive"
17279,"positive,positive"
17280,"positive,positive"
17281,"positive,positive"
17282,"neutral,neutral"
17283,"neutral,neutral"
17284,"neutral,neutral"
17285,"neutral,neutral"
17286,"positive,positive"
17287,"positive,positive"
17288,"positive,positive"
17289,"neutral,neutral"
17290,"positive,positive"
17291,"neutral,neutral"
17292,"positive,positive"
17293,"positive,positive"
17294,"positive,positive"
17295,"positive,positive"
17296,"positive,positive"
17297,"positive,positive"
17298,"positive,positive"
17299,"positive,positive"
17300,"neutral,neutral"
17301,"positive,positive"
17302,"positive,positive"
17303,"negative,negative"
17304,"positive,positive"
17305,"positive,positive"
17306,"positive,positive"
17307,"positive,positive"
17308,"positive,positive"
17309,"positive,positive"
17310,"neutral,neutral"
17311,"negative,negative"
17312,"positive,positive"
17313,"positive,positive"
17314,"positive,positive"
17315,"positive,positive"
17316,"neutral,neutral"
17317,"neutral,neutral"
17318,"positive,positive"
17319,"positive,positive"
17320,"positive,positive"
17321,"positive,positive"
17322,"positive,positive"
17323,"positive,positive"
17324,"positive,positive"
17325,"positive,positive"
17326,"neutral,neutral"
17327,"positive,positive"
17328,"positive,positive"
17329,"positive,positive"
17330,"positive,positive"
17331,"positive,positive"
17332,"positive,positive"
17333,"positive,positive"
17334,"positive,positive"
17335,"negative,negative"
17336,"negative,negative"
17337,"positive,positive"
17338,"positive,positive"
17339,"positive,positive"
17340,"positive,positive"
17341,"positive,positive"
17342,"negative,negative"
17343,"positive,positive"
17344,"positive,positive"
17345,"positive,positive"
17346,"positive,positive"
17347,"positive,positive"
17348,"neutral,neutral"
17349,"positive,positive"
17350,"negative,negative"
17351,"positive,positive"
17352,"neutral,neutral"
17353,"positive,positive"
17354,"neutral,neutral"
17355,"positive,positive"
17356,"positive,positive"
17357,"positive,positive"
17358,"positive,positive"
17359,"positive,positive"
17360,"positive,positive"
17361,"positive,positive"
17362,"neutral,neutral"
17363,"negative,negative"
17364,"neutral,neutral"
17365,"positive,positive"
17366,"neutral,neutral"
17367,"negative,negative"
17368,"neutral,neutral"
17369,"positive,positive"
17370,"positive,positive"
17371,"positive,positive"
17372,"positive,positive"
17373,"positive,positive"
17374,"negative,negative"
17375,"neutral,neutral"
17376,"positive,positive"
17377,"positive,positive"
17378,"positive,positive"
17379,"neutral,neutral"
17380,"positive,positive"
17381,"neutral,neutral"
17382,"neutral,neutral"
17383,"neutral,neutral"
17384,"positive,positive"
17385,"neutral,neutral"
17386,"positive,positive"
17387,"neutral,neutral"
17388,"neutral,neutral"
17389,"positive,positive"
17390,"positive,positive"
17391,"positive,positive"
17392,"positive,positive"
17393,"positive,positive"
17394,"positive,positive"
17395,"positive,positive"
17396,"positive,positive"
17397,"positive,positive"
17398,"positive,positive"
17399,"neutral,neutral"
17400,"positive,positive"
17401,"neutral,neutral"
17402,"neutral,neutral"
17403,"positive,positive"
17404,"neutral,neutral"
17405,"positive,positive"
17406,"positive,positive"
17407,"positive,positive"
17408,"positive,positive"
17409,"negative,negative"
17410,"positive,positive"
17411,"neutral,neutral"
17412,"positive,positive"
17413,"positive,positive"
17414,"positive,positive"
17415,"neutral,neutral"
17416,"positive,positive"
17417,"negative,negative"
17418,"positive,positive"
17419,"neutral,neutral"
17420,"positive,positive"
17421,"positive,positive"
17422,"positive,positive"
17423,"neutral,neutral"
17424,"neutral,neutral"
17425,"positive,positive"
17426,"neutral,neutral"
17427,"neutral,neutral"
17428,"positive,positive"
17429,"positive,positive"
17430,"positive,positive"
17431,"neutral,neutral"
17432,"neutral,neutral"
17433,"positive,positive"
17434,"positive,positive"
17435,"positive,positive"
17436,"positive,positive"
17437,"neutral,neutral"
17438,"neutral,neutral"
17439,"neutral,neutral"
17440,"positive,positive"
17441,"positive,positive"
17442,"positive,positive"
17443,"positive,positive"
17444,"positive,positive"
17445,"neutral,neutral"
17446,"neutral,neutral"
17447,"neutral,neutral"
17448,"positive,positive"
17449,"positive,positive"
17450,"neutral,neutral"
17451,"positive,positive"
17452,"positive,positive"
17453,"positive,positive"
17454,"positive,positive"
17455,"positive,positive"
17456,"negative,negative"
17457,"positive,positive"
17458,"negative,negative"
17459,"positive,positive"
17460,"negative,negative"
17461,"positive,positive"
17462,"positive,positive"
17463,"positive,positive"
17464,"neutral,neutral"
17465,"positive,positive"
17466,"neutral,neutral"
17467,"positive,positive"
17468,"positive,positive"
17469,"neutral,neutral"
17470,"positive,positive"
17471,"positive,positive"
17472,"negative,negative"
17473,"positive,positive"
17474,"neutral,neutral"
17475,"positive,positive"
17476,"positive,positive"
17477,"negative,negative"
17478,"positive,positive"
17479,"negative,negative"
17480,"neutral,neutral"
17481,"positive,positive"
17482,"neutral,neutral"
17483,"positive,positive"
17484,"positive,positive"
17485,"positive,positive"
17486,"neutral,neutral"
17487,"negative,negative"
17488,"neutral,neutral"
17489,"neutral,neutral"
17490,"positive,positive"
17491,"negative,negative"
17492,"negative,negative"
17493,"positive,positive"
17494,"positive,positive"
17495,"positive,positive"
17496,"neutral,neutral"
17497,"positive,positive"
17498,"positive,positive"
17499,"positive,positive"
17500,"neutral,neutral"
17501,"positive,positive"
17502,"positive,positive"
17503,"positive,positive"
17504,"positive,positive"
17505,"positive,positive"
17506,"negative,negative"
17507,"neutral,neutral"
17508,"negative,negative"
17509,"positive,positive"
17510,"neutral,neutral"
17511,"negative,negative"
17512,"positive,positive"
17513,"positive,positive"
17514,"positive,positive"
17515,"neutral,neutral"
17516,"positive,positive"
17517,"positive,positive"
17518,"neutral,neutral"
17519,"positive,positive"
17520,"neutral,neutral"
17521,"positive,positive"
17522,"positive,positive"
17523,"positive,positive"
17524,"positive,positive"
17525,"neutral,neutral"
17526,"positive,positive"
17527,"positive,positive"
17528,"positive,positive"
17529,"negative,negative"
17530,"positive,positive"
17531,"neutral,neutral"
17532,"positive,positive"
17533,"neutral,neutral"
17534,"neutral,neutral"
17535,"positive,positive"
17536,"negative,negative"
17537,"positive,positive"
17538,"positive,positive"
17539,"positive,positive"
17540,"neutral,neutral"
17541,"positive,positive"
17542,"neutral,neutral"
17543,"positive,positive"
17544,"positive,positive"
17545,"positive,positive"
17546,"neutral,neutral"
17547,"positive,positive"
17548,"positive,positive"
17549,"positive,positive"
17550,"positive,positive"
17551,"positive,positive"
17552,"positive,positive"
17553,"negative,negative"
17554,"positive,positive"
17555,"negative,negative"
17556,"neutral,neutral"
17557,"positive,positive"
17558,"neutral,neutral"
17559,"positive,positive"
17560,"neutral,neutral"
17561,"negative,negative"
17562,"positive,positive"
17563,"negative,negative"
17564,"positive,positive"
17565,"neutral,neutral"
17566,"positive,positive"
17567,"positive,positive"
17568,"positive,positive"
17569,"neutral,neutral"
17570,"positive,positive"
17571,"negative,negative"
17572,"negative,negative"
17573,"positive,positive"
17574,"positive,positive"
17575,"positive,positive"
17576,"positive,positive"
17577,"positive,positive"
17578,"positive,positive"
17579,"positive,positive"
17580,"neutral,neutral"
17581,"negative,negative"
17582,"positive,positive"
17583,"positive,positive"
17584,"positive,positive"
17585,"positive,positive"
17586,"positive,positive"
17587,"positive,positive"
17588,"neutral,neutral"
17589,"positive,positive"
17590,"positive,positive"
17591,"neutral,neutral"
17592,"neutral,neutral"
17593,"positive,positive"
17594,"positive,positive"
17595,"negative,negative"
17596,"positive,positive"
17597,"neutral,neutral"
17598,"positive,positive"
17599,"positive,positive"
17600,"positive,positive"
17601,"positive,positive"
17602,"positive,positive"
17603,"positive,positive"
17604,"positive,positive"
17605,"neutral,neutral"
17606,"positive,positive"
17607,"positive,positive"
17608,"negative,negative"
17609,"positive,positive"
17610,"positive,positive"
17611,"neutral,neutral"
17612,"neutral,neutral"
17613,"neutral,neutral"
17614,"neutral,neutral"
17615,"positive,positive"
17616,"negative,negative"
17617,"negative,negative"
17618,"positive,positive"
17619,"negative,negative"
17620,"negative,negative"
17621,"positive,positive"
17622,"positive,positive"
17623,"positive,positive"
17624,"positive,positive"
17625,"neutral,neutral"
17626,"neutral,neutral"
17627,"negative,negative"
17628,"positive,positive"
17629,"negative,negative"
17630,"positive,positive"
17631,"neutral,neutral"
17632,"positive,positive"
17633,"neutral,neutral"
17634,"positive,positive"
17635,"positive,positive"
17636,"positive,positive"
17637,"neutral,neutral"
17638,"positive,positive"
17639,"positive,positive"
17640,"positive,positive"
17641,"neutral,neutral"
17642,"positive,positive"
17643,"positive,positive"
17644,"positive,positive"
17645,"positive,positive"
17646,"positive,positive"
17647,"positive,positive"
17648,"positive,positive"
17649,"positive,positive"
17650,"positive,positive"
17651,"positive,positive"
17652,"positive,positive"
17653,"positive,positive"
17654,"positive,positive"
17655,"neutral,neutral"
17656,"positive,positive"
17657,"positive,positive"
17658,"positive,positive"
17659,"positive,positive"
17660,"positive,positive"
17661,"neutral,neutral"
17662,"neutral,neutral"
17663,"neutral,neutral"
17664,"positive,positive"
17665,"negative,negative"
17666,"positive,positive"
17667,"positive,positive"
17668,"positive,positive"
17669,"positive,positive"
17670,"negative,negative"
17671,"neutral,neutral"
17672,"positive,positive"
17673,"positive,positive"
17674,"positive,positive"
17675,"negative,negative"
17676,"positive,positive"
17677,"neutral,neutral"
17678,"positive,positive"
17679,"positive,positive"
17680,"neutral,neutral"
17681,"negative,negative"
17682,"neutral,neutral"
17683,"negative,negative"
17684,"neutral,neutral"
17685,"neutral,neutral"
17686,"positive,positive"
17687,"positive,positive"
17688,"positive,positive"
17689,"positive,positive"
17690,"positive,positive"
17691,"positive,positive"
17692,"positive,positive"
17693,"neutral,neutral"
17694,"positive,positive"
17695,"positive,positive"
17696,"positive,positive"
17697,"positive,positive"
17698,"positive,positive"
17699,"positive,positive"
17700,"neutral,neutral"
17701,"positive,positive"
17702,"negative,negative"
17703,"neutral,neutral"
17704,"positive,positive"
17705,"positive,positive"
17706,"neutral,neutral"
17707,"neutral,neutral"
17708,"positive,positive"
17709,"positive,positive"
17710,"positive,positive"
17711,"positive,positive"
17712,"neutral,neutral"
17713,"positive,positive"
17714,"positive,positive"
17715,"neutral,neutral"
17716,"positive,positive"
17717,"neutral,neutral"
17718,"positive,positive"
17719,"positive,positive"
17720,"positive,positive"
17721,"neutral,neutral"
17722,"neutral,neutral"
17723,"neutral,neutral"
17724,"positive,positive"
17725,"neutral,neutral"
17726,"positive,positive"
17727,"neutral,neutral"
17728,"negative,negative"
17729,"positive,positive"
17730,"neutral,neutral"
17731,"positive,positive"
17732,"positive,positive"
17733,"positive,positive"
17734,"positive,positive"
17735,"positive,positive"
17736,"negative,negative"
17737,"positive,positive"
17738,"positive,positive"
17739,"neutral,neutral"
17740,"negative,negative"
17741,"positive,positive"
17742,"positive,positive"
17743,"positive,positive"
17744,"neutral,neutral"
17745,"neutral,neutral"
17746,"positive,positive"
17747,"positive,positive"
17748,"positive,positive"
17749,"neutral,neutral"
17750,"negative,negative"
17751,"negative,negative"
17752,"positive,positive"
17753,"negative,negative"
17754,"positive,positive"
17755,"neutral,neutral"
17756,"positive,positive"
17757,"positive,positive"
17758,"neutral,neutral"
17759,"neutral,neutral"
17760,"positive,positive"
17761,"positive,positive"
17762,"positive,positive"
17763,"negative,negative"
17764,"neutral,neutral"
17765,"positive,positive"
17766,"positive,positive"
17767,"neutral,neutral"
17768,"positive,positive"
17769,"positive,positive"
17770,"positive,positive"
17771,"positive,positive"
17772,"positive,positive"
17773,"positive,positive"
17774,"neutral,neutral"
17775,"positive,positive"
17776,"positive,positive"
17777,"positive,positive"
17778,"neutral,neutral"
17779,"positive,positive"
17780,"positive,positive"
17781,"negative,negative"
17782,"neutral,neutral"
17783,"neutral,neutral"
17784,"positive,positive"
17785,"negative,negative"
17786,"positive,positive"
17787,"positive,positive"
17788,"positive,positive"
17789,"positive,positive"
17790,"positive,positive"
17791,"neutral,neutral"
17792,"negative,negative"
17793,"positive,positive"
17794,"neutral,neutral"
17795,"neutral,neutral"
17796,"positive,positive"
17797,"neutral,neutral"
17798,"neutral,neutral"
17799,"positive,positive"
17800,"positive,positive"
17801,"neutral,neutral"
17802,"neutral,neutral"
17803,"neutral,neutral"
17804,"positive,positive"
17805,"positive,positive"
17806,"positive,positive"
17807,"positive,positive"
17808,"positive,positive"
17809,"positive,positive"
17810,"neutral,neutral"
17811,"positive,positive"
17812,"positive,positive"
17813,"positive,positive"
17814,"neutral,neutral"
17815,"positive,positive"
17816,"positive,positive"
17817,"positive,positive"
17818,"neutral,neutral"
17819,"positive,positive"
17820,"positive,positive"
17821,"positive,positive"
17822,"neutral,neutral"
17823,"neutral,neutral"
17824,"neutral,neutral"
17825,"positive,positive"
17826,"positive,positive"
17827,"neutral,neutral"
17828,"positive,positive"
17829,"positive,positive"
17830,"negative,negative"
17831,"neutral,neutral"
17832,"positive,positive"
17833,"positive,positive"
17834,"neutral,neutral"
17835,"neutral,neutral"
17836,"neutral,neutral"
17837,"neutral,neutral"
17838,"positive,positive"
17839,"neutral,neutral"
17840,"positive,positive"
17841,"neutral,neutral"
17842,"neutral,neutral"
17843,"positive,positive"
17844,"positive,positive"
17845,"positive,positive"
17846,"positive,positive"
17847,"positive,positive"
17848,"positive,positive"
17849,"negative,negative"
17850,"neutral,neutral"
17851,"negative,negative"
17852,"neutral,neutral"
17853,"negative,negative"
17854,"positive,positive"
17855,"positive,positive"
17856,"positive,positive"
17857,"negative,negative"
17858,"neutral,neutral"
17859,"neutral,neutral"
17860,"positive,positive"
17861,"negative,negative"
17862,"neutral,neutral"
17863,"neutral,neutral"
17864,"positive,positive"
17865,"positive,positive"
17866,"negative,negative"
17867,"neutral,neutral"
17868,"neutral,neutral"
17869,"positive,positive"
17870,"neutral,neutral"
17871,"neutral,neutral"
17872,"positive,positive"
17873,"neutral,neutral"
17874,"neutral,neutral"
17875,"neutral,neutral"
17876,"positive,positive"
17877,"negative,negative"
17878,"negative,negative"
17879,"neutral,neutral"
17880,"neutral,neutral"
17881,"positive,positive"
17882,"neutral,neutral"
17883,"neutral,neutral"
17884,"positive,positive"
17885,"neutral,neutral"
17886,"positive,positive"
17887,"negative,negative"
17888,"positive,positive"
17889,"negative,negative"
17890,"neutral,neutral"
17891,"neutral,neutral"
17892,"positive,positive"
17893,"negative,negative"
17894,"negative,negative"
17895,"positive,positive"
17896,"positive,positive"
17897,"positive,positive"
17898,"positive,positive"
17899,"positive,positive"
17900,"positive,positive"
17901,"negative,negative"
17902,"positive,positive"
17903,"positive,positive"
17904,"positive,positive"
17905,"positive,positive"
17906,"neutral,neutral"
17907,"positive,positive"
17908,"positive,positive"
17909,"positive,positive"
17910,"positive,positive"
17911,"positive,positive"
17912,"negative,negative"
17913,"positive,positive"
17914,"positive,positive"
17915,"neutral,neutral"
17916,"neutral,neutral"
17917,"neutral,neutral"
17918,"neutral,neutral"
17919,"positive,positive"
17920,"negative,negative"
17921,"negative,negative"
17922,"positive,positive"
17923,"neutral,neutral"
17924,"neutral,neutral"
17925,"positive,positive"
17926,"neutral,neutral"
17927,"positive,positive"
17928,"neutral,neutral"
17929,"neutral,neutral"
17930,"negative,negative"
17931,"neutral,neutral"
17932,"negative,negative"
17933,"positive,positive"
17934,"negative,negative"
17935,"positive,positive"
17936,"negative,negative"
17937,"positive,positive"
17938,"neutral,neutral"
17939,"neutral,neutral"
17940,"negative,negative"
17941,"neutral,neutral"
17942,"neutral,neutral"
17943,"neutral,neutral"
17944,"positive,positive"
17945,"negative,negative"
17946,"neutral,neutral"
17947,"positive,positive"
17948,"positive,positive"
17949,"negative,negative"
17950,"negative,negative"
17951,"positive,positive"
17952,"positive,positive"
17953,"positive,positive"
17954,"positive,positive"
17955,"positive,positive"
17956,"positive,positive"
17957,"positive,positive"
17958,"positive,positive"
17959,"neutral,neutral"
17960,"positive,positive"
17961,"positive,positive"
17962,"neutral,neutral"
17963,"positive,positive"
17964,"positive,positive"
17965,"neutral,neutral"
17966,"positive,positive"
17967,"positive,positive"
17968,"positive,positive"
17969,"positive,positive"
17970,"neutral,neutral"
17971,"positive,positive"
17972,"neutral,neutral"
17973,"negative,negative"
17974,"positive,positive"
17975,"negative,negative"
17976,"negative,negative"
17977,"positive,positive"
17978,"positive,positive"
17979,"neutral,neutral"
17980,"positive,positive"
17981,"neutral,neutral"
17982,"positive,positive"
17983,"positive,positive"
17984,"neutral,neutral"
17985,"neutral,neutral"
17986,"neutral,neutral"
17987,"positive,positive"
17988,"positive,positive"
17989,"positive,positive"
17990,"positive,positive"
17991,"neutral,neutral"
17992,"positive,positive"
17993,"positive,positive"
17994,"negative,negative"
17995,"positive,positive"
17996,"neutral,neutral"
17997,"positive,positive"
17998,"positive,positive"
17999,"positive,positive"
18000,"positive,positive"
18001,"positive,positive"
18002,"positive,positive"
18003,"positive,positive"
18004,"neutral,neutral"
18005,"positive,positive"
18006,"positive,positive"
18007,"neutral,neutral"
18008,"positive,positive"
18009,"positive,positive"
18010,"negative,negative"
18011,"positive,positive"
18012,"positive,positive"
18013,"neutral,neutral"
18014,"positive,positive"
18015,"positive,positive"
18016,"negative,negative"
18017,"neutral,neutral"
18018,"neutral,neutral"
18019,"neutral,neutral"
18020,"positive,positive"
18021,"positive,positive"
18022,"positive,positive"
18023,"neutral,neutral"
18024,"negative,negative"
18025,"negative,negative"
18026,"positive,positive"
18027,"positive,positive"
18028,"positive,positive"
18029,"positive,positive"
18030,"neutral,neutral"
18031,"positive,positive"
18032,"neutral,neutral"
18033,"positive,positive"
18034,"neutral,neutral"
18035,"positive,positive"
18036,"neutral,neutral"
18037,"positive,positive"
18038,"neutral,neutral"
18039,"positive,positive"
18040,"neutral,neutral"
18041,"positive,positive"
18042,"positive,positive"
18043,"neutral,neutral"
18044,"negative,negative"
18045,"positive,positive"
18046,"positive,positive"
18047,"positive,positive"
18048,"positive,positive"
18049,"neutral,neutral"
18050,"positive,positive"
18051,"negative,negative"
18052,"positive,positive"
18053,"positive,positive"
18054,"neutral,neutral"
18055,"positive,positive"
18056,"positive,positive"
18057,"positive,positive"
18058,"neutral,neutral"
18059,"positive,positive"
18060,"neutral,neutral"
18061,"positive,positive"
18062,"neutral,neutral"
18063,"neutral,neutral"
18064,"negative,negative"
18065,"positive,positive"
18066,"neutral,neutral"
18067,"positive,positive"
18068,"positive,positive"
18069,"positive,positive"
18070,"neutral,neutral"
18071,"neutral,neutral"
18072,"positive,positive"
18073,"positive,positive"
18074,"positive,positive"
18075,"neutral,neutral"
18076,"neutral,neutral"
18077,"neutral,neutral"
18078,"positive,positive"
18079,"negative,negative"
18080,"positive,positive"
18081,"neutral,neutral"
18082,"positive,positive"
18083,"neutral,neutral"
18084,"neutral,neutral"
18085,"positive,positive"
18086,"negative,negative"
18087,"neutral,neutral"
18088,"neutral,neutral"
18089,"neutral,neutral"
18090,"neutral,neutral"
18091,"positive,positive"
18092,"positive,positive"
18093,"positive,positive"
18094,"negative,negative"
18095,"positive,positive"
18096,"negative,negative"
18097,"positive,positive"
18098,"neutral,neutral"
18099,"positive,positive"
18100,"negative,negative"
18101,"neutral,neutral"
18102,"negative,negative"
18103,"positive,positive"
18104,"negative,negative"
18105,"positive,positive"
18106,"positive,positive"
18107,"neutral,neutral"
18108,"positive,positive"
18109,"positive,positive"
18110,"neutral,neutral"
18111,"positive,positive"
18112,"positive,positive"
18113,"positive,positive"
18114,"negative,negative"
18115,"positive,positive"
18116,"positive,positive"
18117,"neutral,neutral"
18118,"negative,negative"
18119,"neutral,neutral"
18120,"positive,positive"
18121,"positive,positive"
18122,"positive,positive"
18123,"neutral,neutral"
18124,"positive,positive"
18125,"positive,positive"
18126,"negative,negative"
18127,"positive,positive"
18128,"neutral,neutral"
18129,"positive,positive"
18130,"positive,positive"
18131,"positive,positive"
18132,"positive,positive"
18133,"positive,positive"
18134,"neutral,neutral"
18135,"positive,positive"
18136,"neutral,neutral"
18137,"positive,positive"
18138,"neutral,neutral"
18139,"positive,positive"
18140,"positive,positive"
18141,"neutral,neutral"
18142,"positive,positive"
18143,"positive,positive"
18144,"neutral,neutral"
18145,"positive,positive"
18146,"negative,negative"
18147,"negative,negative"
18148,"neutral,neutral"
18149,"neutral,neutral"
18150,"positive,positive"
18151,"negative,negative"
18152,"positive,positive"
18153,"neutral,neutral"
18154,"positive,positive"
18155,"positive,positive"
18156,"neutral,neutral"
18157,"positive,positive"
18158,"positive,positive"
18159,"positive,positive"
18160,"positive,positive"
18161,"positive,positive"
18162,"positive,positive"
18163,"neutral,neutral"
18164,"negative,negative"
18165,"positive,positive"
18166,"positive,positive"
18167,"positive,positive"
18168,"negative,negative"
18169,"positive,positive"
18170,"neutral,neutral"
18171,"positive,positive"
18172,"positive,positive"
18173,"positive,positive"
18174,"positive,positive"
18175,"neutral,neutral"
18176,"neutral,neutral"
18177,"positive,positive"
18178,"neutral,neutral"
18179,"negative,negative"
18180,"positive,positive"
18181,"positive,positive"
18182,"positive,positive"
18183,"neutral,neutral"
18184,"negative,negative"
18185,"positive,positive"
18186,"positive,positive"
18187,"neutral,neutral"
18188,"neutral,neutral"
18189,"neutral,neutral"
18190,"positive,positive"
18191,"neutral,neutral"
18192,"neutral,neutral"
18193,"negative,negative"
18194,"negative,negative"
18195,"neutral,neutral"
18196,"negative,negative"
18197,"positive,positive"
18198,"positive,positive"
18199,"neutral,neutral"
18200,"positive,positive"
18201,"positive,positive"
18202,"negative,negative"
18203,"neutral,neutral"
18204,"positive,positive"
18205,"neutral,neutral"
18206,"positive,positive"
18207,"positive,positive"
18208,"neutral,neutral"
18209,"positive,positive"
18210,"positive,positive"
18211,"positive,positive"
18212,"neutral,neutral"
18213,"positive,positive"
18214,"negative,negative"
18215,"positive,positive"
18216,"negative,negative"
18217,"positive,positive"
18218,"neutral,neutral"
18219,"positive,positive"
18220,"positive,positive"
18221,"neutral,neutral"
18222,"neutral,neutral"
18223,"neutral,neutral"
18224,"neutral,neutral"
18225,"positive,positive"
18226,"neutral,neutral"
18227,"neutral,neutral"
18228,"positive,positive"
18229,"positive,positive"
18230,"positive,positive"
18231,"positive,positive"
18232,"negative,negative"
18233,"neutral,neutral"
18234,"negative,negative"
18235,"neutral,neutral"
18236,"positive,positive"
18237,"positive,positive"
18238,"positive,positive"
18239,"positive,positive"
18240,"positive,positive"
18241,"neutral,neutral"
18242,"neutral,neutral"
18243,"positive,positive"
18244,"positive,positive"
18245,"neutral,neutral"
18246,"positive,positive"
18247,"neutral,neutral"
18248,"neutral,neutral"
18249,"positive,positive"
18250,"positive,positive"
18251,"positive,positive"
18252,"positive,positive"
18253,"positive,positive"
18254,"negative,negative"
18255,"positive,positive"
18256,"negative,negative"
18257,"neutral,neutral"
18258,"negative,negative"
18259,"positive,positive"
18260,"positive,positive"
18261,"positive,positive"
18262,"positive,positive"
18263,"positive,positive"
18264,"positive,positive"
18265,"neutral,neutral"
18266,"negative,negative"
18267,"neutral,neutral"
18268,"positive,positive"
18269,"positive,positive"
18270,"positive,positive"
18271,"neutral,neutral"
18272,"neutral,neutral"
18273,"neutral,neutral"
18274,"neutral,neutral"
18275,"neutral,neutral"
18276,"positive,positive"
18277,"positive,positive"
18278,"positive,positive"
18279,"negative,negative"
18280,"neutral,neutral"
18281,"positive,positive"
18282,"negative,negative"
18283,"positive,positive"
18284,"positive,positive"
18285,"positive,positive"
18286,"neutral,neutral"
18287,"positive,positive"
18288,"neutral,neutral"
18289,"positive,positive"
18290,"positive,positive"
18291,"positive,positive"
18292,"negative,negative"
18293,"negative,negative"
18294,"neutral,neutral"
18295,"positive,positive"
18296,"positive,positive"
18297,"negative,negative"
18298,"positive,positive"
18299,"positive,positive"
18300,"neutral,neutral"
18301,"positive,positive"
18302,"positive,positive"
18303,"positive,positive"
18304,"positive,positive"
18305,"positive,positive"
18306,"positive,positive"
18307,"neutral,neutral"
18308,"negative,negative"
18309,"positive,positive"
18310,"positive,positive"
18311,"neutral,neutral"
18312,"positive,positive"
18313,"positive,positive"
18314,"negative,negative"
18315,"negative,negative"
18316,"positive,positive"
18317,"negative,negative"
18318,"neutral,neutral"
18319,"positive,positive"
18320,"neutral,neutral"
18321,"positive,positive"
18322,"positive,positive"
18323,"positive,positive"
18324,"positive,positive"
18325,"positive,positive"
18326,"neutral,neutral"
18327,"negative,negative"
18328,"neutral,neutral"
18329,"negative,negative"
18330,"positive,positive"
18331,"positive,positive"
18332,"negative,negative"
18333,"positive,positive"
18334,"neutral,neutral"
18335,"neutral,neutral"
18336,"positive,positive"
18337,"neutral,neutral"
18338,"positive,positive"
18339,"positive,positive"
18340,"neutral,neutral"
18341,"positive,positive"
18342,"neutral,neutral"
18343,"neutral,neutral"
18344,"positive,positive"
18345,"neutral,neutral"
18346,"neutral,neutral"
18347,"positive,positive"
18348,"positive,positive"
18349,"positive,positive"
18350,"positive,positive"
18351,"positive,positive"
18352,"negative,negative"
18353,"positive,positive"
18354,"positive,positive"
18355,"neutral,neutral"
18356,"neutral,neutral"
18357,"negative,negative"
18358,"neutral,neutral"
18359,"positive,positive"
18360,"positive,positive"
18361,"neutral,neutral"
18362,"positive,positive"
18363,"neutral,neutral"
18364,"negative,negative"
18365,"positive,positive"
18366,"neutral,neutral"
18367,"positive,positive"
18368,"positive,positive"
18369,"positive,positive"
18370,"positive,positive"
18371,"positive,positive"
18372,"positive,positive"
18373,"positive,positive"
18374,"negative,negative"
18375,"positive,positive"
18376,"positive,positive"
18377,"positive,positive"
18378,"positive,positive"
18379,"positive,positive"
18380,"neutral,neutral"
18381,"neutral,neutral"
18382,"positive,positive"
18383,"positive,positive"
18384,"neutral,neutral"
18385,"positive,positive"
18386,"negative,negative"
18387,"neutral,neutral"
18388,"positive,positive"
18389,"positive,positive"
18390,"positive,positive"
18391,"neutral,neutral"
18392,"neutral,neutral"
18393,"positive,positive"
18394,"positive,positive"
18395,"neutral,neutral"
18396,"positive,positive"
18397,"positive,positive"
18398,"positive,positive"
18399,"neutral,neutral"
18400,"positive,positive"
18401,"neutral,neutral"
18402,"negative,negative"
18403,"negative,negative"
18404,"positive,positive"
18405,"positive,positive"
18406,"neutral,neutral"
18407,"positive,positive"
18408,"neutral,neutral"
18409,"positive,positive"
18410,"positive,positive"
18411,"neutral,neutral"
18412,"neutral,neutral"
18413,"neutral,neutral"
18414,"positive,positive"
18415,"negative,negative"
18416,"positive,positive"
18417,"positive,positive"
18418,"positive,positive"
18419,"negative,negative"
18420,"neutral,neutral"
18421,"positive,positive"
18422,"positive,positive"
18423,"neutral,neutral"
18424,"positive,positive"
18425,"negative,negative"
18426,"neutral,neutral"
18427,"negative,negative"
18428,"negative,negative"
18429,"positive,positive"
18430,"positive,positive"
18431,"positive,positive"
18432,"positive,positive"
18433,"positive,positive"
18434,"positive,positive"
18435,"positive,positive"
18436,"positive,positive"
18437,"positive,positive"
18438,"neutral,neutral"
18439,"negative,negative"
18440,"positive,positive"
18441,"positive,positive"
18442,"positive,positive"
18443,"neutral,neutral"
18444,"positive,positive"
18445,"positive,positive"
18446,"positive,positive"
18447,"positive,positive"
18448,"positive,positive"
18449,"positive,positive"
18450,"positive,positive"
18451,"positive,positive"
18452,"positive,positive"
18453,"negative,negative"
18454,"positive,positive"
18455,"neutral,neutral"
18456,"positive,positive"
18457,"positive,positive"
18458,"negative,negative"
18459,"positive,positive"
18460,"neutral,neutral"
18461,"positive,positive"
18462,"neutral,neutral"
18463,"neutral,neutral"
18464,"positive,positive"
18465,"positive,positive"
18466,"negative,negative"
18467,"positive,positive"
18468,"neutral,neutral"
18469,"neutral,neutral"
18470,"negative,negative"
18471,"positive,positive"
18472,"negative,negative"
18473,"neutral,neutral"
18474,"positive,positive"
18475,"positive,positive"
18476,"positive,positive"
18477,"positive,positive"
18478,"neutral,neutral"
18479,"positive,positive"
18480,"positive,positive"
18481,"positive,positive"
18482,"positive,positive"
18483,"neutral,neutral"
18484,"positive,positive"
18485,"positive,positive"
18486,"positive,positive"
18487,"positive,positive"
18488,"positive,positive"
18489,"negative,negative"
18490,"positive,positive"
18491,"neutral,neutral"
18492,"positive,positive"
18493,"positive,positive"
18494,"positive,positive"
18495,"positive,positive"
18496,"positive,positive"
18497,"neutral,neutral"
18498,"positive,positive"
18499,"positive,positive"
18500,"negative,negative"
18501,"positive,positive"
18502,"neutral,neutral"
18503,"negative,negative"
18504,"positive,positive"
18505,"neutral,neutral"
18506,"positive,positive"
18507,"negative,negative"
18508,"positive,positive"
18509,"neutral,neutral"
18510,"positive,positive"
18511,"positive,positive"
18512,"positive,positive"
18513,"positive,positive"
18514,"positive,positive"
18515,"negative,negative"
18516,"neutral,neutral"
18517,"neutral,neutral"
18518,"negative,negative"
18519,"negative,negative"
18520,"neutral,neutral"
18521,"negative,negative"
18522,"positive,positive"
18523,"positive,positive"
18524,"negative,negative"
18525,"neutral,neutral"
18526,"positive,positive"
18527,"negative,negative"
18528,"negative,negative"
18529,"negative,negative"
18530,"positive,positive"
18531,"positive,positive"
18532,"positive,positive"
18533,"positive,positive"
18534,"neutral,neutral"
18535,"neutral,neutral"
18536,"neutral,neutral"
18537,"positive,positive"
18538,"negative,negative"
18539,"negative,negative"
18540,"neutral,neutral"
18541,"neutral,neutral"
18542,"positive,positive"
18543,"positive,positive"
18544,"positive,positive"
18545,"negative,negative"
18546,"positive,positive"
18547,"negative,negative"
18548,"positive,positive"
18549,"neutral,neutral"
18550,"negative,negative"
18551,"negative,negative"
18552,"positive,positive"
18553,"positive,positive"
18554,"neutral,neutral"
18555,"positive,positive"
18556,"negative,negative"
18557,"positive,positive"
18558,"positive,positive"
18559,"negative,negative"
18560,"neutral,neutral"
18561,"positive,positive"
18562,"positive,positive"
18563,"positive,positive"
18564,"positive,positive"
18565,"positive,positive"
18566,"negative,negative"
18567,"positive,positive"
18568,"positive,positive"
18569,"positive,positive"
18570,"neutral,neutral"
18571,"positive,positive"
18572,"positive,positive"
18573,"neutral,neutral"
18574,"positive,positive"
18575,"positive,positive"
18576,"positive,positive"
18577,"positive,positive"
18578,"neutral,neutral"
18579,"positive,positive"
18580,"positive,positive"
18581,"neutral,neutral"
18582,"positive,positive"
18583,"positive,positive"
18584,"neutral,neutral"
18585,"neutral,neutral"
18586,"positive,positive"
18587,"positive,positive"
18588,"negative,negative"
18589,"neutral,neutral"
18590,"negative,negative"
18591,"negative,negative"
18592,"positive,positive"
18593,"positive,positive"
18594,"positive,positive"
18595,"positive,positive"
18596,"neutral,neutral"
18597,"positive,positive"
18598,"negative,negative"
18599,"positive,positive"
18600,"positive,positive"
18601,"negative,negative"
18602,"neutral,neutral"
18603,"positive,positive"
18604,"positive,positive"
18605,"positive,positive"
18606,"negative,negative"
18607,"neutral,neutral"
18608,"negative,negative"
18609,"positive,positive"
18610,"negative,negative"
18611,"positive,positive"
18612,"negative,negative"
18613,"positive,positive"
18614,"positive,positive"
18615,"positive,positive"
18616,"neutral,neutral"
18617,"positive,positive"
18618,"positive,positive"
18619,"neutral,neutral"
18620,"negative,negative"
18621,"negative,negative"
18622,"negative,negative"
18623,"negative,negative"
18624,"neutral,neutral"
18625,"neutral,neutral"
18626,"negative,negative"
18627,"positive,positive"
18628,"positive,positive"
18629,"neutral,neutral"
18630,"positive,positive"
18631,"neutral,neutral"
18632,"positive,positive"
18633,"positive,positive"
18634,"positive,positive"
18635,"positive,positive"
18636,"neutral,neutral"
18637,"positive,positive"
18638,"neutral,neutral"
18639,"positive,positive"
18640,"positive,positive"
18641,"positive,positive"
18642,"negative,negative"
18643,"negative,negative"
18644,"positive,positive"
18645,"negative,negative"
18646,"negative,negative"
18647,"positive,positive"
18648,"positive,positive"
18649,"negative,negative"
18650,"negative,negative"
18651,"positive,positive"
18652,"positive,positive"
18653,"neutral,neutral"
18654,"positive,positive"
18655,"positive,positive"
18656,"neutral,neutral"
18657,"neutral,neutral"
18658,"neutral,neutral"
18659,"positive,positive"
18660,"negative,negative"
18661,"neutral,neutral"
18662,"neutral,neutral"
18663,"neutral,neutral"
18664,"positive,positive"
18665,"positive,positive"
18666,"positive,positive"
18667,"positive,positive"
18668,"negative,negative"
18669,"positive,positive"
18670,"positive,positive"
18671,"positive,positive"
18672,"negative,negative"
18673,"positive,positive"
18674,"positive,positive"
18675,"positive,positive"
18676,"neutral,neutral"
18677,"positive,positive"
18678,"positive,positive"
18679,"positive,positive"
18680,"neutral,neutral"
18681,"positive,positive"
18682,"neutral,neutral"
18683,"positive,positive"
18684,"positive,positive"
18685,"positive,positive"
18686,"positive,positive"
18687,"neutral,neutral"
18688,"positive,positive"
18689,"negative,negative"
18690,"neutral,neutral"
18691,"positive,positive"
18692,"positive,positive"
18693,"positive,positive"
18694,"positive,positive"
18695,"neutral,neutral"
18696,"positive,positive"
18697,"positive,positive"
18698,"positive,positive"
18699,"positive,positive"
18700,"positive,positive"
18701,"positive,positive"
18702,"positive,positive"
18703,"negative,negative"
18704,"neutral,neutral"
18705,"positive,positive"
18706,"negative,negative"
18707,"neutral,neutral"
18708,"neutral,neutral"
18709,"positive,positive"
18710,"positive,positive"
18711,"positive,positive"
18712,"neutral,neutral"
18713,"neutral,neutral"
18714,"neutral,neutral"
18715,"positive,positive"
18716,"positive,positive"
18717,"positive,positive"
18718,"neutral,neutral"
18719,"positive,positive"
18720,"neutral,neutral"
18721,"neutral,neutral"
18722,"negative,negative"
18723,"neutral,neutral"
18724,"neutral,neutral"
18725,"positive,positive"
18726,"neutral,neutral"
18727,"positive,positive"
18728,"neutral,neutral"
18729,"positive,positive"
18730,"positive,positive"
18731,"positive,positive"
18732,"positive,positive"
18733,"neutral,neutral"
18734,"negative,negative"
18735,"positive,positive"
18736,"neutral,neutral"
18737,"negative,negative"
18738,"neutral,neutral"
18739,"positive,positive"
18740,"positive,positive"
18741,"neutral,neutral"
18742,"neutral,neutral"
18743,"negative,negative"
18744,"neutral,neutral"
18745,"negative,negative"
18746,"positive,positive"
18747,"negative,negative"
18748,"negative,negative"
18749,"neutral,neutral"
18750,"neutral,neutral"
18751,"neutral,neutral"
18752,"positive,positive"
18753,"positive,positive"
18754,"positive,positive"
18755,"neutral,neutral"
18756,"neutral,neutral"
18757,"positive,positive"
18758,"positive,positive"
18759,"positive,positive"
18760,"neutral,neutral"
18761,"neutral,neutral"
18762,"positive,positive"
18763,"positive,positive"
18764,"neutral,neutral"
18765,"neutral,neutral"
18766,"negative,negative"
18767,"positive,positive"
18768,"positive,positive"
18769,"negative,negative"
18770,"positive,positive"
18771,"positive,positive"
18772,"positive,positive"
18773,"positive,positive"
18774,"negative,negative"
18775,"negative,negative"
18776,"negative,negative"
18777,"neutral,neutral"
18778,"negative,negative"
18779,"positive,positive"
18780,"neutral,neutral"
18781,"positive,positive"
18782,"neutral,neutral"
18783,"positive,positive"
18784,"neutral,neutral"
18785,"positive,positive"
18786,"neutral,neutral"
18787,"negative,negative"
18788,"positive,positive"
18789,"neutral,neutral"
18790,"positive,positive"
18791,"positive,positive"
18792,"positive,positive"
18793,"neutral,neutral"
18794,"positive,positive"
18795,"neutral,neutral"
18796,"positive,positive"
18797,"positive,positive"
18798,"positive,positive"
18799,"neutral,neutral"
18800,"negative,negative"
18801,"negative,negative"
18802,"neutral,neutral"
18803,"neutral,neutral"
18804,"negative,negative"
18805,"negative,negative"
18806,"positive,positive"
18807,"positive,positive"
18808,"positive,positive"
18809,"negative,negative"
18810,"neutral,neutral"
18811,"positive,positive"
18812,"positive,positive"
18813,"negative,negative"
18814,"positive,positive"
18815,"positive,positive"
18816,"positive,positive"
18817,"positive,positive"
18818,"neutral,neutral"
18819,"positive,positive"
18820,"neutral,neutral"
18821,"positive,positive"
18822,"negative,negative"
18823,"neutral,neutral"
18824,"positive,positive"
18825,"neutral,neutral"
18826,"positive,positive"
18827,"negative,negative"
18828,"neutral,neutral"
18829,"negative,negative"
18830,"positive,positive"
18831,"positive,positive"
18832,"positive,positive"
18833,"neutral,neutral"
18834,"neutral,neutral"
18835,"positive,positive"
18836,"positive,positive"
18837,"neutral,neutral"
18838,"positive,positive"
18839,"neutral,neutral"
18840,"positive,positive"
18841,"positive,positive"
18842,"neutral,neutral"
18843,"neutral,neutral"
18844,"negative,negative"
18845,"positive,positive"
18846,"positive,positive"
18847,"positive,positive"
18848,"neutral,neutral"
18849,"positive,positive"
18850,"positive,positive"
18851,"positive,positive"
18852,"neutral,neutral"
18853,"positive,positive"
18854,"negative,negative"
18855,"positive,positive"
18856,"negative,negative"
18857,"negative,negative"
18858,"negative,negative"
18859,"neutral,neutral"
18860,"positive,positive"
18861,"negative,negative"
18862,"positive,positive"
18863,"positive,positive"
18864,"negative,negative"
18865,"negative,negative"
18866,"positive,positive"
18867,"positive,positive"
18868,"neutral,neutral"
18869,"neutral,neutral"
18870,"neutral,neutral"
18871,"positive,positive"
18872,"positive,positive"
18873,"negative,negative"
18874,"neutral,neutral"
18875,"positive,positive"
18876,"negative,negative"
18877,"neutral,neutral"
18878,"positive,positive"
18879,"neutral,neutral"
18880,"negative,negative"
18881,"positive,positive"
18882,"positive,positive"
18883,"positive,positive"
18884,"neutral,neutral"
18885,"negative,negative"
18886,"negative,negative"
18887,"positive,positive"
18888,"negative,negative"
18889,"positive,positive"
18890,"neutral,neutral"
18891,"positive,positive"
18892,"negative,negative"
18893,"negative,negative"
18894,"positive,positive"
18895,"positive,positive"
18896,"neutral,neutral"
18897,"neutral,neutral"
18898,"positive,positive"
18899,"negative,negative"
18900,"positive,positive"
18901,"neutral,neutral"
18902,"positive,positive"
18903,"positive,positive"
18904,"positive,positive"
18905,"positive,positive"
18906,"neutral,neutral"
18907,"positive,positive"
18908,"neutral,neutral"
18909,"positive,positive"
18910,"positive,positive"
18911,"positive,positive"
18912,"positive,positive"
18913,"positive,positive"
18914,"negative,negative"
18915,"neutral,neutral"
18916,"positive,positive"
18917,"positive,positive"
18918,"neutral,neutral"
18919,"negative,negative"
18920,"positive,positive"
18921,"positive,positive"
18922,"negative,negative"
18923,"positive,positive"
18924,"positive,positive"
18925,"positive,positive"
18926,"positive,positive"
18927,"positive,positive"
18928,"positive,positive"
18929,"positive,positive"
18930,"positive,positive"
18931,"neutral,neutral"
18932,"neutral,neutral"
18933,"positive,positive"
18934,"positive,positive"
18935,"positive,positive"
18936,"neutral,neutral"
18937,"neutral,neutral"
18938,"positive,positive"
18939,"positive,positive"
18940,"neutral,neutral"
18941,"positive,positive"
18942,"negative,negative"
18943,"neutral,neutral"
18944,"positive,positive"
18945,"positive,positive"
18946,"positive,positive"
18947,"neutral,neutral"
18948,"neutral,neutral"
18949,"neutral,neutral"
18950,"negative,negative"
18951,"positive,positive"
18952,"neutral,neutral"
18953,"negative,negative"
18954,"positive,positive"
18955,"positive,positive"
18956,"positive,positive"
18957,"positive,positive"
18958,"positive,positive"
18959,"positive,positive"
18960,"neutral,neutral"
18961,"neutral,neutral"
18962,"neutral,neutral"
18963,"positive,positive"
18964,"positive,positive"
18965,"neutral,neutral"
18966,"positive,positive"
18967,"positive,positive"
18968,"neutral,neutral"
18969,"neutral,neutral"
18970,"negative,negative"
18971,"neutral,neutral"
18972,"neutral,neutral"
18973,"neutral,neutral"
18974,"positive,positive"
18975,"negative,negative"
18976,"negative,negative"
18977,"neutral,neutral"
18978,"neutral,neutral"
18979,"positive,positive"
18980,"positive,positive"
18981,"positive,positive"
18982,"negative,negative"
18983,"positive,positive"
18984,"neutral,neutral"
18985,"positive,positive"
18986,"positive,positive"
18987,"positive,positive"
18988,"positive,positive"
18989,"neutral,neutral"
18990,"positive,positive"
18991,"positive,positive"
18992,"positive,positive"
18993,"positive,positive"
18994,"neutral,neutral"
18995,"neutral,neutral"
18996,"positive,positive"
18997,"neutral,neutral"
18998,"positive,positive"
18999,"positive,positive"
19000,"positive,positive"
19001,"positive,positive"
19002,"positive,positive"
19003,"negative,negative"
19004,"negative,negative"
19005,"negative,negative"
19006,"positive,positive"
19007,"negative,negative"
19008,"positive,positive"
19009,"negative,negative"
19010,"positive,positive"
19011,"neutral,neutral"
19012,"positive,positive"
19013,"neutral,neutral"
19014,"positive,positive"
19015,"neutral,neutral"
19016,"positive,positive"
19017,"positive,positive"
19018,"negative,negative"
19019,"neutral,neutral"
19020,"positive,positive"
19021,"negative,negative"
19022,"positive,positive"
19023,"neutral,neutral"
19024,"positive,positive"
19025,"negative,negative"
19026,"negative,negative"
19027,"positive,positive"
19028,"neutral,neutral"
19029,"positive,positive"
19030,"positive,positive"
19031,"positive,positive"
19032,"positive,positive"
19033,"neutral,neutral"
19034,"positive,positive"
19035,"positive,positive"
19036,"neutral,neutral"
19037,"positive,positive"
19038,"positive,positive"
19039,"negative,negative"
19040,"neutral,neutral"
19041,"positive,positive"
19042,"neutral,neutral"
19043,"positive,positive"
19044,"neutral,neutral"
19045,"positive,positive"
19046,"positive,positive"
19047,"negative,negative"
19048,"positive,positive"
19049,"positive,positive"
19050,"neutral,neutral"
19051,"neutral,neutral"
19052,"positive,positive"
19053,"positive,positive"
19054,"positive,positive"
19055,"negative,negative"
19056,"neutral,neutral"
19057,"negative,negative"
19058,"neutral,neutral"
19059,"neutral,neutral"
19060,"neutral,neutral"
19061,"positive,positive"
19062,"negative,negative"
19063,"positive,positive"
19064,"negative,negative"
19065,"positive,positive"
19066,"neutral,neutral"
19067,"positive,positive"
19068,"positive,positive"
19069,"negative,negative"
19070,"negative,negative"
19071,"neutral,neutral"
19072,"positive,positive"
19073,"neutral,neutral"
19074,"neutral,neutral"
19075,"positive,positive"
19076,"positive,positive"
19077,"positive,positive"
19078,"neutral,neutral"
19079,"positive,positive"
19080,"positive,positive"
19081,"positive,positive"
19082,"neutral,neutral"
19083,"positive,positive"
19084,"positive,positive"
19085,"positive,positive"
19086,"negative,negative"
19087,"positive,positive"
19088,"positive,positive"
19089,"negative,negative"
19090,"positive,positive"
19091,"positive,positive"
19092,"positive,positive"
19093,"negative,negative"
19094,"neutral,neutral"
19095,"negative,negative"
19096,"positive,positive"
19097,"negative,negative"
19098,"positive,positive"
19099,"neutral,neutral"
19100,"positive,positive"
19101,"positive,positive"
19102,"positive,positive"
19103,"positive,positive"
19104,"negative,negative"
19105,"positive,positive"
19106,"negative,negative"
19107,"positive,positive"
19108,"positive,positive"
19109,"positive,positive"
19110,"positive,positive"
19111,"positive,positive"
19112,"positive,positive"
19113,"positive,positive"
19114,"positive,positive"
19115,"positive,positive"
19116,"negative,negative"
19117,"positive,positive"
19118,"positive,positive"
19119,"neutral,neutral"
19120,"positive,positive"
19121,"positive,positive"
19122,"neutral,neutral"
19123,"positive,positive"
19124,"neutral,neutral"
19125,"negative,negative"
19126,"positive,positive"
19127,"negative,negative"
19128,"neutral,neutral"
19129,"positive,positive"
19130,"positive,positive"
19131,"negative,negative"
19132,"positive,positive"
19133,"positive,positive"
19134,"neutral,neutral"
19135,"positive,positive"
19136,"negative,negative"
19137,"positive,positive"
19138,"positive,positive"
19139,"negative,negative"
19140,"positive,positive"
19141,"positive,positive"
19142,"positive,positive"
19143,"neutral,neutral"
19144,"positive,positive"
19145,"positive,positive"
19146,"positive,positive"
19147,"neutral,neutral"
19148,"positive,positive"
19149,"negative,negative"
19150,"neutral,neutral"
19151,"neutral,neutral"
19152,"negative,negative"
19153,"neutral,neutral"
19154,"positive,positive"
19155,"neutral,neutral"
19156,"positive,positive"
19157,"positive,positive"
19158,"neutral,neutral"
19159,"positive,positive"
19160,"neutral,neutral"
19161,"positive,positive"
19162,"positive,positive"
19163,"neutral,neutral"
19164,"positive,positive"
19165,"positive,positive"
19166,"positive,positive"
19167,"neutral,neutral"
19168,"positive,positive"
19169,"positive,positive"
19170,"positive,positive"
19171,"negative,negative"
19172,"positive,positive"
19173,"positive,positive"
19174,"positive,positive"
19175,"positive,positive"
19176,"neutral,neutral"
19177,"negative,negative"
19178,"positive,positive"
19179,"positive,positive"
19180,"negative,negative"
19181,"neutral,neutral"
19182,"positive,positive"
19183,"neutral,neutral"
19184,"neutral,neutral"
19185,"positive,positive"
19186,"neutral,neutral"
19187,"negative,negative"
19188,"positive,positive"
19189,"neutral,neutral"
19190,"positive,positive"
19191,"neutral,neutral"
19192,"positive,positive"
19193,"neutral,neutral"
19194,"positive,positive"
19195,"positive,positive"
19196,"neutral,neutral"
19197,"neutral,neutral"
19198,"negative,negative"
19199,"positive,positive"
19200,"neutral,neutral"
19201,"neutral,neutral"
19202,"positive,positive"
19203,"positive,positive"
19204,"neutral,neutral"
19205,"neutral,neutral"
19206,"negative,negative"
19207,"neutral,neutral"
19208,"neutral,neutral"
19209,"positive,positive"
19210,"positive,positive"
19211,"positive,positive"
19212,"negative,negative"
19213,"neutral,neutral"
19214,"negative,negative"
19215,"negative,negative"
19216,"neutral,neutral"
19217,"positive,positive"
19218,"positive,positive"
19219,"positive,positive"
19220,"positive,positive"
19221,"neutral,neutral"
19222,"positive,positive"
19223,"neutral,neutral"
19224,"negative,negative"
19225,"negative,negative"
19226,"positive,positive"
19227,"negative,negative"
19228,"positive,positive"
19229,"positive,positive"
19230,"neutral,neutral"
19231,"positive,positive"
19232,"negative,negative"
19233,"positive,positive"
19234,"positive,positive"
19235,"neutral,neutral"
19236,"negative,negative"
19237,"negative,negative"
19238,"neutral,neutral"
19239,"positive,positive"
19240,"positive,positive"
19241,"positive,positive"
19242,"negative,negative"
19243,"positive,positive"
19244,"positive,positive"
19245,"positive,positive"
19246,"positive,positive"
19247,"positive,positive"
19248,"neutral,neutral"
19249,"negative,negative"
19250,"positive,positive"
19251,"neutral,neutral"
19252,"negative,negative"
19253,"neutral,neutral"
19254,"neutral,neutral"
19255,"positive,positive"
19256,"neutral,neutral"
19257,"neutral,neutral"
19258,"negative,negative"
19259,"neutral,neutral"
19260,"neutral,neutral"
19261,"negative,negative"
19262,"positive,positive"
19263,"neutral,neutral"
19264,"positive,positive"
19265,"negative,negative"
19266,"positive,positive"
19267,"positive,positive"
19268,"positive,positive"
19269,"positive,positive"
19270,"positive,positive"
19271,"positive,positive"
19272,"positive,positive"
19273,"positive,positive"
19274,"positive,positive"
19275,"positive,positive"
19276,"negative,negative"
19277,"positive,positive"
19278,"negative,negative"
19279,"neutral,neutral"
19280,"positive,positive"
19281,"positive,positive"
19282,"neutral,neutral"
19283,"negative,negative"
19284,"positive,positive"
19285,"neutral,neutral"
19286,"negative,negative"
19287,"negative,negative"
19288,"negative,negative"
19289,"negative,negative"
19290,"positive,positive"
19291,"negative,negative"
19292,"negative,negative"
19293,"positive,positive"
19294,"positive,positive"
19295,"neutral,neutral"
19296,"positive,positive"
19297,"negative,negative"
19298,"positive,positive"
19299,"negative,negative"
19300,"negative,negative"
19301,"positive,positive"
19302,"positive,positive"
19303,"negative,negative"
19304,"negative,negative"
19305,"positive,positive"
19306,"positive,positive"
19307,"positive,positive"
19308,"positive,positive"
19309,"positive,positive"
19310,"positive,positive"
19311,"negative,negative"
19312,"positive,positive"
19313,"neutral,neutral"
19314,"positive,positive"
19315,"neutral,neutral"
19316,"positive,positive"
19317,"positive,positive"
19318,"negative,negative"
19319,"negative,negative"
19320,"positive,positive"
19321,"positive,positive"
19322,"neutral,neutral"
19323,"neutral,neutral"
19324,"positive,positive"
19325,"negative,negative"
19326,"positive,positive"
19327,"positive,positive"
19328,"positive,positive"
19329,"neutral,neutral"
19330,"negative,negative"
19331,"negative,negative"
19332,"positive,positive"
19333,"negative,negative"
19334,"positive,positive"
19335,"neutral,neutral"
19336,"positive,positive"
19337,"neutral,neutral"
19338,"negative,negative"
19339,"negative,negative"
19340,"neutral,neutral"
19341,"neutral,neutral"
19342,"positive,positive"
19343,"positive,positive"
19344,"positive,positive"
19345,"positive,positive"
19346,"positive,positive"
19347,"positive,positive"
19348,"negative,negative"
19349,"positive,positive"
19350,"negative,negative"
19351,"positive,positive"
19352,"neutral,neutral"
19353,"positive,positive"
19354,"negative,negative"
19355,"negative,negative"
19356,"positive,positive"
19357,"positive,positive"
19358,"positive,positive"
19359,"positive,positive"
19360,"neutral,neutral"
19361,"positive,positive"
19362,"positive,positive"
19363,"positive,positive"
19364,"negative,negative"
19365,"positive,positive"
19366,"neutral,neutral"
19367,"neutral,neutral"
19368,"negative,negative"
19369,"positive,positive"
19370,"neutral,neutral"
19371,"neutral,neutral"
19372,"negative,negative"
19373,"positive,positive"
19374,"positive,positive"
19375,"negative,negative"
19376,"positive,positive"
19377,"positive,positive"
19378,"neutral,neutral"
19379,"negative,negative"
19380,"positive,positive"
19381,"positive,positive"
19382,"positive,positive"
19383,"neutral,neutral"
19384,"neutral,neutral"
19385,"positive,positive"
19386,"positive,positive"
19387,"neutral,neutral"
19388,"neutral,neutral"
19389,"negative,negative"
19390,"negative,negative"
19391,"positive,positive"
19392,"neutral,neutral"
19393,"positive,positive"
19394,"positive,positive"
19395,"positive,positive"
19396,"positive,positive"
19397,"positive,positive"
19398,"neutral,neutral"
19399,"positive,positive"
19400,"neutral,neutral"
19401,"positive,positive"
19402,"negative,negative"
19403,"positive,positive"
19404,"positive,positive"
19405,"negative,negative"
19406,"negative,negative"
19407,"neutral,neutral"
19408,"positive,positive"
19409,"negative,negative"
19410,"positive,positive"
19411,"negative,negative"
19412,"neutral,neutral"
19413,"positive,positive"
19414,"neutral,neutral"
19415,"neutral,neutral"
19416,"negative,negative"
19417,"positive,positive"
19418,"negative,negative"
19419,"positive,positive"
19420,"neutral,neutral"
19421,"positive,positive"
19422,"positive,positive"
19423,"positive,positive"
19424,"positive,positive"
19425,"positive,positive"
19426,"neutral,neutral"
19427,"neutral,neutral"
19428,"positive,positive"
19429,"negative,negative"
19430,"neutral,neutral"
19431,"neutral,neutral"
19432,"positive,positive"
19433,"positive,positive"
19434,"positive,positive"
19435,"neutral,neutral"
19436,"negative,negative"
19437,"positive,positive"
19438,"positive,positive"
19439,"negative,negative"
19440,"negative,negative"
19441,"positive,positive"
19442,"positive,positive"
19443,"neutral,neutral"
19444,"neutral,neutral"
19445,"positive,positive"
19446,"negative,negative"
19447,"positive,positive"
19448,"neutral,neutral"
19449,"neutral,neutral"
19450,"neutral,neutral"
19451,"neutral,neutral"
19452,"positive,positive"
19453,"positive,positive"
19454,"positive,positive"
19455,"positive,positive"
19456,"negative,negative"
19457,"neutral,neutral"
19458,"neutral,neutral"
19459,"positive,positive"
19460,"neutral,neutral"
19461,"negative,negative"
19462,"neutral,neutral"
19463,"negative,negative"
19464,"neutral,neutral"
19465,"positive,positive"
19466,"positive,positive"
19467,"positive,positive"
19468,"neutral,neutral"
19469,"positive,positive"
19470,"positive,positive"
19471,"neutral,neutral"
19472,"positive,positive"
19473,"neutral,neutral"
19474,"positive,positive"
19475,"positive,positive"
19476,"positive,positive"
19477,"neutral,neutral"
19478,"neutral,neutral"
19479,"neutral,neutral"
19480,"positive,positive"
19481,"neutral,neutral"
19482,"neutral,neutral"
19483,"positive,positive"
19484,"neutral,neutral"
19485,"negative,negative"
19486,"neutral,neutral"
19487,"neutral,neutral"
19488,"positive,positive"
19489,"positive,positive"
19490,"positive,positive"
19491,"positive,positive"
19492,"positive,positive"
19493,"neutral,neutral"
19494,"positive,positive"
19495,"negative,negative"
19496,"negative,negative"
19497,"positive,positive"
19498,"positive,positive"
19499,"negative,negative"
19500,"positive,positive"
19501,"positive,positive"
19502,"neutral,neutral"
19503,"positive,positive"
19504,"neutral,neutral"
19505,"positive,positive"
19506,"positive,positive"
19507,"neutral,neutral"
19508,"positive,positive"
19509,"positive,positive"
19510,"negative,negative"
19511,"neutral,neutral"
19512,"neutral,neutral"
19513,"positive,positive"
19514,"positive,positive"
19515,"neutral,neutral"
19516,"positive,positive"
19517,"neutral,neutral"
19518,"positive,positive"
19519,"positive,positive"
19520,"positive,positive"
19521,"neutral,neutral"
19522,"positive,positive"
19523,"positive,positive"
19524,"neutral,neutral"
19525,"positive,positive"
19526,"positive,positive"
19527,"positive,positive"
19528,"negative,negative"
19529,"positive,positive"
19530,"neutral,neutral"
19531,"negative,negative"
19532,"positive,positive"
19533,"positive,positive"
19534,"negative,negative"
19535,"negative,negative"
19536,"positive,positive"
19537,"neutral,neutral"
19538,"neutral,neutral"
19539,"positive,positive"
19540,"positive,positive"
19541,"neutral,neutral"
19542,"positive,positive"
19543,"positive,positive"
19544,"positive,positive"
19545,"positive,positive"
19546,"positive,positive"
19547,"positive,positive"
19548,"negative,negative"
19549,"positive,positive"
19550,"neutral,neutral"
19551,"negative,negative"
19552,"neutral,neutral"
19553,"positive,positive"
19554,"positive,positive"
19555,"neutral,neutral"
