id,label
1,"positive,positive"
2,"positive,positive"
3,"positive,positive"
4,"positive,positive"
5,"positive,positive"
6,"positive,positive"
7,"positive,positive"
8,"positive,positive"
9,"positive,positive"
10,"negative,negative"
11,"positive,positive"
12,"positive,positive"
13,"positive,positive"
14,"positive,positive"
15,"positive,positive"
16,"positive,positive"
17,"positive,positive"
18,"positive,positive"
19,"negative,negative"
20,"positive,positive"
21,"positive,positive"
22,"negative,negative"
23,"positive,positive"
24,"neutral,neutral"
25,"neutral,neutral"
26,"neutral,neutral"
27,"neutral,neutral"
28,"positive,positive"
29,"positive,positive"
30,"negative,negative"
31,"positive,positive"
32,"positive,positive"
33,"neutral,neutral"
34,"positive,positive"
35,"positive,positive"
36,"positive,positive"
37,"positive,positive"
38,"neutral,neutral"
39,"positive,positive"
40,"negative,negative"
41,"positive,positive"
42,"positive,positive"
43,"positive,positive"
44,"positive,positive"
45,"neutral,neutral"
46,"positive,positive"
47,"positive,positive"
48,"positive,positive"
49,"positive,positive"
50,"negative,negative"
51,"positive,positive"
52,"positive,positive"
53,"negative,negative"
54,"neutral,neutral"
55,"positive,positive"
56,"positive,positive"
57,"positive,positive"
58,"positive,positive"
59,"positive,positive"
60,"positive,positive"
61,"positive,positive"
62,"negative,negative"
63,"positive,positive"
64,"positive,positive"
65,"positive,positive"
66,"positive,positive"
67,"negative,negative"
68,"positive,positive"
69,"positive,positive"
70,"negative,negative"
71,"neutral,neutral"
72,"positive,positive"
73,"negative,negative"
74,"positive,positive"
75,"positive,positive"
76,"positive,positive"
77,"positive,positive"
78,"negative,negative"
79,"positive,positive"
80,"positive,positive"
81,"positive,positive"
82,"positive,positive"
83,"neutral,neutral"
84,"positive,positive"
85,"negative,negative"
86,"positive,positive"
87,"positive,positive"
88,"positive,positive"
89,"positive,positive"
90,"negative,negative"
91,"positive,positive"
92,"positive,positive"
93,"positive,positive"
94,"negative,negative"
95,"positive,positive"
96,"positive,positive"
97,"positive,positive"
98,"positive,positive"
99,"positive,positive"
100,"positive,positive"
101,"neutral,neutral"
102,"neutral,neutral"
103,"neutral,neutral"
104,"positive,positive"
105,"neutral,neutral"
106,"positive,positive"
107,"negative,negative"
108,"positive,positive"
109,"positive,positive"
110,"positive,positive"
111,"positive,positive"
112,"positive,positive"
113,"neutral,neutral"
114,"neutral,neutral"
115,"negative,negative"
116,"negative,negative"
117,"positive,positive"
118,"positive,positive"
119,"positive,positive"
120,"positive,positive"
121,"positive,positive"
122,"positive,positive"
123,"positive,positive"
124,"positive,positive"
125,"positive,positive"
126,"positive,positive"
127,"negative,negative"
128,"negative,negative"
129,"positive,positive"
130,"positive,positive"
131,"negative,negative"
132,"positive,positive"
133,"neutral,neutral"
134,"positive,positive"
135,"positive,positive"
136,"positive,positive"
137,"neutral,neutral"
138,"positive,positive"
139,"neutral,neutral"
140,"positive,positive"
141,"positive,positive"
142,"positive,positive"
143,"neutral,neutral"
144,"positive,positive"
145,"positive,positive"
146,"positive,positive"
147,"positive,positive"
148,"negative,negative"
149,"positive,positive"
150,"neutral,neutral"
151,"positive,positive"
152,"positive,positive"
153,"negative,negative"
154,"negative,negative"
155,"positive,positive"
156,"positive,positive"
157,"positive,positive"
158,"negative,negative"
159,"neutral,neutral"
160,"positive,positive"
161,"positive,positive"
162,"positive,positive"
163,"negative,negative"
164,"positive,positive"
165,"positive,positive"
166,"positive,positive"
167,"positive,positive"
168,"positive,positive"
169,"positive,positive"
170,"positive,positive"
171,"positive,positive"
172,"positive,positive"
173,"negative,negative"
174,"neutral,neutral"
175,"neutral,neutral"
176,"positive,positive"
177,"positive,positive"
178,"neutral,neutral"
179,"positive,positive"
180,"negative,negative"
181,"positive,positive"
182,"negative,negative"
183,"negative,negative"
184,"negative,negative"
185,"positive,positive"
186,"positive,positive"
187,"positive,positive"
188,"negative,negative"
189,"negative,negative"
190,"negative,negative"
191,"positive,positive"
192,"neutral,neutral"
193,"positive,positive"
194,"negative,negative"
195,"negative,negative"
196,"negative,negative"
197,"negative,negative"
198,"negative,negative"
199,"positive,positive"
200,"negative,negative"
201,"positive,positive"
202,"positive,positive"
203,"neutral,neutral"
204,"positive,positive"
205,"positive,positive"
206,"positive,positive"
207,"positive,positive"
208,"positive,positive"
209,"positive,positive"
210,"positive,positive"
211,"neutral,neutral"
212,"positive,positive"
213,"positive,positive"
214,"positive,positive"
215,"positive,positive"
216,"positive,positive"
217,"positive,positive"
218,"positive,positive"
219,"positive,positive"
220,"positive,positive"
221,"positive,positive"
222,"positive,positive"
223,"positive,positive"
224,"negative,negative"
225,"positive,positive"
226,"negative,negative"
227,"positive,positive"
228,"positive,positive"
229,"positive,positive"
230,"positive,positive"
231,"positive,positive"
232,"neutral,neutral"
233,"positive,positive"
234,"neutral,neutral"
235,"negative,negative"
236,"positive,positive"
237,"negative,negative"
238,"negative,negative"
239,"negative,negative"
240,"positive,positive"
241,"positive,positive"
242,"negative,negative"
243,"negative,negative"
244,"negative,negative"
245,"positive,positive"
246,"positive,positive"
247,"negative,negative"
248,"positive,positive"
249,"negative,negative"
250,"positive,positive"
251,"positive,positive"
252,"negative,negative"
253,"positive,positive"
254,"positive,positive"
255,"positive,positive"
256,"positive,positive"
257,"neutral,neutral"
258,"positive,positive"
259,"positive,positive"
260,"negative,negative"
261,"negative,negative"
262,"positive,positive"
263,"positive,positive"
264,"positive,positive"
265,"positive,positive"
266,"positive,positive"
267,"positive,positive"
268,"negative,negative"
269,"positive,positive"
270,"positive,positive"
271,"positive,positive"
272,"positive,positive"
273,"negative,negative"
274,"positive,positive"
275,"positive,positive"
276,"positive,positive"
277,"positive,positive"
278,"positive,positive"
279,"positive,positive"
280,"positive,positive"
281,"positive,positive"
282,"positive,positive"
283,"positive,positive"
284,"negative,negative"
285,"positive,positive"
286,"positive,positive"
287,"positive,positive"
288,"negative,negative"
289,"positive,positive"
290,"positive,positive"
291,"positive,positive"
292,"positive,positive"
293,"positive,positive"
294,"positive,positive"
295,"positive,positive"
296,"positive,positive"
297,"negative,negative"
298,"negative,negative"
299,"positive,positive"
300,"positive,positive"
301,"negative,negative"
302,"negative,negative"
303,"negative,negative"
304,"positive,positive"
305,"positive,positive"
306,"negative,negative"
307,"positive,positive"
308,"positive,positive"
309,"negative,negative"
310,"positive,positive"
311,"positive,positive"
312,"neutral,neutral"
313,"negative,negative"
314,"negative,negative"
315,"negative,negative"
316,"neutral,neutral"
317,"positive,positive"
318,"positive,positive"
319,"positive,positive"
320,"positive,positive"
321,"neutral,neutral"
322,"positive,positive"
323,"positive,positive"
324,"positive,positive"
325,"negative,negative"
326,"negative,negative"
327,"negative,negative"
328,"negative,negative"
329,"negative,negative"
330,"positive,positive"
331,"positive,positive"
332,"positive,positive"
333,"negative,negative"
334,"positive,positive"
335,"neutral,neutral"
336,"positive,positive"
337,"neutral,neutral"
338,"positive,positive"
339,"positive,positive"
340,"negative,negative"
341,"positive,positive"
342,"negative,negative"
343,"positive,positive"
344,"positive,positive"
345,"negative,negative"
346,"positive,positive"
347,"positive,positive"
348,"negative,negative"
349,"negative,negative"
350,"positive,positive"
351,"neutral,neutral"
352,"negative,negative"
353,"negative,negative"
354,"negative,negative"
355,"positive,positive"
356,"negative,negative"
357,"positive,positive"
358,"negative,negative"
359,"negative,negative"
360,"negative,negative"
361,"negative,negative"
362,"negative,negative"
363,"negative,negative"
364,"negative,negative"
365,"positive,positive"
366,"positive,positive"
367,"positive,positive"
368,"neutral,neutral"
369,"negative,negative"
370,"positive,positive"
371,"negative,negative"
372,"positive,positive"
373,"negative,negative"
374,"positive,positive"
375,"neutral,neutral"
376,"positive,positive"
377,"positive,positive"
378,"positive,positive"
379,"positive,positive"
380,"positive,positive"
381,"positive,positive"
382,"positive,positive"
383,"negative,negative"
384,"positive,positive"
385,"positive,positive"
386,"negative,negative"
387,"positive,positive"
388,"positive,positive"
389,"negative,negative"
390,"positive,positive"
391,"neutral,neutral"
392,"negative,negative"
393,"neutral,neutral"
394,"positive,positive"
395,"neutral,neutral"
396,"positive,positive"
397,"negative,negative"
398,"positive,positive"
399,"positive,positive"
400,"neutral,neutral"
401,"positive,positive"
402,"positive,positive"
403,"neutral,neutral"
404,"neutral,neutral"
405,"positive,positive"
406,"positive,positive"
407,"positive,positive"
408,"positive,positive"
409,"negative,negative"
410,"positive,positive"
411,"positive,positive"
412,"positive,positive"
413,"positive,positive"
414,"negative,negative"
415,"neutral,neutral"
416,"negative,negative"
417,"negative,negative"
418,"negative,negative"
419,"negative,negative"
420,"positive,positive"
421,"positive,positive"
422,"negative,negative"
423,"negative,negative"
424,"negative,negative"
425,"negative,negative"
426,"positive,positive"
427,"positive,positive"
428,"positive,positive"
429,"positive,positive"
430,"positive,positive"
431,"positive,positive"
432,"positive,positive"
433,"negative,negative"
434,"positive,positive"
435,"positive,positive"
436,"positive,positive"
437,"positive,positive"
438,"positive,positive"
439,"negative,negative"
440,"positive,positive"
441,"positive,positive"
442,"positive,positive"
443,"neutral,neutral"
444,"negative,negative"
445,"negative,negative"
446,"negative,negative"
447,"positive,positive"
448,"negative,negative"
449,"positive,positive"
450,"positive,positive"
451,"positive,positive"
452,"positive,positive"
453,"positive,positive"
454,"positive,positive"
455,"positive,positive"
456,"positive,positive"
457,"positive,positive"
458,"positive,positive"
459,"positive,positive"
460,"positive,positive"
461,"neutral,neutral"
462,"positive,positive"
463,"positive,positive"
464,"neutral,neutral"
465,"positive,positive"
466,"positive,positive"
467,"positive,positive"
468,"positive,positive"
469,"positive,positive"
470,"neutral,neutral"
471,"positive,positive"
472,"positive,positive"
473,"positive,positive"
474,"positive,positive"
475,"neutral,neutral"
476,"positive,positive"
477,"positive,positive"
478,"positive,positive"
479,"positive,positive"
480,"positive,positive"
481,"positive,positive"
482,"positive,positive"
483,"positive,positive"
484,"neutral,neutral"
485,"negative,negative"
486,"positive,positive"
487,"neutral,neutral"
488,"positive,positive"
489,"positive,positive"
490,"positive,positive"
491,"positive,positive"
492,"positive,positive"
493,"positive,positive"
494,"negative,negative"
495,"positive,positive"
496,"positive,positive"
497,"negative,negative"
498,"negative,negative"
499,"positive,positive"
500,"positive,positive"
501,"neutral,neutral"
502,"positive,positive"
503,"positive,positive"
504,"negative,negative"
505,"negative,negative"
506,"neutral,neutral"
507,"positive,positive"
508,"positive,positive"
509,"positive,positive"
510,"positive,positive"
511,"positive,positive"
512,"negative,negative"
513,"negative,negative"
514,"positive,positive"
515,"positive,positive"
516,"positive,positive"
517,"positive,positive"
518,"positive,positive"
519,"positive,positive"
520,"negative,negative"
521,"negative,negative"
522,"positive,positive"
523,"positive,positive"
524,"positive,positive"
525,"positive,positive"
526,"positive,positive"
527,"negative,negative"
528,"negative,negative"
529,"positive,positive"
530,"positive,positive"
531,"positive,positive"
532,"positive,positive"
533,"neutral,neutral"
534,"neutral,neutral"
535,"neutral,neutral"
536,"positive,positive"
537,"positive,positive"
538,"positive,positive"
539,"neutral,neutral"
540,"neutral,neutral"
541,"neutral,neutral"
542,"negative,negative"
543,"positive,positive"
544,"neutral,neutral"
545,"positive,positive"
546,"negative,negative"
547,"positive,positive"
548,"negative,negative"
549,"negative,negative"
550,"positive,positive"
551,"positive,positive"
552,"positive,positive"
553,"negative,negative"
554,"positive,positive"
555,"positive,positive"
556,"positive,positive"
557,"negative,negative"
558,"positive,positive"
559,"negative,negative"
560,"neutral,neutral"
561,"positive,positive"
562,"positive,positive"
563,"positive,positive"
564,"positive,positive"
565,"neutral,neutral"
566,"positive,positive"
567,"positive,positive"
568,"neutral,neutral"
569,"neutral,neutral"
570,"positive,positive"
571,"positive,positive"
572,"neutral,neutral"
573,"positive,positive"
574,"neutral,neutral"
575,"positive,positive"
576,"negative,negative"
577,"neutral,neutral"
578,"negative,negative"
579,"positive,positive"
580,"negative,negative"
581,"negative,negative"
582,"positive,positive"
583,"positive,positive"
584,"negative,negative"
585,"neutral,neutral"
586,"positive,positive"
587,"negative,negative"
588,"negative,negative"
589,"positive,positive"
590,"positive,positive"
591,"positive,positive"
592,"positive,positive"
593,"positive,positive"
594,"neutral,neutral"
595,"positive,positive"
596,"positive,positive"
597,"positive,positive"
598,"positive,positive"
599,"positive,positive"
600,"positive,positive"
601,"negative,negative"
602,"negative,negative"
603,"positive,positive"
604,"positive,positive"
605,"positive,positive"
606,"negative,negative"
607,"positive,positive"
608,"positive,positive"
609,"negative,negative"
610,"positive,positive"
611,"positive,positive"
612,"negative,negative"
613,"negative,negative"
614,"neutral,neutral"
615,"negative,negative"
616,"negative,negative"
617,"positive,positive"
618,"positive,positive"
619,"negative,negative"
620,"positive,positive"
621,"neutral,neutral"
622,"positive,positive"
623,"negative,negative"
624,"positive,positive"
625,"positive,positive"
626,"positive,positive"
627,"positive,positive"
628,"negative,negative"
629,"positive,positive"
630,"negative,negative"
631,"positive,positive"
632,"negative,negative"
633,"negative,negative"
634,"positive,positive"
635,"positive,positive"
636,"neutral,neutral"
637,"positive,positive"
638,"positive,positive"
639,"positive,positive"
640,"negative,negative"
641,"positive,positive"
642,"negative,negative"
643,"negative,negative"
644,"negative,negative"
645,"positive,positive"
646,"negative,negative"
647,"positive,positive"
648,"positive,positive"
649,"positive,positive"
650,"positive,positive"
651,"neutral,neutral"
652,"positive,positive"
653,"positive,positive"
654,"positive,positive"
655,"positive,positive"
656,"positive,positive"
657,"positive,positive"
658,"positive,positive"
659,"positive,positive"
660,"positive,positive"
661,"neutral,neutral"
662,"negative,negative"
663,"neutral,neutral"
664,"positive,positive"
665,"positive,positive"
666,"negative,negative"
667,"positive,positive"
668,"positive,positive"
669,"positive,positive"
670,"negative,negative"
671,"positive,positive"
672,"positive,positive"
673,"negative,negative"
674,"negative,negative"
675,"negative,negative"
676,"positive,positive"
677,"positive,positive"
678,"positive,positive"
679,"positive,positive"
680,"positive,positive"
681,"positive,positive"
682,"positive,positive"
683,"positive,positive"
684,"positive,positive"
685,"positive,positive"
686,"positive,positive"
687,"positive,positive"
688,"positive,positive"
689,"positive,positive"
690,"negative,negative"
691,"negative,negative"
692,"positive,positive"
693,"neutral,neutral"
694,"neutral,neutral"
695,"positive,positive"
696,"neutral,neutral"
697,"positive,positive"
698,"positive,positive"
699,"positive,positive"
700,"positive,positive"
701,"neutral,neutral"
702,"positive,positive"
703,"positive,positive"
704,"positive,positive"
705,"positive,positive"
706,"positive,positive"
707,"positive,positive"
708,"negative,negative"
709,"positive,positive"
710,"positive,positive"
711,"positive,positive"
712,"positive,positive"
713,"positive,positive"
714,"positive,positive"
715,"negative,negative"
716,"neutral,neutral"
717,"neutral,neutral"
718,"positive,positive"
719,"negative,negative"
720,"negative,negative"
721,"negative,negative"
722,"positive,positive"
723,"negative,negative"
724,"positive,positive"
725,"neutral,neutral"
726,"positive,positive"
727,"positive,positive"
728,"positive,positive"
729,"positive,positive"
730,"positive,positive"
731,"neutral,neutral"
732,"neutral,neutral"
733,"positive,positive"
734,"positive,positive"
735,"positive,positive"
736,"positive,positive"
737,"positive,positive"
738,"positive,positive"
739,"negative,negative"
740,"positive,positive"
741,"positive,positive"
742,"negative,negative"
743,"positive,positive"
744,"positive,positive"
745,"negative,negative"
746,"positive,positive"
747,"positive,positive"
748,"positive,positive"
749,"positive,positive"
750,"positive,positive"
751,"positive,positive"
752,"positive,positive"
753,"positive,positive"
754,"positive,positive"
755,"negative,negative"
756,"negative,negative"
757,"positive,positive"
758,"positive,positive"
759,"positive,positive"
760,"positive,positive"
761,"positive,positive"
762,"neutral,neutral"
763,"negative,negative"
764,"positive,positive"
765,"neutral,neutral"
766,"positive,positive"
767,"negative,negative"
768,"positive,positive"
769,"negative,negative"
770,"positive,positive"
771,"positive,positive"
772,"positive,positive"
773,"negative,negative"
774,"negative,negative"
775,"negative,negative"
776,"positive,positive"
777,"positive,positive"
778,"positive,positive"
779,"positive,positive"
780,"positive,positive"
781,"positive,positive"
782,"positive,positive"
783,"neutral,neutral"
784,"neutral,neutral"
785,"positive,positive"
786,"positive,positive"
787,"positive,positive"
788,"positive,positive"
789,"positive,positive"
790,"negative,negative"
791,"positive,positive"
792,"negative,negative"
793,"neutral,neutral"
794,"positive,positive"
795,"positive,positive"
796,"positive,positive"
797,"negative,negative"
798,"positive,positive"
799,"neutral,neutral"
800,"positive,positive"
801,"neutral,neutral"
802,"negative,negative"
803,"negative,negative"
804,"neutral,neutral"
805,"negative,negative"
806,"neutral,neutral"
807,"negative,negative"
808,"positive,positive"
809,"negative,negative"
810,"negative,negative"
811,"positive,positive"
812,"negative,negative"
813,"positive,positive"
814,"positive,positive"
815,"negative,negative"
816,"negative,negative"
817,"negative,negative"
818,"negative,negative"
819,"negative,negative"
820,"positive,positive"
821,"negative,negative"
822,"positive,positive"
823,"positive,positive"
824,"positive,positive"
825,"positive,positive"
826,"positive,positive"
827,"positive,positive"
828,"positive,positive"
829,"positive,positive"
830,"positive,positive"
831,"positive,positive"
832,"positive,positive"
833,"positive,positive"
834,"negative,negative"
835,"positive,positive"
836,"negative,negative"
837,"positive,positive"
838,"positive,positive"
839,"positive,positive"
840,"neutral,neutral"
841,"negative,negative"
842,"positive,positive"
843,"negative,negative"
844,"negative,negative"
845,"negative,negative"
846,"neutral,neutral"
847,"positive,positive"
848,"positive,positive"
849,"positive,positive"
850,"positive,positive"
851,"positive,positive"
852,"positive,positive"
853,"positive,positive"
854,"negative,negative"
855,"negative,negative"
856,"negative,negative"
857,"negative,negative"
858,"negative,negative"
859,"positive,positive"
860,"positive,positive"
861,"positive,positive"
862,"neutral,neutral"
863,"negative,negative"
864,"negative,negative"
865,"negative,negative"
866,"negative,negative"
867,"positive,positive"
868,"positive,positive"
869,"negative,negative"
870,"negative,negative"
871,"neutral,neutral"
872,"negative,negative"
873,"neutral,neutral"
874,"positive,positive"
875,"positive,positive"
876,"positive,positive"
877,"positive,positive"
878,"negative,negative"
879,"negative,negative"
880,"positive,positive"
881,"positive,positive"
882,"negative,negative"
883,"positive,positive"
884,"positive,positive"
885,"positive,positive"
886,"negative,negative"
887,"positive,positive"
888,"negative,negative"
889,"negative,negative"
890,"positive,positive"
891,"negative,negative"
892,"negative,negative"
893,"neutral,neutral"
894,"positive,positive"
895,"positive,positive"
896,"negative,negative"
897,"positive,positive"
898,"negative,negative"
899,"positive,positive"
900,"positive,positive"
901,"positive,positive"
902,"positive,positive"
903,"negative,negative"
904,"positive,positive"
905,"positive,positive"
906,"positive,positive"
907,"positive,positive"
908,"positive,positive"
909,"positive,positive"
910,"positive,positive"
911,"positive,positive"
912,"positive,positive"
913,"positive,positive"
914,"positive,positive"
915,"neutral,neutral"
916,"neutral,neutral"
917,"positive,positive"
918,"positive,positive"
919,"positive,positive"
920,"positive,positive"
921,"positive,positive"
922,"positive,positive"
923,"negative,negative"
924,"neutral,neutral"
925,"neutral,neutral"
926,"positive,positive"
927,"positive,positive"
928,"positive,positive"
929,"positive,positive"
930,"neutral,neutral"
931,"positive,positive"
932,"positive,positive"
933,"positive,positive"
934,"positive,positive"
935,"negative,negative"
936,"positive,positive"
937,"positive,positive"
938,"positive,positive"
939,"positive,positive"
940,"negative,negative"
941,"positive,positive"
942,"neutral,neutral"
943,"positive,positive"
944,"negative,negative"
945,"positive,positive"
946,"neutral,neutral"
947,"positive,positive"
948,"positive,positive"
949,"positive,positive"
950,"positive,positive"
951,"positive,positive"
952,"negative,negative"
953,"positive,positive"
954,"positive,positive"
955,"positive,positive"
956,"neutral,neutral"
957,"negative,negative"
958,"neutral,neutral"
959,"positive,positive"
960,"positive,positive"
961,"positive,positive"
962,"positive,positive"
963,"positive,positive"
964,"positive,positive"
965,"positive,positive"
966,"positive,positive"
967,"positive,positive"
968,"positive,positive"
969,"positive,positive"
970,"positive,positive"
971,"positive,positive"
972,"neutral,neutral"
973,"positive,positive"
974,"neutral,neutral"
975,"neutral,neutral"
976,"negative,negative"
977,"positive,positive"
978,"positive,positive"
979,"positive,positive"
980,"neutral,neutral"
981,"negative,negative"
982,"positive,positive"
983,"positive,positive"
984,"positive,positive"
985,"negative,negative"
986,"positive,positive"
987,"neutral,neutral"
988,"negative,negative"
989,"negative,negative"
990,"negative,negative"
991,"positive,positive"
992,"positive,positive"
993,"positive,positive"
994,"positive,positive"
995,"positive,positive"
996,"positive,positive"
997,"neutral,neutral"
998,"negative,negative"
999,"positive,positive"
1000,"neutral,neutral"
1001,"positive,positive"
1002,"neutral,neutral"
1003,"positive,positive"
1004,"positive,positive"
1005,"positive,positive"
1006,"positive,positive"
1007,"negative,negative"
1008,"positive,positive"
1009,"positive,positive"
1010,"positive,positive"
1011,"positive,positive"
1012,"positive,positive"
1013,"positive,positive"
1014,"positive,positive"
1015,"positive,positive"
1016,"negative,negative"
1017,"positive,positive"
1018,"neutral,neutral"
1019,"negative,negative"
1020,"positive,positive"
1021,"positive,positive"
1022,"positive,positive"
1023,"positive,positive"
1024,"positive,positive"
1025,"positive,positive"
1026,"positive,positive"
1027,"positive,positive"
1028,"positive,positive"
1029,"positive,positive"
1030,"positive,positive"
1031,"negative,negative"
1032,"positive,positive"
1033,"neutral,neutral"
1034,"positive,positive"
1035,"positive,positive"
1036,"positive,positive"
1037,"positive,positive"
1038,"positive,positive"
1039,"positive,positive"
1040,"positive,positive"
1041,"positive,positive"
1042,"positive,positive"
1043,"positive,positive"
1044,"negative,negative"
1045,"positive,positive"
1046,"negative,negative"
1047,"positive,positive"
1048,"positive,positive"
1049,"positive,positive"
1050,"positive,positive"
1051,"negative,negative"
1052,"negative,negative"
1053,"negative,negative"
1054,"neutral,neutral"
1055,"positive,positive"
1056,"positive,positive"
1057,"positive,positive"
1058,"negative,negative"
1059,"positive,positive"
1060,"positive,positive"
1061,"positive,positive"
1062,"positive,positive"
1063,"positive,positive"
1064,"positive,positive"
1065,"positive,positive"
1066,"positive,positive"
1067,"negative,negative"
1068,"negative,negative"
1069,"positive,positive"
1070,"positive,positive"
1071,"negative,negative"
1072,"positive,positive"
1073,"neutral,neutral"
1074,"positive,positive"
1075,"positive,positive"
1076,"negative,negative"
1077,"positive,positive"
1078,"positive,positive"
1079,"positive,positive"
1080,"positive,positive"
1081,"positive,positive"
1082,"neutral,neutral"
1083,"positive,positive"
1084,"positive,positive"
1085,"negative,negative"
1086,"negative,negative"
1087,"negative,negative"
1088,"negative,negative"
1089,"positive,positive"
1090,"positive,positive"
1091,"neutral,neutral"
1092,"positive,positive"
1093,"positive,positive"
1094,"neutral,neutral"
1095,"positive,positive"
1096,"positive,positive"
1097,"positive,positive"
1098,"positive,positive"
1099,"positive,positive"
1100,"positive,positive"
1101,"positive,positive"
1102,"negative,negative"
1103,"positive,positive"
1104,"positive,positive"
1105,"positive,positive"
1106,"positive,positive"
1107,"neutral,neutral"
1108,"neutral,neutral"
1109,"positive,positive"
1110,"positive,positive"
1111,"positive,positive"
1112,"positive,positive"
1113,"positive,positive"
1114,"positive,positive"
1115,"neutral,neutral"
1116,"positive,positive"
1117,"positive,positive"
1118,"positive,positive"
1119,"positive,positive"
1120,"neutral,neutral"
1121,"positive,positive"
1122,"neutral,neutral"
1123,"positive,positive"
1124,"positive,positive"
1125,"positive,positive"
1126,"positive,positive"
1127,"negative,negative"
1128,"positive,positive"
1129,"negative,negative"
1130,"positive,positive"
1131,"positive,positive"
1132,"positive,positive"
1133,"positive,positive"
1134,"positive,positive"
1135,"positive,positive"
1136,"positive,positive"
1137,"positive,positive"
1138,"positive,positive"
1139,"positive,positive"
1140,"positive,positive"
1141,"positive,positive"
1142,"negative,negative"
1143,"positive,positive"
1144,"neutral,neutral"
1145,"positive,positive"
1146,"positive,positive"
1147,"positive,positive"
1148,"positive,positive"
1149,"positive,positive"
1150,"positive,positive"
1151,"negative,negative"
1152,"positive,positive"
1153,"positive,positive"
1154,"positive,positive"
1155,"positive,positive"
1156,"positive,positive"
1157,"positive,positive"
1158,"positive,positive"
1159,"positive,positive"
1160,"neutral,neutral"
1161,"positive,positive"
1162,"positive,positive"
1163,"positive,positive"
1164,"neutral,neutral"
1165,"positive,positive"
1166,"positive,positive"
1167,"positive,positive"
1168,"negative,negative"
1169,"negative,negative"
1170,"positive,positive"
1171,"negative,negative"
1172,"neutral,neutral"
1173,"negative,negative"
1174,"positive,positive"
1175,"negative,negative"
1176,"positive,positive"
1177,"positive,positive"
1178,"negative,negative"
1179,"positive,positive"
1180,"positive,positive"
1181,"positive,positive"
1182,"neutral,neutral"
1183,"positive,positive"
1184,"negative,negative"
1185,"negative,negative"
1186,"negative,negative"
1187,"negative,negative"
1188,"positive,positive"
1189,"negative,negative"
1190,"negative,negative"
1191,"positive,positive"
1192,"positive,positive"
1193,"positive,positive"
1194,"positive,positive"
1195,"positive,positive"
1196,"positive,positive"
1197,"positive,positive"
1198,"positive,positive"
1199,"neutral,neutral"
1200,"neutral,neutral"
1201,"positive,positive"
1202,"negative,negative"
1203,"neutral,neutral"
1204,"positive,positive"
1205,"neutral,neutral"
1206,"positive,positive"
1207,"negative,negative"
1208,"positive,positive"
1209,"negative,negative"
1210,"positive,positive"
1211,"positive,positive"
1212,"positive,positive"
1213,"positive,positive"
1214,"negative,negative"
1215,"negative,negative"
1216,"positive,positive"
1217,"negative,negative"
1218,"positive,positive"
1219,"positive,positive"
1220,"positive,positive"
1221,"positive,positive"
1222,"positive,positive"
1223,"positive,positive"
1224,"positive,positive"
1225,"negative,negative"
1226,"neutral,neutral"
1227,"negative,negative"
1228,"neutral,neutral"
1229,"negative,negative"
1230,"neutral,neutral"
1231,"positive,positive"
1232,"positive,positive"
1233,"positive,positive"
1234,"positive,positive"
1235,"positive,positive"
1236,"positive,positive"
1237,"positive,positive"
1238,"negative,negative"
1239,"positive,positive"
1240,"positive,positive"
1241,"positive,positive"
1242,"positive,positive"
1243,"positive,positive"
1244,"negative,negative"
1245,"positive,positive"
1246,"positive,positive"
1247,"positive,positive"
1248,"negative,negative"
1249,"negative,negative"
1250,"negative,negative"
1251,"positive,positive"
1252,"positive,positive"
1253,"negative,negative"
1254,"positive,positive"
1255,"negative,negative"
1256,"positive,positive"
1257,"positive,positive"
1258,"negative,negative"
1259,"positive,positive"
1260,"negative,negative"
1261,"positive,positive"
1262,"positive,positive"
1263,"positive,positive"
1264,"positive,positive"
1265,"positive,positive"
1266,"positive,positive"
1267,"positive,positive"
1268,"negative,negative"
1269,"positive,positive"
1270,"positive,positive"
1271,"negative,negative"
1272,"positive,positive"
1273,"negative,negative"
1274,"negative,negative"
1275,"negative,negative"
1276,"positive,positive"
1277,"negative,negative"
1278,"positive,positive"
1279,"positive,positive"
1280,"positive,positive"
1281,"positive,positive"
1282,"negative,negative"
1283,"negative,negative"
1284,"positive,positive"
1285,"negative,negative"
1286,"positive,positive"
1287,"positive,positive"
1288,"negative,negative"
1289,"negative,negative"
1290,"negative,negative"
1291,"negative,negative"
1292,"positive,positive"
1293,"negative,negative"
1294,"positive,positive"
1295,"positive,positive"
1296,"negative,negative"
1297,"positive,positive"
1298,"positive,positive"
1299,"negative,negative"
1300,"neutral,neutral"
1301,"positive,positive"
1302,"positive,positive"
1303,"negative,negative"
1304,"neutral,neutral"
1305,"positive,positive"
1306,"negative,negative"
1307,"neutral,neutral"
1308,"positive,positive"
1309,"negative,negative"
1310,"neutral,neutral"
1311,"positive,positive"
1312,"negative,negative"
1313,"negative,negative"
1314,"negative,negative"
1315,"positive,positive"
1316,"positive,positive"
1317,"positive,positive"
1318,"positive,positive"
1319,"negative,negative"
1320,"positive,positive"
1321,"positive,positive"
1322,"negative,negative"
1323,"positive,positive"
1324,"positive,positive"
1325,"positive,positive"
1326,"negative,negative"
1327,"negative,negative"
1328,"neutral,neutral"
1329,"positive,positive"
1330,"positive,positive"
1331,"positive,positive"
1332,"positive,positive"
1333,"positive,positive"
1334,"positive,positive"
1335,"positive,positive"
1336,"positive,positive"
1337,"positive,positive"
1338,"positive,positive"
1339,"positive,positive"
1340,"positive,positive"
1341,"positive,positive"
1342,"positive,positive"
1343,"positive,positive"
1344,"neutral,neutral"
1345,"negative,negative"
1346,"positive,positive"
1347,"positive,positive"
1348,"positive,positive"
1349,"positive,positive"
1350,"neutral,neutral"
1351,"positive,positive"
1352,"negative,negative"
1353,"negative,negative"
1354,"negative,negative"
1355,"positive,positive"
1356,"positive,positive"
1357,"positive,positive"
1358,"positive,positive"
1359,"negative,negative"
1360,"positive,positive"
1361,"positive,positive"
1362,"negative,negative"
1363,"positive,positive"
1364,"neutral,neutral"
1365,"positive,positive"
1366,"positive,positive"
1367,"negative,negative"
1368,"positive,positive"
1369,"positive,positive"
1370,"positive,positive"
1371,"positive,positive"
1372,"positive,positive"
1373,"positive,positive"
1374,"positive,positive"
1375,"positive,positive"
1376,"positive,positive"
1377,"positive,positive"
1378,"neutral,neutral"
1379,"positive,positive"
1380,"positive,positive"
1381,"positive,positive"
1382,"positive,positive"
1383,"positive,positive"
1384,"positive,positive"
1385,"positive,positive"
1386,"negative,negative"
1387,"positive,positive"
1388,"positive,positive"
1389,"positive,positive"
1390,"negative,negative"
1391,"negative,negative"
1392,"positive,positive"
1393,"negative,negative"
1394,"positive,positive"
1395,"negative,negative"
1396,"positive,positive"
1397,"negative,negative"
1398,"positive,positive"
1399,"positive,positive"
1400,"positive,positive"
1401,"positive,positive"
1402,"negative,negative"
1403,"positive,positive"
1404,"positive,positive"
1405,"positive,positive"
1406,"negative,negative"
1407,"positive,positive"
1408,"positive,positive"
1409,"positive,positive"
1410,"positive,positive"
1411,"negative,negative"
1412,"negative,negative"
1413,"neutral,neutral"
1414,"negative,negative"
1415,"neutral,neutral"
1416,"negative,negative"
1417,"negative,negative"
1418,"negative,negative"
1419,"negative,negative"
1420,"negative,negative"
1421,"negative,negative"
1422,"positive,positive"
1423,"positive,positive"
1424,"negative,negative"
1425,"positive,positive"
1426,"positive,positive"
1427,"positive,positive"
1428,"positive,positive"
1429,"positive,positive"
1430,"negative,negative"
1431,"negative,negative"
1432,"negative,negative"
1433,"negative,negative"
1434,"positive,positive"
1435,"negative,negative"
1436,"negative,negative"
1437,"negative,negative"
1438,"positive,positive"
1439,"positive,positive"
1440,"negative,negative"
1441,"negative,negative"
1442,"positive,positive"
1443,"negative,negative"
1444,"positive,positive"
1445,"positive,positive"
1446,"negative,negative"
1447,"negative,negative"
1448,"negative,negative"
1449,"negative,negative"
1450,"negative,negative"
1451,"neutral,neutral"
1452,"positive,positive"
1453,"neutral,neutral"
1454,"positive,positive"
1455,"positive,positive"
1456,"positive,positive"
1457,"positive,positive"
1458,"positive,positive"
1459,"positive,positive"
1460,"positive,positive"
1461,"positive,positive"
1462,"positive,positive"
1463,"negative,negative"
1464,"positive,positive"
1465,"positive,positive"
1466,"negative,negative"
1467,"negative,negative"
1468,"negative,negative"
1469,"positive,positive"
1470,"positive,positive"
1471,"positive,positive"
1472,"positive,positive"
1473,"negative,negative"
1474,"negative,negative"
1475,"negative,negative"
1476,"neutral,neutral"
1477,"negative,negative"
1478,"negative,negative"
1479,"negative,negative"
1480,"positive,positive"
1481,"neutral,neutral"
1482,"positive,positive"
1483,"neutral,neutral"
1484,"positive,positive"
1485,"negative,negative"
1486,"positive,positive"
1487,"positive,positive"
1488,"positive,positive"
1489,"positive,positive"
1490,"positive,positive"
1491,"negative,negative"
1492,"negative,negative"
1493,"positive,positive"
1494,"negative,negative"
1495,"negative,negative"
1496,"positive,positive"
1497,"positive,positive"
1498,"positive,positive"
1499,"positive,positive"
1500,"positive,positive"
1501,"neutral,neutral"
1502,"positive,positive"
1503,"negative,negative"
1504,"neutral,neutral"
1505,"positive,positive"
1506,"positive,positive"
1507,"negative,negative"
1508,"positive,positive"
1509,"positive,positive"
1510,"positive,positive"
1511,"positive,positive"
1512,"positive,positive"
1513,"positive,positive"
1514,"positive,positive"
1515,"positive,positive"
1516,"positive,positive"
1517,"positive,positive"
1518,"positive,positive"
1519,"positive,positive"
1520,"positive,positive"
1521,"neutral,neutral"
1522,"positive,positive"
1523,"positive,positive"
1524,"positive,positive"
1525,"positive,positive"
1526,"negative,negative"
1527,"positive,positive"
1528,"positive,positive"
1529,"positive,positive"
1530,"positive,positive"
1531,"positive,positive"
1532,"positive,positive"
1533,"positive,positive"
1534,"negative,negative"
1535,"positive,positive"
1536,"positive,positive"
1537,"positive,positive"
1538,"positive,positive"
1539,"positive,positive"
1540,"positive,positive"
1541,"positive,positive"
1542,"positive,positive"
1543,"positive,positive"
1544,"positive,positive"
1545,"positive,positive"
1546,"positive,positive"
1547,"positive,positive"
1548,"neutral,neutral"
1549,"positive,positive"
1550,"positive,positive"
1551,"positive,positive"
1552,"positive,positive"
1553,"positive,positive"
1554,"positive,positive"
1555,"negative,negative"
1556,"neutral,neutral"
1557,"neutral,neutral"
1558,"negative,negative"
1559,"positive,positive"
1560,"positive,positive"
1561,"negative,negative"
1562,"positive,positive"
1563,"positive,positive"
1564,"negative,negative"
1565,"positive,positive"
1566,"neutral,neutral"
1567,"positive,positive"
1568,"negative,negative"
1569,"positive,positive"
1570,"positive,positive"
1571,"negative,negative"
1572,"positive,positive"
1573,"positive,positive"
1574,"positive,positive"
1575,"positive,positive"
1576,"positive,positive"
1577,"positive,positive"
1578,"negative,negative"
1579,"positive,positive"
1580,"neutral,neutral"
1581,"neutral,neutral"
1582,"negative,negative"
1583,"negative,negative"
1584,"negative,negative"
1585,"positive,positive"
1586,"negative,negative"
1587,"negative,negative"
1588,"neutral,neutral"
1589,"positive,positive"
1590,"positive,positive"
1591,"positive,positive"
1592,"negative,negative"
1593,"positive,positive"
1594,"negative,negative"
1595,"positive,positive"
1596,"negative,negative"
1597,"positive,positive"
1598,"negative,negative"
1599,"positive,positive"
1600,"negative,negative"
1601,"negative,negative"
1602,"neutral,neutral"
1603,"positive,positive"
1604,"positive,positive"
1605,"positive,positive"
1606,"positive,positive"
1607,"positive,positive"
1608,"positive,positive"
1609,"positive,positive"
1610,"neutral,neutral"
1611,"positive,positive"
1612,"positive,positive"
1613,"positive,positive"
1614,"positive,positive"
1615,"positive,positive"
1616,"positive,positive"
1617,"positive,positive"
1618,"negative,negative"
1619,"positive,positive"
1620,"positive,positive"
1621,"negative,negative"
1622,"negative,negative"
1623,"positive,positive"
1624,"positive,positive"
1625,"negative,negative"
1626,"negative,negative"
1627,"negative,negative"
1628,"negative,negative"
1629,"positive,positive"
1630,"positive,positive"
1631,"positive,positive"
1632,"positive,positive"
1633,"positive,positive"
1634,"positive,positive"
1635,"positive,positive"
1636,"positive,positive"
1637,"positive,positive"
1638,"positive,positive"
1639,"positive,positive"
1640,"negative,negative"
1641,"negative,negative"
1642,"positive,positive"
1643,"positive,positive"
1644,"positive,positive"
1645,"positive,positive"
1646,"negative,negative"
1647,"positive,positive"
1648,"positive,positive"
1649,"positive,positive"
1650,"positive,positive"
1651,"positive,positive"
1652,"negative,negative"
1653,"negative,negative"
1654,"negative,negative"
1655,"positive,positive"
1656,"negative,negative"
1657,"negative,negative"
1658,"negative,negative"
1659,"negative,negative"
1660,"negative,negative"
1661,"negative,negative"
1662,"neutral,neutral"
1663,"negative,negative"
1664,"negative,negative"
1665,"negative,negative"
1666,"positive,positive"
1667,"positive,positive"
1668,"positive,positive"
1669,"positive,positive"
1670,"positive,positive"
1671,"negative,negative"
1672,"positive,positive"
1673,"positive,positive"
1674,"positive,positive"
1675,"positive,positive"
1676,"positive,positive"
1677,"positive,positive"
1678,"positive,positive"
1679,"positive,positive"
1680,"neutral,neutral"
1681,"positive,positive"
1682,"positive,positive"
1683,"positive,positive"
1684,"positive,positive"
1685,"positive,positive"
1686,"neutral,neutral"
1687,"negative,negative"
1688,"positive,positive"
1689,"negative,negative"
1690,"negative,negative"
1691,"positive,positive"
1692,"positive,positive"
1693,"positive,positive"
1694,"negative,negative"
1695,"negative,negative"
1696,"positive,positive"
1697,"negative,negative"
1698,"negative,negative"
1699,"positive,positive"
1700,"positive,positive"
1701,"positive,positive"
1702,"positive,positive"
1703,"positive,positive"
1704,"negative,negative"
1705,"positive,positive"
1706,"positive,positive"
1707,"negative,negative"
1708,"positive,positive"
1709,"negative,negative"
1710,"positive,positive"
1711,"neutral,neutral"
1712,"negative,negative"
1713,"negative,negative"
1714,"negative,negative"
1715,"negative,negative"
1716,"positive,positive"
1717,"positive,positive"
1718,"positive,positive"
1719,"positive,positive"
1720,"neutral,neutral"
1721,"positive,positive"
1722,"positive,positive"
1723,"positive,positive"
1724,"neutral,neutral"
1725,"negative,negative"
1726,"positive,positive"
1727,"neutral,neutral"
1728,"negative,negative"
1729,"negative,negative"
1730,"negative,negative"
1731,"negative,negative"
1732,"positive,positive"
1733,"positive,positive"
1734,"positive,positive"
1735,"positive,positive"
1736,"neutral,neutral"
1737,"positive,positive"
1738,"positive,positive"
1739,"negative,negative"
1740,"neutral,neutral"
1741,"positive,positive"
1742,"positive,positive"
1743,"positive,positive"
1744,"neutral,neutral"
1745,"neutral,neutral"
1746,"neutral,neutral"
1747,"negative,negative"
1748,"negative,negative"
1749,"neutral,neutral"
1750,"positive,positive"
1751,"negative,negative"
1752,"positive,positive"
1753,"positive,positive"
1754,"negative,negative"
1755,"positive,positive"
1756,"negative,negative"
1757,"neutral,neutral"
1758,"negative,negative"
1759,"negative,negative"
1760,"positive,positive"
1761,"positive,positive"
1762,"negative,negative"
1763,"negative,negative"
1764,"negative,negative"
1765,"negative,negative"
1766,"negative,negative"
1767,"positive,positive"
1768,"positive,positive"
1769,"positive,positive"
1770,"positive,positive"
1771,"positive,positive"
1772,"negative,negative"
1773,"neutral,neutral"
1774,"neutral,neutral"
1775,"negative,negative"
1776,"positive,positive"
1777,"negative,negative"
1778,"neutral,neutral"
1779,"negative,negative"
1780,"neutral,neutral"
1781,"neutral,neutral"
1782,"negative,negative"
1783,"negative,negative"
1784,"positive,positive"
1785,"negative,negative"
1786,"positive,positive"
1787,"positive,positive"
1788,"negative,negative"
1789,"positive,positive"
1790,"positive,positive"
1791,"positive,positive"
1792,"positive,positive"
1793,"negative,negative"
1794,"positive,positive"
1795,"negative,negative"
1796,"negative,negative"
1797,"negative,negative"
1798,"negative,negative"
1799,"positive,positive"
1800,"positive,positive"
1801,"negative,negative"
1802,"positive,positive"
1803,"positive,positive"
1804,"positive,positive"
1805,"positive,positive"
1806,"negative,negative"
1807,"positive,positive"
1808,"positive,positive"
1809,"negative,negative"
1810,"negative,negative"
1811,"positive,positive"
1812,"negative,negative"
1813,"negative,negative"
1814,"negative,negative"
1815,"negative,negative"
1816,"positive,positive"
1817,"negative,negative"
1818,"negative,negative"
1819,"negative,negative"
1820,"positive,positive"
1821,"positive,positive"
1822,"negative,negative"
1823,"positive,positive"
1824,"negative,negative"
1825,"negative,negative"
1826,"negative,negative"
1827,"positive,positive"
1828,"negative,negative"
1829,"positive,positive"
1830,"neutral,neutral"
1831,"positive,positive"
1832,"positive,positive"
1833,"negative,negative"
1834,"positive,positive"
1835,"neutral,neutral"
1836,"positive,positive"
1837,"positive,positive"
1838,"negative,negative"
1839,"positive,positive"
1840,"negative,negative"
1841,"positive,positive"
1842,"positive,positive"
1843,"negative,negative"
1844,"negative,negative"
1845,"positive,positive"
1846,"positive,positive"
1847,"positive,positive"
1848,"positive,positive"
1849,"positive,positive"
1850,"positive,positive"
1851,"positive,positive"
1852,"positive,positive"
1853,"positive,positive"
1854,"positive,positive"
1855,"positive,positive"
1856,"positive,positive"
1857,"positive,positive"
1858,"negative,negative"
1859,"positive,positive"
1860,"negative,negative"
1861,"positive,positive"
1862,"positive,positive"
1863,"positive,positive"
1864,"positive,positive"
1865,"positive,positive"
1866,"positive,positive"
1867,"negative,negative"
1868,"negative,negative"
1869,"positive,positive"
1870,"positive,positive"
1871,"neutral,neutral"
1872,"positive,positive"
1873,"neutral,neutral"
1874,"positive,positive"
1875,"positive,positive"
1876,"positive,positive"
1877,"positive,positive"
1878,"neutral,neutral"
1879,"negative,negative"
1880,"positive,positive"
1881,"negative,negative"
1882,"neutral,neutral"
1883,"positive,positive"
1884,"positive,positive"
1885,"positive,positive"
1886,"positive,positive"
1887,"positive,positive"
1888,"positive,positive"
1889,"positive,positive"
1890,"neutral,neutral"
1891,"negative,negative"
1892,"negative,negative"
1893,"positive,positive"
1894,"positive,positive"
1895,"negative,negative"
1896,"positive,positive"
1897,"positive,positive"
1898,"positive,positive"
1899,"positive,positive"
1900,"positive,positive"
1901,"positive,positive"
1902,"positive,positive"
1903,"neutral,neutral"
1904,"negative,negative"
1905,"negative,negative"
1906,"positive,positive"
1907,"positive,positive"
1908,"positive,positive"
1909,"neutral,neutral"
1910,"positive,positive"
1911,"positive,positive"
1912,"positive,positive"
1913,"positive,positive"
1914,"positive,positive"
1915,"positive,positive"
1916,"positive,positive"
1917,"positive,positive"
1918,"positive,positive"
1919,"neutral,neutral"
1920,"neutral,neutral"
1921,"neutral,neutral"
1922,"negative,negative"
1923,"neutral,neutral"
1924,"positive,positive"
1925,"neutral,neutral"
1926,"positive,positive"
1927,"negative,negative"
1928,"negative,negative"
1929,"positive,positive"
1930,"negative,negative"
1931,"negative,negative"
1932,"negative,negative"
1933,"negative,negative"
1934,"positive,positive"
1935,"positive,positive"
1936,"negative,negative"
1937,"positive,positive"
1938,"negative,negative"
1939,"positive,positive"
1940,"neutral,neutral"
1941,"negative,negative"
1942,"positive,positive"
1943,"positive,positive"
1944,"positive,positive"
1945,"positive,positive"
1946,"positive,positive"
1947,"positive,positive"
1948,"negative,negative"
1949,"positive,positive"
1950,"positive,positive"
1951,"negative,negative"
1952,"positive,positive"
1953,"positive,positive"
1954,"neutral,neutral"
1955,"positive,positive"
1956,"positive,positive"
1957,"negative,negative"
1958,"negative,negative"
1959,"positive,positive"
1960,"neutral,neutral"
1961,"positive,positive"
1962,"negative,negative"
1963,"positive,positive"
1964,"negative,negative"
1965,"positive,positive"
1966,"positive,positive"
1967,"neutral,neutral"
1968,"neutral,neutral"
1969,"positive,positive"
1970,"negative,negative"
1971,"negative,negative"
1972,"positive,positive"
1973,"negative,negative"
1974,"negative,negative"
1975,"negative,negative"
1976,"negative,negative"
1977,"negative,negative"
1978,"negative,negative"
1979,"negative,negative"
1980,"negative,negative"
1981,"positive,positive"
1982,"negative,negative"
1983,"positive,positive"
1984,"positive,positive"
1985,"positive,positive"
1986,"positive,positive"
1987,"positive,positive"
1988,"positive,positive"
1989,"positive,positive"
1990,"positive,positive"
1991,"positive,positive"
1992,"positive,positive"
1993,"positive,positive"
1994,"neutral,neutral"
1995,"positive,positive"
1996,"positive,positive"
1997,"positive,positive"
1998,"negative,negative"
1999,"positive,positive"
2000,"positive,positive"
2001,"neutral,neutral"
2002,"negative,negative"
2003,"positive,positive"
2004,"negative,negative"
2005,"neutral,neutral"
2006,"negative,negative"
2007,"positive,positive"
2008,"positive,positive"
2009,"positive,positive"
2010,"negative,negative"
2011,"positive,positive"
2012,"neutral,neutral"
2013,"positive,positive"
2014,"negative,negative"
2015,"positive,positive"
2016,"neutral,neutral"
2017,"negative,negative"
2018,"negative,negative"
2019,"positive,positive"
2020,"neutral,neutral"
2021,"neutral,neutral"
2022,"negative,negative"
2023,"positive,positive"
2024,"positive,positive"
2025,"positive,positive"
2026,"positive,positive"
2027,"positive,positive"
2028,"negative,negative"
2029,"positive,positive"
2030,"negative,negative"
2031,"negative,negative"
2032,"negative,negative"
2033,"positive,positive"
2034,"positive,positive"
2035,"negative,negative"
2036,"negative,negative"
2037,"negative,negative"
2038,"positive,positive"
2039,"positive,positive"
2040,"negative,negative"
2041,"negative,negative"
2042,"negative,negative"
2043,"positive,positive"
2044,"positive,positive"
2045,"negative,negative"
2046,"positive,positive"
2047,"negative,negative"
2048,"negative,negative"
2049,"positive,positive"
2050,"positive,positive"
2051,"negative,negative"
2052,"negative,negative"
2053,"neutral,neutral"
2054,"negative,negative"
2055,"negative,negative"
2056,"positive,positive"
2057,"positive,positive"
2058,"neutral,neutral"
2059,"neutral,neutral"
2060,"positive,positive"
2061,"neutral,neutral"
2062,"neutral,neutral"
2063,"neutral,neutral"
2064,"positive,positive"
2065,"positive,positive"
2066,"neutral,neutral"
2067,"neutral,neutral"
2068,"positive,positive"
2069,"positive,positive"
2070,"positive,positive"
2071,"neutral,neutral"
2072,"positive,positive"
2073,"positive,positive"
2074,"positive,positive"
2075,"positive,positive"
2076,"positive,positive"
2077,"positive,positive"
2078,"negative,negative"
2079,"neutral,neutral"
2080,"neutral,neutral"
2081,"negative,negative"
2082,"negative,negative"
2083,"positive,positive"
2084,"positive,positive"
2085,"positive,positive"
2086,"positive,positive"
2087,"positive,positive"
2088,"negative,negative"
2089,"positive,positive"
2090,"positive,positive"
2091,"positive,positive"
2092,"positive,positive"
2093,"positive,positive"
2094,"neutral,neutral"
2095,"positive,positive"
2096,"positive,positive"
2097,"positive,positive"
2098,"neutral,neutral"
2099,"positive,positive"
2100,"positive,positive"
2101,"positive,positive"
2102,"positive,positive"
2103,"positive,positive"
2104,"positive,positive"
2105,"positive,positive"
2106,"neutral,neutral"
2107,"neutral,neutral"
2108,"positive,positive"
2109,"neutral,neutral"
2110,"negative,negative"
2111,"neutral,neutral"
2112,"neutral,neutral"
2113,"neutral,neutral"
2114,"negative,negative"
2115,"positive,positive"
2116,"positive,positive"
2117,"neutral,neutral"
2118,"positive,positive"
2119,"negative,negative"
2120,"negative,negative"
2121,"negative,negative"
2122,"positive,positive"
2123,"positive,positive"
2124,"positive,positive"
2125,"positive,positive"
2126,"positive,positive"
2127,"positive,positive"
2128,"positive,positive"
2129,"negative,negative"
2130,"negative,negative"
2131,"negative,negative"
2132,"positive,positive"
2133,"negative,negative"
2134,"positive,positive"
2135,"positive,positive"
2136,"positive,positive"
2137,"positive,positive"
2138,"positive,positive"
2139,"positive,positive"
2140,"positive,positive"
2141,"negative,negative"
2142,"positive,positive"
2143,"positive,positive"
2144,"neutral,neutral"
2145,"positive,positive"
2146,"positive,positive"
2147,"positive,positive"
2148,"positive,positive"
2149,"positive,positive"
2150,"positive,positive"
2151,"positive,positive"
2152,"positive,positive"
2153,"positive,positive"
2154,"positive,positive"
2155,"positive,positive"
2156,"positive,positive"
2157,"negative,negative"
2158,"negative,negative"
2159,"positive,positive"
2160,"negative,negative"
2161,"positive,positive"
2162,"negative,negative"
2163,"positive,positive"
2164,"positive,positive"
2165,"positive,positive"
2166,"positive,positive"
2167,"positive,positive"
2168,"positive,positive"
2169,"positive,positive"
2170,"positive,positive"
2171,"positive,positive"
2172,"positive,positive"
2173,"positive,positive"
2174,"positive,positive"
2175,"positive,positive"
2176,"positive,positive"
2177,"positive,positive"
2178,"positive,positive"
2179,"negative,negative"
2180,"negative,negative"
2181,"negative,negative"
2182,"negative,negative"
2183,"neutral,neutral"
2184,"positive,positive"
2185,"positive,positive"
2186,"positive,positive"
2187,"positive,positive"
2188,"positive,positive"
2189,"positive,positive"
2190,"positive,positive"
2191,"neutral,neutral"
2192,"positive,positive"
2193,"negative,negative"
2194,"negative,negative"
2195,"positive,positive"
2196,"positive,positive"
2197,"positive,positive"
2198,"positive,positive"
2199,"neutral,neutral"
2200,"positive,positive"
2201,"positive,positive"
2202,"positive,positive"
2203,"positive,positive"
2204,"negative,negative"
2205,"negative,negative"
2206,"positive,positive"
2207,"negative,negative"
2208,"positive,positive"
2209,"negative,negative"
2210,"negative,negative"
2211,"negative,negative"
2212,"positive,positive"
2213,"positive,positive"
2214,"positive,positive"
2215,"positive,positive"
2216,"positive,positive"
2217,"positive,positive"
2218,"positive,positive"
2219,"positive,positive"
2220,"positive,positive"
2221,"positive,positive"
2222,"positive,positive"
2223,"positive,positive"
2224,"neutral,neutral"
2225,"positive,positive"
2226,"positive,positive"
2227,"negative,negative"
2228,"negative,negative"
2229,"positive,positive"
2230,"negative,negative"
2231,"negative,negative"
2232,"positive,positive"
2233,"positive,positive"
2234,"positive,positive"
2235,"positive,positive"
2236,"positive,positive"
2237,"positive,positive"
2238,"positive,positive"
2239,"neutral,neutral"
2240,"negative,negative"
2241,"negative,negative"
2242,"negative,negative"
2243,"positive,positive"
2244,"positive,positive"
2245,"positive,positive"
2246,"positive,positive"
2247,"positive,positive"
2248,"positive,positive"
2249,"positive,positive"
2250,"negative,negative"
2251,"positive,positive"
2252,"negative,negative"
2253,"neutral,neutral"
2254,"negative,negative"
2255,"negative,negative"
2256,"negative,negative"
2257,"negative,negative"
2258,"neutral,neutral"
2259,"positive,positive"
2260,"negative,negative"
2261,"negative,negative"
2262,"negative,negative"
2263,"neutral,neutral"
2264,"positive,positive"
2265,"positive,positive"
2266,"neutral,neutral"
2267,"positive,positive"
2268,"positive,positive"
2269,"positive,positive"
2270,"negative,negative"
2271,"negative,negative"
2272,"negative,negative"
2273,"neutral,neutral"
2274,"negative,negative"
2275,"negative,negative"
2276,"negative,negative"
2277,"positive,positive"
2278,"negative,negative"
2279,"negative,negative"
2280,"negative,negative"
2281,"negative,negative"
2282,"negative,negative"
2283,"negative,negative"
2284,"positive,positive"
2285,"positive,positive"
2286,"positive,positive"
2287,"neutral,neutral"
2288,"negative,negative"
2289,"positive,positive"
2290,"neutral,neutral"
2291,"negative,negative"
2292,"negative,negative"
2293,"negative,negative"
2294,"negative,negative"
2295,"negative,negative"
2296,"negative,negative"
2297,"positive,positive"
2298,"positive,positive"
2299,"neutral,neutral"
2300,"negative,negative"
2301,"neutral,neutral"
2302,"positive,positive"
2303,"negative,negative"
2304,"negative,negative"
2305,"neutral,neutral"
2306,"negative,negative"
2307,"positive,positive"
2308,"neutral,neutral"
2309,"positive,positive"
2310,"neutral,neutral"
2311,"positive,positive"
2312,"negative,negative"
2313,"neutral,neutral"
2314,"negative,negative"
2315,"positive,positive"
2316,"positive,positive"
2317,"neutral,neutral"
2318,"negative,negative"
2319,"positive,positive"
2320,"neutral,neutral"
2321,"neutral,neutral"
2322,"neutral,neutral"
2323,"neutral,neutral"
2324,"neutral,neutral"
2325,"neutral,neutral"
2326,"neutral,neutral"
2327,"neutral,neutral"
2328,"positive,positive"
2329,"neutral,neutral"
2330,"neutral,neutral"
2331,"neutral,neutral"
2332,"neutral,neutral"
2333,"positive,positive"
2334,"neutral,neutral"
2335,"neutral,neutral"
2336,"neutral,neutral"
2337,"positive,positive"
2338,"positive,positive"
2339,"negative,negative"
2340,"negative,negative"
2341,"negative,negative"
2342,"positive,positive"
2343,"neutral,neutral"
2344,"negative,negative"
2345,"negative,negative"
2346,"positive,positive"
2347,"positive,positive"
2348,"positive,positive"
2349,"positive,positive"
2350,"positive,positive"
2351,"positive,positive"
2352,"neutral,neutral"
2353,"positive,positive"
2354,"positive,positive"
2355,"positive,positive"
2356,"neutral,neutral"
2357,"neutral,neutral"
2358,"negative,negative"
2359,"neutral,neutral"
2360,"positive,positive"
2361,"negative,negative"
2362,"positive,positive"
2363,"positive,positive"
2364,"positive,positive"
2365,"positive,positive"
2366,"positive,positive"
2367,"positive,positive"
2368,"positive,positive"
2369,"negative,negative"
2370,"positive,positive"
2371,"positive,positive"
2372,"positive,positive"
2373,"positive,positive"
2374,"positive,positive"
2375,"positive,positive"
2376,"negative,negative"
2377,"neutral,neutral"
2378,"positive,positive"
2379,"neutral,neutral"
2380,"neutral,neutral"
2381,"neutral,neutral"
2382,"positive,positive"
2383,"neutral,neutral"
2384,"positive,positive"
2385,"negative,negative"
2386,"neutral,neutral"
2387,"negative,negative"
2388,"positive,positive"
2389,"neutral,neutral"
2390,"positive,positive"
2391,"positive,positive"
2392,"positive,positive"
2393,"positive,positive"
2394,"negative,negative"
2395,"positive,positive"
2396,"neutral,neutral"
2397,"positive,positive"
2398,"positive,positive"
2399,"positive,positive"
2400,"negative,negative"
2401,"negative,negative"
2402,"positive,positive"
2403,"negative,negative"
2404,"positive,positive"
2405,"positive,positive"
2406,"positive,positive"
2407,"negative,negative"
2408,"negative,negative"
2409,"positive,positive"
2410,"positive,positive"
2411,"positive,positive"
2412,"positive,positive"
2413,"negative,negative"
2414,"positive,positive"
2415,"positive,positive"
2416,"neutral,neutral"
2417,"positive,positive"
2418,"neutral,neutral"
2419,"neutral,neutral"
2420,"negative,negative"
2421,"positive,positive"
2422,"negative,negative"
2423,"negative,negative"
2424,"negative,negative"
2425,"negative,negative"
2426,"negative,negative"
2427,"negative,negative"
2428,"positive,positive"
2429,"negative,negative"
2430,"positive,positive"
2431,"positive,positive"
2432,"positive,positive"
2433,"positive,positive"
2434,"positive,positive"
2435,"positive,positive"
2436,"positive,positive"
2437,"positive,positive"
2438,"positive,positive"
2439,"positive,positive"
2440,"positive,positive"
2441,"neutral,neutral"
2442,"positive,positive"
2443,"neutral,neutral"
2444,"negative,negative"
2445,"positive,positive"
2446,"neutral,neutral"
2447,"neutral,neutral"
2448,"positive,positive"
2449,"positive,positive"
2450,"positive,positive"
2451,"positive,positive"
2452,"positive,positive"
2453,"neutral,neutral"
2454,"positive,positive"
2455,"positive,positive"
2456,"positive,positive"
2457,"positive,positive"
2458,"negative,negative"
2459,"positive,positive"
2460,"positive,positive"
2461,"negative,negative"
2462,"positive,positive"
2463,"negative,negative"
2464,"negative,negative"
2465,"negative,negative"
2466,"positive,positive"
2467,"positive,positive"
2468,"positive,positive"
2469,"positive,positive"
2470,"negative,negative"
2471,"negative,negative"
2472,"positive,positive"
2473,"negative,negative"
2474,"negative,negative"
2475,"positive,positive"
2476,"positive,positive"
2477,"positive,positive"
2478,"neutral,neutral"
2479,"neutral,neutral"
2480,"positive,positive"
2481,"positive,positive"
2482,"negative,negative"
2483,"positive,positive"
2484,"positive,positive"
2485,"positive,positive"
2486,"negative,negative"
2487,"neutral,neutral"
2488,"neutral,neutral"
2489,"neutral,neutral"
2490,"negative,negative"
2491,"positive,positive"
2492,"positive,positive"
2493,"negative,negative"
2494,"neutral,neutral"
2495,"neutral,neutral"
2496,"positive,positive"
2497,"positive,positive"
2498,"positive,positive"
2499,"negative,negative"
2500,"positive,positive"
2501,"negative,negative"
2502,"positive,positive"
2503,"neutral,neutral"
2504,"positive,positive"
2505,"neutral,neutral"
2506,"negative,negative"
2507,"neutral,neutral"
2508,"positive,positive"
2509,"negative,negative"
2510,"negative,negative"
2511,"positive,positive"
2512,"positive,positive"
2513,"positive,positive"
2514,"negative,negative"
2515,"negative,negative"
2516,"positive,positive"
2517,"positive,positive"
2518,"negative,negative"
2519,"positive,positive"
2520,"negative,negative"
2521,"positive,positive"
2522,"positive,positive"
2523,"positive,positive"
2524,"positive,positive"
2525,"positive,positive"
2526,"positive,positive"
2527,"neutral,neutral"
2528,"neutral,neutral"
2529,"negative,negative"
2530,"negative,negative"
2531,"negative,negative"
2532,"positive,positive"
2533,"positive,positive"
2534,"positive,positive"
2535,"positive,positive"
2536,"positive,positive"
2537,"positive,positive"
2538,"negative,negative"
2539,"positive,positive"
2540,"neutral,neutral"
2541,"positive,positive"
2542,"positive,positive"
2543,"positive,positive"
2544,"positive,positive"
2545,"negative,negative"
2546,"negative,negative"
2547,"positive,positive"
2548,"positive,positive"
2549,"neutral,neutral"
2550,"negative,negative"
2551,"neutral,neutral"
2552,"negative,negative"
2553,"negative,negative"
2554,"neutral,neutral"
2555,"neutral,neutral"
2556,"positive,positive"
2557,"positive,positive"
2558,"neutral,neutral"
2559,"positive,positive"
2560,"positive,positive"
2561,"negative,negative"
2562,"neutral,neutral"
2563,"negative,negative"
2564,"positive,positive"
2565,"positive,positive"
2566,"positive,positive"
2567,"positive,positive"
2568,"negative,negative"
2569,"positive,positive"
2570,"positive,positive"
2571,"negative,negative"
2572,"positive,positive"
2573,"positive,positive"
2574,"positive,positive"
2575,"negative,negative"
2576,"neutral,neutral"
2577,"positive,positive"
2578,"negative,negative"
2579,"positive,positive"
2580,"positive,positive"
2581,"neutral,neutral"
2582,"positive,positive"
2583,"neutral,neutral"
2584,"positive,positive"
2585,"positive,positive"
2586,"positive,positive"
2587,"positive,positive"
2588,"positive,positive"
2589,"positive,positive"
2590,"positive,positive"
2591,"positive,positive"
2592,"positive,positive"
2593,"positive,positive"
2594,"positive,positive"
2595,"positive,positive"
2596,"positive,positive"
2597,"positive,positive"
2598,"positive,positive"
2599,"positive,positive"
2600,"positive,positive"
2601,"positive,positive"
2602,"positive,positive"
2603,"positive,positive"
2604,"positive,positive"
2605,"negative,negative"
2606,"neutral,neutral"
2607,"neutral,neutral"
2608,"neutral,neutral"
2609,"negative,negative"
2610,"positive,positive"
2611,"positive,positive"
2612,"negative,negative"
2613,"negative,negative"
2614,"positive,positive"
2615,"negative,negative"
2616,"negative,negative"
2617,"negative,negative"
2618,"negative,negative"
2619,"neutral,neutral"
2620,"positive,positive"
2621,"negative,negative"
2622,"positive,positive"
2623,"negative,negative"
2624,"negative,negative"
2625,"neutral,neutral"
2626,"negative,negative"
2627,"positive,positive"
2628,"positive,positive"
2629,"positive,positive"
2630,"positive,positive"
2631,"positive,positive"
2632,"positive,positive"
2633,"neutral,neutral"
2634,"neutral,neutral"
2635,"positive,positive"
2636,"negative,negative"
2637,"neutral,neutral"
2638,"negative,negative"
2639,"negative,negative"
2640,"negative,negative"
2641,"negative,negative"
2642,"negative,negative"
2643,"negative,negative"
2644,"positive,positive"
2645,"positive,positive"
2646,"negative,negative"
2647,"positive,positive"
2648,"negative,negative"
2649,"negative,negative"
2650,"positive,positive"
2651,"negative,negative"
2652,"negative,negative"
2653,"neutral,neutral"
2654,"negative,negative"
2655,"positive,positive"
2656,"positive,positive"
2657,"positive,positive"
2658,"positive,positive"
2659,"positive,positive"
2660,"positive,positive"
2661,"positive,positive"
2662,"positive,positive"
2663,"positive,positive"
2664,"negative,negative"
2665,"negative,negative"
2666,"negative,negative"
2667,"negative,negative"
2668,"positive,positive"
2669,"positive,positive"
2670,"negative,negative"
2671,"negative,negative"
2672,"positive,positive"
2673,"positive,positive"
2674,"positive,positive"
2675,"negative,negative"
2676,"positive,positive"
2677,"neutral,neutral"
2678,"positive,positive"
2679,"positive,positive"
2680,"positive,positive"
2681,"negative,negative"
2682,"negative,negative"
2683,"negative,negative"
2684,"positive,positive"
2685,"positive,positive"
2686,"positive,positive"
2687,"negative,negative"
2688,"negative,negative"
2689,"positive,positive"
2690,"negative,negative"
2691,"negative,negative"
2692,"negative,negative"
2693,"negative,negative"
2694,"positive,positive"
2695,"negative,negative"
2696,"negative,negative"
2697,"negative,negative"
2698,"positive,positive"
2699,"positive,positive"
2700,"positive,positive"
2701,"positive,positive"
2702,"negative,negative"
2703,"positive,positive"
2704,"positive,positive"
2705,"negative,negative"
2706,"positive,positive"
2707,"positive,positive"
2708,"positive,positive"
2709,"negative,negative"
2710,"positive,positive"
2711,"positive,positive"
2712,"neutral,neutral"
2713,"positive,positive"
2714,"positive,positive"
2715,"neutral,neutral"
2716,"negative,negative"
2717,"negative,negative"
2718,"negative,negative"
2719,"negative,negative"
2720,"negative,negative"
2721,"negative,negative"
2722,"negative,negative"
2723,"positive,positive"
2724,"positive,positive"
2725,"negative,negative"
2726,"positive,positive"
2727,"positive,positive"
2728,"positive,positive"
2729,"negative,negative"
2730,"neutral,neutral"
2731,"neutral,neutral"
2732,"positive,positive"
2733,"negative,negative"
2734,"negative,negative"
2735,"positive,positive"
2736,"negative,negative"
2737,"positive,positive"
2738,"negative,negative"
2739,"negative,negative"
2740,"positive,positive"
2741,"negative,negative"
2742,"positive,positive"
2743,"negative,negative"
2744,"positive,positive"
2745,"positive,positive"
2746,"positive,positive"
2747,"positive,positive"
2748,"neutral,neutral"
2749,"positive,positive"
2750,"positive,positive"
2751,"negative,negative"
2752,"positive,positive"
2753,"negative,negative"
2754,"positive,positive"
2755,"positive,positive"
2756,"negative,negative"
2757,"positive,positive"
2758,"neutral,neutral"
2759,"negative,negative"
2760,"positive,positive"
2761,"positive,positive"
2762,"positive,positive"
2763,"positive,positive"
2764,"positive,positive"
2765,"positive,positive"
2766,"positive,positive"
2767,"negative,negative"
2768,"negative,negative"
2769,"negative,negative"
2770,"negative,negative"
2771,"positive,positive"
2772,"positive,positive"
2773,"positive,positive"
2774,"negative,negative"
2775,"positive,positive"
2776,"positive,positive"
2777,"positive,positive"
2778,"positive,positive"
2779,"positive,positive"
2780,"positive,positive"
2781,"positive,positive"
2782,"positive,positive"
2783,"positive,positive"
2784,"positive,positive"
2785,"positive,positive"
2786,"positive,positive"
2787,"negative,negative"
2788,"neutral,neutral"
2789,"positive,positive"
2790,"positive,positive"
2791,"positive,positive"
2792,"positive,positive"
2793,"positive,positive"
2794,"negative,negative"
2795,"negative,negative"
2796,"positive,positive"
2797,"positive,positive"
2798,"positive,positive"
2799,"positive,positive"
2800,"positive,positive"
2801,"positive,positive"
2802,"positive,positive"
2803,"positive,positive"
2804,"positive,positive"
2805,"neutral,neutral"
2806,"negative,negative"
2807,"positive,positive"
2808,"positive,positive"
2809,"negative,negative"
2810,"positive,positive"
2811,"negative,negative"
2812,"positive,positive"
2813,"positive,positive"
2814,"negative,negative"
2815,"negative,negative"
2816,"negative,negative"
2817,"positive,positive"
2818,"negative,negative"
2819,"negative,negative"
2820,"positive,positive"
2821,"positive,positive"
2822,"positive,positive"
2823,"positive,positive"
2824,"positive,positive"
2825,"positive,positive"
2826,"positive,positive"
2827,"positive,positive"
2828,"positive,positive"
2829,"positive,positive"
2830,"positive,positive"
2831,"negative,negative"
2832,"neutral,neutral"
2833,"negative,negative"
2834,"positive,positive"
2835,"positive,positive"
2836,"positive,positive"
2837,"negative,negative"
2838,"negative,negative"
2839,"positive,positive"
2840,"negative,negative"
2841,"negative,negative"
2842,"negative,negative"
2843,"negative,negative"
2844,"neutral,neutral"
2845,"neutral,neutral"
2846,"neutral,neutral"
2847,"positive,positive"
2848,"negative,negative"
2849,"positive,positive"
2850,"positive,positive"
2851,"positive,positive"
2852,"positive,positive"
2853,"positive,positive"
2854,"positive,positive"
2855,"positive,positive"
2856,"neutral,neutral"
2857,"neutral,neutral"
2858,"positive,positive"
2859,"negative,negative"
2860,"neutral,neutral"
2861,"positive,positive"
2862,"positive,positive"
2863,"negative,negative"
2864,"negative,negative"
2865,"positive,positive"
2866,"positive,positive"
2867,"positive,positive"
2868,"positive,positive"
2869,"positive,positive"
2870,"positive,positive"
2871,"negative,negative"
2872,"positive,positive"
2873,"negative,negative"
2874,"negative,negative"
2875,"positive,positive"
2876,"positive,positive"
2877,"positive,positive"
2878,"positive,positive"
2879,"positive,positive"
2880,"negative,negative"
2881,"negative,negative"
2882,"negative,negative"
2883,"positive,positive"
2884,"negative,negative"
2885,"negative,negative"
2886,"positive,positive"
2887,"positive,positive"
2888,"positive,positive"
2889,"positive,positive"
2890,"negative,negative"
2891,"positive,positive"
2892,"positive,positive"
2893,"positive,positive"
2894,"positive,positive"
2895,"negative,negative"
2896,"positive,positive"
2897,"positive,positive"
2898,"positive,positive"
2899,"neutral,neutral"
2900,"neutral,neutral"
2901,"positive,positive"
2902,"neutral,neutral"
2903,"positive,positive"
2904,"positive,positive"
2905,"neutral,neutral"
2906,"positive,positive"
2907,"positive,positive"
2908,"neutral,neutral"
2909,"positive,positive"
2910,"positive,positive"
2911,"positive,positive"
2912,"positive,positive"
2913,"positive,positive"
2914,"positive,positive"
2915,"positive,positive"
2916,"negative,negative"
2917,"positive,positive"
2918,"positive,positive"
2919,"positive,positive"
2920,"positive,positive"
2921,"positive,positive"
2922,"negative,negative"
2923,"positive,positive"
2924,"negative,negative"
2925,"neutral,neutral"
2926,"positive,positive"
2927,"positive,positive"
2928,"negative,negative"
2929,"negative,negative"
2930,"negative,negative"
2931,"negative,negative"
2932,"negative,negative"
2933,"negative,negative"
2934,"positive,positive"
2935,"negative,negative"
2936,"negative,negative"
2937,"positive,positive"
2938,"positive,positive"
2939,"positive,positive"
2940,"negative,negative"
2941,"positive,positive"
2942,"negative,negative"
2943,"positive,positive"
2944,"positive,positive"
2945,"negative,negative"
2946,"negative,negative"
2947,"positive,positive"
2948,"neutral,neutral"
2949,"negative,negative"
2950,"negative,negative"
2951,"negative,negative"
2952,"negative,negative"
2953,"positive,positive"
2954,"positive,positive"
2955,"positive,positive"
2956,"positive,positive"
2957,"positive,positive"
2958,"positive,positive"
2959,"negative,negative"
2960,"negative,negative"
2961,"positive,positive"
2962,"negative,negative"
2963,"negative,negative"
2964,"negative,negative"
2965,"negative,negative"
2966,"positive,positive"
2967,"positive,positive"
2968,"negative,negative"
2969,"positive,positive"
2970,"positive,positive"
2971,"neutral,neutral"
2972,"positive,positive"
2973,"negative,negative"
2974,"neutral,neutral"
2975,"negative,negative"
2976,"positive,positive"
2977,"positive,positive"
2978,"positive,positive"
2979,"positive,positive"
2980,"positive,positive"
2981,"positive,positive"
2982,"positive,positive"
2983,"positive,positive"
2984,"neutral,neutral"
2985,"positive,positive"
2986,"positive,positive"
2987,"negative,negative"
2988,"positive,positive"
2989,"negative,negative"
2990,"positive,positive"
2991,"negative,negative"
2992,"negative,negative"
2993,"positive,positive"
2994,"positive,positive"
2995,"positive,positive"
2996,"positive,positive"
2997,"negative,negative"
2998,"positive,positive"
2999,"positive,positive"
3000,"negative,negative"
3001,"positive,positive"
3002,"positive,positive"
3003,"positive,positive"
3004,"positive,positive"
3005,"negative,negative"
3006,"positive,positive"
3007,"positive,positive"
3008,"negative,negative"
3009,"positive,positive"
3010,"negative,negative"
3011,"positive,positive"
3012,"positive,positive"
3013,"positive,positive"
3014,"negative,negative"
3015,"positive,positive"
3016,"positive,positive"
3017,"negative,negative"
3018,"negative,negative"
3019,"positive,positive"
3020,"negative,negative"
3021,"negative,negative"
3022,"negative,negative"
3023,"negative,negative"
3024,"positive,positive"
3025,"positive,positive"
3026,"positive,positive"
3027,"negative,negative"
3028,"neutral,neutral"
3029,"negative,negative"
3030,"positive,positive"
3031,"positive,positive"
3032,"positive,positive"
3033,"positive,positive"
3034,"neutral,neutral"
3035,"positive,positive"
3036,"positive,positive"
3037,"positive,positive"
3038,"neutral,neutral"
3039,"negative,negative"
3040,"positive,positive"
3041,"negative,negative"
3042,"neutral,neutral"
3043,"negative,negative"
3044,"negative,negative"
3045,"positive,positive"
3046,"positive,positive"
3047,"negative,negative"
3048,"negative,negative"
3049,"negative,negative"
3050,"negative,negative"
3051,"negative,negative"
3052,"positive,positive"
3053,"negative,negative"
3054,"negative,negative"
3055,"negative,negative"
3056,"positive,positive"
3057,"negative,negative"
3058,"negative,negative"
3059,"negative,negative"
3060,"negative,negative"
3061,"positive,positive"
3062,"positive,positive"
3063,"positive,positive"
3064,"negative,negative"
3065,"negative,negative"
3066,"negative,negative"
3067,"negative,negative"
3068,"positive,positive"
3069,"positive,positive"
3070,"positive,positive"
3071,"positive,positive"
3072,"negative,negative"
3073,"positive,positive"
3074,"neutral,neutral"
3075,"positive,positive"
3076,"negative,negative"
3077,"positive,positive"
3078,"negative,negative"
3079,"negative,negative"
3080,"positive,positive"
3081,"positive,positive"
3082,"positive,positive"
3083,"positive,positive"
3084,"positive,positive"
3085,"neutral,neutral"
3086,"positive,positive"
3087,"positive,positive"
3088,"positive,positive"
3089,"positive,positive"
3090,"positive,positive"
3091,"positive,positive"
3092,"positive,positive"
3093,"neutral,neutral"
3094,"positive,positive"
3095,"positive,positive"
3096,"neutral,neutral"
3097,"positive,positive"
3098,"positive,positive"
3099,"neutral,neutral"
3100,"positive,positive"
3101,"positive,positive"
3102,"positive,positive"
3103,"positive,positive"
3104,"positive,positive"
3105,"positive,positive"
3106,"neutral,neutral"
3107,"positive,positive"
3108,"positive,positive"
3109,"neutral,neutral"
3110,"negative,negative"
3111,"neutral,neutral"
3112,"positive,positive"
3113,"positive,positive"
3114,"neutral,neutral"
3115,"positive,positive"
3116,"positive,positive"
3117,"positive,positive"
3118,"positive,positive"
3119,"negative,negative"
3120,"positive,positive"
3121,"positive,positive"
3122,"positive,positive"
3123,"positive,positive"
3124,"positive,positive"
3125,"positive,positive"
3126,"positive,positive"
3127,"positive,positive"
3128,"positive,positive"
3129,"negative,negative"
3130,"positive,positive"
3131,"positive,positive"
3132,"positive,positive"
3133,"positive,positive"
3134,"positive,positive"
3135,"positive,positive"
3136,"positive,positive"
3137,"negative,negative"
3138,"positive,positive"
3139,"positive,positive"
3140,"positive,positive"
3141,"positive,positive"
3142,"positive,positive"
3143,"positive,positive"
3144,"positive,positive"
3145,"negative,negative"
3146,"positive,positive"
3147,"positive,positive"
3148,"negative,negative"
3149,"negative,negative"
3150,"negative,negative"
3151,"positive,positive"
3152,"negative,negative"
3153,"positive,positive"
3154,"negative,negative"
3155,"negative,negative"
3156,"negative,negative"
3157,"negative,negative"
3158,"negative,negative"
3159,"negative,negative"
3160,"negative,negative"
3161,"positive,positive"
3162,"positive,positive"
3163,"neutral,neutral"
3164,"neutral,neutral"
3165,"positive,positive"
3166,"positive,positive"
3167,"positive,positive"
3168,"neutral,neutral"
3169,"positive,positive"
3170,"positive,positive"
3171,"positive,positive"
3172,"positive,positive"
3173,"positive,positive"
3174,"neutral,neutral"
3175,"positive,positive"
3176,"positive,positive"
3177,"positive,positive"
3178,"neutral,neutral"
3179,"positive,positive"
3180,"positive,positive"
3181,"positive,positive"
3182,"neutral,neutral"
3183,"negative,negative"
3184,"negative,negative"
3185,"positive,positive"
3186,"positive,positive"
3187,"negative,negative"
3188,"positive,positive"
3189,"positive,positive"
3190,"neutral,neutral"
3191,"positive,positive"
3192,"negative,negative"
3193,"positive,positive"
3194,"positive,positive"
3195,"positive,positive"
3196,"negative,negative"
3197,"positive,positive"
3198,"positive,positive"
3199,"positive,positive"
3200,"negative,negative"
3201,"positive,positive"
3202,"positive,positive"
3203,"neutral,neutral"
3204,"positive,positive"
3205,"negative,negative"
3206,"positive,positive"
3207,"negative,negative"
3208,"negative,negative"
3209,"negative,negative"
3210,"positive,positive"
3211,"positive,positive"
3212,"negative,negative"
3213,"negative,negative"
3214,"negative,negative"
3215,"positive,positive"
3216,"positive,positive"
3217,"negative,negative"
3218,"negative,negative"
3219,"negative,negative"
3220,"negative,negative"
3221,"negative,negative"
3222,"negative,negative"
3223,"positive,positive"
3224,"positive,positive"
3225,"positive,positive"
3226,"positive,positive"
3227,"positive,positive"
3228,"positive,positive"
3229,"positive,positive"
3230,"positive,positive"
3231,"positive,positive"
3232,"positive,positive"
3233,"positive,positive"
3234,"negative,negative"
3235,"neutral,neutral"
3236,"positive,positive"
3237,"positive,positive"
3238,"negative,negative"
3239,"positive,positive"
3240,"positive,positive"
3241,"positive,positive"
3242,"positive,positive"
3243,"positive,positive"
3244,"positive,positive"
3245,"positive,positive"
3246,"positive,positive"
3247,"positive,positive"
3248,"negative,negative"
3249,"negative,negative"
3250,"negative,negative"
3251,"negative,negative"
3252,"negative,negative"
3253,"negative,negative"
3254,"negative,negative"
3255,"negative,negative"
3256,"negative,negative"
3257,"negative,negative"
3258,"negative,negative"
3259,"negative,negative"
3260,"positive,positive"
3261,"negative,negative"
3262,"negative,negative"
3263,"negative,negative"
3264,"negative,negative"
3265,"positive,positive"
3266,"positive,positive"
3267,"positive,positive"
3268,"positive,positive"
3269,"negative,negative"
3270,"negative,negative"
3271,"neutral,neutral"
3272,"negative,negative"
3273,"positive,positive"
3274,"neutral,neutral"
3275,"positive,positive"
3276,"positive,positive"
3277,"negative,negative"
3278,"positive,positive"
3279,"positive,positive"
3280,"positive,positive"
3281,"positive,positive"
3282,"neutral,neutral"
3283,"neutral,neutral"
3284,"positive,positive"
3285,"positive,positive"
3286,"positive,positive"
3287,"positive,positive"
3288,"positive,positive"
3289,"positive,positive"
3290,"positive,positive"
3291,"positive,positive"
3292,"positive,positive"
3293,"negative,negative"
3294,"positive,positive"
3295,"positive,positive"
3296,"positive,positive"
3297,"negative,negative"
3298,"negative,negative"
3299,"negative,negative"
3300,"negative,negative"
3301,"negative,negative"
3302,"neutral,neutral"
3303,"negative,negative"
3304,"negative,negative"
3305,"negative,negative"
3306,"neutral,neutral"
3307,"neutral,neutral"
3308,"positive,positive"
3309,"positive,positive"
3310,"negative,negative"
3311,"positive,positive"
3312,"positive,positive"
3313,"positive,positive"
3314,"positive,positive"
3315,"neutral,neutral"
3316,"positive,positive"
3317,"negative,negative"
3318,"positive,positive"
3319,"positive,positive"
3320,"negative,negative"
3321,"positive,positive"
3322,"neutral,neutral"
3323,"positive,positive"
3324,"positive,positive"
3325,"positive,positive"
3326,"positive,positive"
3327,"positive,positive"
3328,"positive,positive"
3329,"positive,positive"
3330,"positive,positive"
3331,"neutral,neutral"
3332,"negative,negative"
3333,"positive,positive"
3334,"neutral,neutral"
3335,"positive,positive"
3336,"positive,positive"
3337,"positive,positive"
3338,"positive,positive"
3339,"positive,positive"
3340,"negative,negative"
3341,"positive,positive"
3342,"positive,positive"
3343,"negative,negative"
3344,"negative,negative"
3345,"positive,positive"
3346,"negative,negative"
3347,"negative,negative"
3348,"negative,negative"
3349,"positive,positive"
3350,"negative,negative"
3351,"positive,positive"
3352,"positive,positive"
3353,"positive,positive"
3354,"negative,negative"
3355,"negative,negative"
3356,"positive,positive"
3357,"negative,negative"
3358,"positive,positive"
3359,"positive,positive"
3360,"positive,positive"
3361,"positive,positive"
3362,"negative,negative"
3363,"negative,negative"
3364,"positive,positive"
3365,"positive,positive"
3366,"negative,negative"
3367,"positive,positive"
3368,"positive,positive"
3369,"positive,positive"
3370,"positive,positive"
3371,"positive,positive"
3372,"positive,positive"
3373,"positive,positive"
3374,"negative,negative"
3375,"negative,negative"
3376,"negative,negative"
3377,"neutral,neutral"
3378,"positive,positive"
3379,"negative,negative"
3380,"negative,negative"
3381,"negative,negative"
3382,"neutral,neutral"
3383,"positive,positive"
3384,"positive,positive"
3385,"positive,positive"
3386,"positive,positive"
3387,"positive,positive"
3388,"positive,positive"
3389,"positive,positive"
3390,"negative,negative"
3391,"negative,negative"
3392,"negative,negative"
3393,"positive,positive"
3394,"positive,positive"
3395,"negative,negative"
3396,"positive,positive"
3397,"positive,positive"
3398,"negative,negative"
3399,"negative,negative"
3400,"negative,negative"
3401,"negative,negative"
3402,"positive,positive"
3403,"negative,negative"
3404,"negative,negative"
3405,"negative,negative"
3406,"negative,negative"
3407,"negative,negative"
3408,"negative,negative"
3409,"negative,negative"
3410,"negative,negative"
3411,"negative,negative"
3412,"negative,negative"
3413,"negative,negative"
3414,"positive,positive"
3415,"negative,negative"
3416,"positive,positive"
3417,"positive,positive"
3418,"negative,negative"
3419,"positive,positive"
3420,"positive,positive"
3421,"positive,positive"
3422,"negative,negative"
3423,"negative,negative"
3424,"negative,negative"
3425,"positive,positive"
3426,"positive,positive"
3427,"positive,positive"
3428,"positive,positive"
3429,"positive,positive"
3430,"positive,positive"
3431,"neutral,neutral"
3432,"positive,positive"
3433,"negative,negative"
3434,"negative,negative"
3435,"negative,negative"
3436,"negative,negative"
3437,"positive,positive"
3438,"positive,positive"
3439,"negative,negative"
3440,"positive,positive"
3441,"negative,negative"
3442,"positive,positive"
3443,"negative,negative"
3444,"negative,negative"
3445,"positive,positive"
3446,"positive,positive"
3447,"negative,negative"
3448,"positive,positive"
3449,"positive,positive"
3450,"positive,positive"
3451,"negative,negative"
3452,"negative,negative"
3453,"negative,negative"
3454,"positive,positive"
3455,"negative,negative"
3456,"negative,negative"
3457,"negative,negative"
3458,"negative,negative"
3459,"negative,negative"
3460,"negative,negative"
3461,"negative,negative"
3462,"negative,negative"
3463,"positive,positive"
3464,"positive,positive"
3465,"negative,negative"
3466,"positive,positive"
3467,"positive,positive"
3468,"positive,positive"
3469,"positive,positive"
3470,"positive,positive"
3471,"negative,negative"
3472,"positive,positive"
3473,"positive,positive"
3474,"positive,positive"
3475,"positive,positive"
3476,"positive,positive"
3477,"positive,positive"
3478,"positive,positive"
3479,"positive,positive"
3480,"positive,positive"
3481,"positive,positive"
3482,"positive,positive"
3483,"positive,positive"
3484,"positive,positive"
3485,"negative,negative"
3486,"negative,negative"
3487,"negative,negative"
3488,"positive,positive"
3489,"positive,positive"
3490,"positive,positive"
3491,"positive,positive"
3492,"positive,positive"
3493,"positive,positive"
3494,"positive,positive"
3495,"negative,negative"
3496,"neutral,neutral"
3497,"negative,negative"
3498,"positive,positive"
3499,"negative,negative"
3500,"positive,positive"
3501,"positive,positive"
3502,"neutral,neutral"
3503,"positive,positive"
3504,"positive,positive"
3505,"negative,negative"
3506,"negative,negative"
3507,"negative,negative"
3508,"positive,positive"
3509,"negative,negative"
3510,"negative,negative"
3511,"negative,negative"
3512,"negative,negative"
3513,"negative,negative"
3514,"negative,negative"
3515,"positive,positive"
3516,"positive,positive"
3517,"negative,negative"
3518,"negative,negative"
3519,"positive,positive"
3520,"negative,negative"
3521,"positive,positive"
3522,"positive,positive"
3523,"negative,negative"
3524,"positive,positive"
3525,"positive,positive"
3526,"negative,negative"
3527,"neutral,neutral"
3528,"positive,positive"
3529,"positive,positive"
3530,"positive,positive"
3531,"neutral,neutral"
3532,"neutral,neutral"
3533,"neutral,neutral"
3534,"negative,negative"
3535,"neutral,neutral"
3536,"neutral,neutral"
3537,"neutral,neutral"
3538,"neutral,neutral"
3539,"neutral,neutral"
3540,"positive,positive"
3541,"positive,positive"
3542,"neutral,neutral"
3543,"positive,positive"
3544,"positive,positive"
3545,"neutral,neutral"
3546,"positive,positive"
3547,"neutral,neutral"
3548,"positive,positive"
3549,"neutral,neutral"
3550,"positive,positive"
3551,"positive,positive"
3552,"neutral,neutral"
3553,"neutral,neutral"
3554,"negative,negative"
3555,"neutral,neutral"
3556,"positive,positive"
3557,"neutral,neutral"
3558,"neutral,neutral"
3559,"positive,positive"
3560,"neutral,neutral"
3561,"negative,negative"
3562,"neutral,neutral"
3563,"neutral,neutral"
3564,"positive,positive"
3565,"positive,positive"
3566,"neutral,neutral"
3567,"positive,positive"
3568,"neutral,neutral"
3569,"positive,positive"
3570,"neutral,neutral"
3571,"negative,negative"
3572,"positive,positive"
3573,"negative,negative"
3574,"positive,positive"
3575,"neutral,neutral"
3576,"neutral,neutral"
3577,"positive,positive"
3578,"negative,negative"
3579,"positive,positive"
3580,"positive,positive"
3581,"negative,negative"
3582,"positive,positive"
3583,"positive,positive"
3584,"negative,negative"
3585,"negative,negative"
3586,"neutral,neutral"
3587,"neutral,neutral"
3588,"neutral,neutral"
3589,"neutral,neutral"
3590,"neutral,neutral"
3591,"negative,negative"
3592,"neutral,neutral"
3593,"neutral,neutral"
3594,"positive,positive"
3595,"neutral,neutral"
3596,"neutral,neutral"
3597,"positive,positive"
3598,"negative,negative"
3599,"negative,negative"
3600,"negative,negative"
3601,"negative,negative"
3602,"negative,negative"
3603,"negative,negative"
3604,"negative,negative"
3605,"negative,negative"
3606,"negative,negative"
3607,"positive,positive"
3608,"negative,negative"
3609,"positive,positive"
3610,"negative,negative"
3611,"negative,negative"
3612,"negative,negative"
3613,"positive,positive"
3614,"negative,negative"
3615,"positive,positive"
3616,"negative,negative"
3617,"positive,positive"
3618,"positive,positive"
3619,"positive,positive"
3620,"positive,positive"
3621,"positive,positive"
3622,"negative,negative"
3623,"positive,positive"
3624,"negative,negative"
3625,"negative,negative"
3626,"negative,negative"
3627,"negative,negative"
3628,"neutral,neutral"
3629,"positive,positive"
3630,"negative,negative"
3631,"positive,positive"
3632,"negative,negative"
3633,"positive,positive"
3634,"positive,positive"
3635,"negative,negative"
3636,"negative,negative"
3637,"negative,negative"
3638,"negative,negative"
3639,"negative,negative"
3640,"positive,positive"
3641,"negative,negative"
3642,"negative,negative"
3643,"negative,negative"
3644,"negative,negative"
3645,"negative,negative"
3646,"positive,positive"
3647,"positive,positive"
3648,"positive,positive"
3649,"positive,positive"
3650,"negative,negative"
3651,"negative,negative"
3652,"positive,positive"
3653,"positive,positive"
3654,"positive,positive"
3655,"positive,positive"
3656,"positive,positive"
3657,"positive,positive"
3658,"positive,positive"
3659,"positive,positive"
3660,"positive,positive"
3661,"positive,positive"
3662,"negative,negative"
3663,"positive,positive"
3664,"negative,negative"
3665,"negative,negative"
3666,"positive,positive"
3667,"positive,positive"
3668,"positive,positive"
3669,"positive,positive"
3670,"positive,positive"
3671,"neutral,neutral"
3672,"positive,positive"
3673,"positive,positive"
3674,"positive,positive"
3675,"positive,positive"
3676,"positive,positive"
3677,"positive,positive"
3678,"positive,positive"
3679,"positive,positive"
3680,"positive,positive"
3681,"positive,positive"
3682,"positive,positive"
3683,"positive,positive"
3684,"positive,positive"
3685,"positive,positive"
3686,"positive,positive"
3687,"positive,positive"
3688,"positive,positive"
3689,"positive,positive"
3690,"positive,positive"
3691,"positive,positive"
3692,"positive,positive"
3693,"positive,positive"
3694,"positive,positive"
3695,"positive,positive"
3696,"negative,negative"
3697,"positive,positive"
3698,"positive,positive"
3699,"positive,positive"
3700,"negative,negative"
3701,"positive,positive"
3702,"negative,negative"
3703,"negative,negative"
3704,"negative,negative"
3705,"negative,negative"
3706,"positive,positive"
3707,"negative,negative"
3708,"positive,positive"
3709,"positive,positive"
3710,"negative,negative"
3711,"positive,positive"
3712,"positive,positive"
3713,"positive,positive"
3714,"positive,positive"
3715,"positive,positive"
3716,"positive,positive"
3717,"positive,positive"
3718,"negative,negative"
3719,"positive,positive"
3720,"positive,positive"
3721,"positive,positive"
3722,"positive,positive"
3723,"positive,positive"
3724,"positive,positive"
3725,"negative,negative"
3726,"negative,negative"
3727,"negative,negative"
3728,"positive,positive"
3729,"negative,negative"
3730,"negative,negative"
3731,"negative,negative"
3732,"negative,negative"
3733,"negative,negative"
3734,"negative,negative"
3735,"negative,negative"
3736,"negative,negative"
3737,"positive,positive"
3738,"negative,negative"
3739,"negative,negative"
3740,"positive,positive"
3741,"positive,positive"
3742,"positive,positive"
3743,"positive,positive"
3744,"positive,positive"
3745,"positive,positive"
3746,"positive,positive"
3747,"positive,positive"
3748,"positive,positive"
3749,"positive,positive"
3750,"positive,positive"
3751,"positive,positive"
3752,"positive,positive"
3753,"positive,positive"
3754,"positive,positive"
3755,"positive,positive"
3756,"positive,positive"
3757,"positive,positive"
3758,"negative,negative"
3759,"positive,positive"
3760,"positive,positive"
3761,"positive,positive"
3762,"positive,positive"
3763,"negative,negative"
3764,"negative,negative"
3765,"negative,negative"
3766,"negative,negative"
3767,"positive,positive"
3768,"negative,negative"
3769,"positive,positive"
3770,"negative,negative"
3771,"positive,positive"
3772,"positive,positive"
3773,"positive,positive"
3774,"positive,positive"
3775,"positive,positive"
3776,"negative,negative"
3777,"positive,positive"
3778,"positive,positive"
3779,"negative,negative"
3780,"negative,negative"
3781,"neutral,neutral"
3782,"negative,negative"
3783,"negative,negative"
3784,"positive,positive"
3785,"negative,negative"
3786,"positive,positive"
3787,"negative,negative"
3788,"negative,negative"
3789,"negative,negative"
3790,"positive,positive"
3791,"negative,negative"
3792,"negative,negative"
3793,"positive,positive"
3794,"negative,negative"
3795,"positive,positive"
3796,"negative,negative"
3797,"negative,negative"
3798,"negative,negative"
3799,"negative,negative"
3800,"negative,negative"
3801,"positive,positive"
3802,"positive,positive"
3803,"positive,positive"
3804,"negative,negative"
3805,"positive,positive"
3806,"negative,negative"
3807,"negative,negative"
3808,"positive,positive"
3809,"negative,negative"
3810,"negative,negative"
3811,"negative,negative"
3812,"negative,negative"
3813,"negative,negative"
3814,"negative,negative"
3815,"negative,negative"
3816,"positive,positive"
3817,"positive,positive"
3818,"negative,negative"
3819,"negative,negative"
3820,"negative,negative"
3821,"negative,negative"
3822,"negative,negative"
3823,"positive,positive"
3824,"negative,negative"
3825,"negative,negative"
3826,"positive,positive"
3827,"positive,positive"
3828,"positive,positive"
3829,"positive,positive"
3830,"positive,positive"
3831,"positive,positive"
3832,"positive,positive"
3833,"positive,positive"
3834,"positive,positive"
3835,"negative,negative"
3836,"negative,negative"
3837,"negative,negative"
3838,"negative,negative"
3839,"negative,negative"
3840,"negative,negative"
3841,"negative,negative"
3842,"negative,negative"
3843,"negative,negative"
3844,"negative,negative"
3845,"negative,negative"
3846,"positive,positive"
3847,"neutral,neutral"
3848,"positive,positive"
3849,"negative,negative"
3850,"negative,negative"
3851,"negative,negative"
3852,"positive,positive"
3853,"positive,positive"
3854,"negative,negative"
3855,"positive,positive"
3856,"negative,negative"
3857,"positive,positive"
3858,"positive,positive"
3859,"positive,positive"
3860,"positive,positive"
3861,"negative,negative"
3862,"negative,negative"
3863,"negative,negative"
3864,"positive,positive"
3865,"positive,positive"
3866,"neutral,neutral"
3867,"negative,negative"
3868,"positive,positive"
3869,"negative,negative"
3870,"neutral,neutral"
3871,"positive,positive"
3872,"negative,negative"
3873,"positive,positive"
3874,"negative,negative"
3875,"negative,negative"
3876,"negative,negative"
3877,"positive,positive"
3878,"positive,positive"
3879,"neutral,neutral"
3880,"neutral,neutral"
3881,"neutral,neutral"
3882,"negative,negative"
3883,"negative,negative"
3884,"positive,positive"
3885,"negative,negative"
3886,"neutral,neutral"
3887,"negative,negative"
3888,"negative,negative"
3889,"negative,negative"
3890,"negative,negative"
3891,"positive,positive"
3892,"negative,negative"
3893,"positive,positive"
3894,"negative,negative"
3895,"positive,positive"
3896,"negative,negative"
3897,"positive,positive"
3898,"negative,negative"
3899,"positive,positive"
3900,"positive,positive"
3901,"positive,positive"
3902,"positive,positive"
3903,"positive,positive"
3904,"positive,positive"
3905,"negative,negative"
3906,"negative,negative"
3907,"positive,positive"
3908,"positive,positive"
3909,"positive,positive"
3910,"positive,positive"
3911,"positive,positive"
3912,"negative,negative"
3913,"positive,positive"
3914,"positive,positive"
3915,"positive,positive"
3916,"positive,positive"
3917,"positive,positive"
3918,"negative,negative"
3919,"positive,positive"
3920,"neutral,neutral"
3921,"positive,positive"
3922,"positive,positive"
3923,"positive,positive"
3924,"positive,positive"
3925,"neutral,neutral"
3926,"positive,positive"
3927,"positive,positive"
3928,"positive,positive"
3929,"positive,positive"
3930,"positive,positive"
3931,"positive,positive"
3932,"negative,negative"
3933,"neutral,neutral"
3934,"positive,positive"
3935,"negative,negative"
3936,"positive,positive"
3937,"positive,positive"
3938,"positive,positive"
3939,"positive,positive"
3940,"negative,negative"
3941,"negative,negative"
3942,"neutral,neutral"
3943,"negative,negative"
3944,"positive,positive"
3945,"positive,positive"
3946,"positive,positive"
3947,"positive,positive"
3948,"positive,positive"
3949,"positive,positive"
3950,"negative,negative"
3951,"positive,positive"
3952,"negative,negative"
3953,"positive,positive"
3954,"neutral,neutral"
3955,"positive,positive"
3956,"positive,positive"
3957,"positive,positive"
3958,"negative,negative"
3959,"negative,negative"
3960,"negative,negative"
3961,"neutral,neutral"
3962,"positive,positive"
3963,"positive,positive"
3964,"positive,positive"
3965,"positive,positive"
3966,"positive,positive"
3967,"negative,negative"
3968,"positive,positive"
3969,"positive,positive"
3970,"positive,positive"
3971,"negative,negative"
3972,"positive,positive"
3973,"neutral,neutral"
3974,"positive,positive"
3975,"positive,positive"
3976,"positive,positive"
3977,"negative,negative"
3978,"neutral,neutral"
3979,"positive,positive"
3980,"positive,positive"
3981,"neutral,neutral"
3982,"positive,positive"
3983,"positive,positive"
3984,"negative,negative"
3985,"negative,negative"
3986,"negative,negative"
3987,"positive,positive"
3988,"positive,positive"
3989,"positive,positive"
3990,"positive,positive"
3991,"positive,positive"
3992,"positive,positive"
3993,"positive,positive"
3994,"positive,positive"
3995,"positive,positive"
3996,"positive,positive"
3997,"positive,positive"
3998,"positive,positive"
3999,"negative,negative"
4000,"negative,negative"
4001,"positive,positive"
4002,"negative,negative"
4003,"positive,positive"
4004,"positive,positive"
4005,"positive,positive"
4006,"positive,positive"
4007,"negative,negative"
4008,"negative,negative"
4009,"positive,positive"
4010,"positive,positive"
4011,"negative,negative"
4012,"negative,negative"
4013,"negative,negative"
4014,"neutral,neutral"
4015,"positive,positive"
4016,"negative,negative"
4017,"negative,negative"
4018,"positive,positive"
4019,"positive,positive"
4020,"positive,positive"
4021,"negative,negative"
4022,"positive,positive"
4023,"positive,positive"
4024,"positive,positive"
4025,"positive,positive"
4026,"positive,positive"
4027,"negative,negative"
4028,"positive,positive"
4029,"positive,positive"
4030,"positive,positive"
4031,"positive,positive"
4032,"positive,positive"
4033,"positive,positive"
4034,"positive,positive"
4035,"positive,positive"
4036,"positive,positive"
4037,"negative,negative"
4038,"negative,negative"
4039,"negative,negative"
4040,"neutral,neutral"
4041,"positive,positive"
4042,"negative,negative"
4043,"positive,positive"
4044,"negative,negative"
4045,"neutral,neutral"
4046,"positive,positive"
4047,"negative,negative"
4048,"positive,positive"
4049,"positive,positive"
4050,"neutral,neutral"
4051,"positive,positive"
4052,"positive,positive"
4053,"positive,positive"
4054,"negative,negative"
4055,"negative,negative"
4056,"positive,positive"
4057,"positive,positive"
4058,"positive,positive"
4059,"negative,negative"
4060,"neutral,neutral"
4061,"negative,negative"
4062,"negative,negative"
4063,"positive,positive"
4064,"positive,positive"
4065,"neutral,neutral"
4066,"positive,positive"
4067,"negative,negative"
4068,"negative,negative"
4069,"neutral,neutral"
4070,"positive,positive"
4071,"positive,positive"
4072,"neutral,neutral"
4073,"negative,negative"
4074,"positive,positive"
4075,"positive,positive"
4076,"positive,positive"
4077,"neutral,neutral"
4078,"positive,positive"
4079,"positive,positive"
4080,"neutral,neutral"
4081,"positive,positive"
4082,"positive,positive"
4083,"positive,positive"
4084,"neutral,neutral"
4085,"positive,positive"
4086,"neutral,neutral"
4087,"positive,positive"
4088,"positive,positive"
4089,"positive,positive"
4090,"positive,positive"
4091,"positive,positive"
4092,"positive,positive"
4093,"positive,positive"
4094,"positive,positive"
4095,"positive,positive"
4096,"positive,positive"
4097,"positive,positive"
4098,"positive,positive"
4099,"negative,negative"
4100,"negative,negative"
4101,"negative,negative"
4102,"negative,negative"
4103,"positive,positive"
4104,"positive,positive"
4105,"positive,positive"
4106,"positive,positive"
4107,"negative,negative"
4108,"positive,positive"
4109,"negative,negative"
4110,"positive,positive"
4111,"neutral,neutral"
4112,"positive,positive"
4113,"negative,negative"
4114,"positive,positive"
4115,"positive,positive"
4116,"positive,positive"
4117,"negative,negative"
4118,"positive,positive"
4119,"neutral,neutral"
4120,"negative,negative"
4121,"positive,positive"
4122,"negative,negative"
4123,"negative,negative"
4124,"negative,negative"
4125,"positive,positive"
4126,"positive,positive"
4127,"negative,negative"
4128,"negative,negative"
4129,"negative,negative"
4130,"negative,negative"
4131,"negative,negative"
4132,"positive,positive"
4133,"positive,positive"
4134,"positive,positive"
4135,"positive,positive"
4136,"positive,positive"
4137,"positive,positive"
4138,"positive,positive"
4139,"positive,positive"
4140,"positive,positive"
4141,"positive,positive"
4142,"positive,positive"
4143,"positive,positive"
4144,"positive,positive"
4145,"positive,positive"
4146,"positive,positive"
4147,"positive,positive"
4148,"negative,negative"
4149,"negative,negative"
4150,"negative,negative"
4151,"positive,positive"
4152,"positive,positive"
4153,"positive,positive"
4154,"positive,positive"
4155,"positive,positive"
4156,"negative,negative"
4157,"negative,negative"
4158,"positive,positive"
4159,"positive,positive"
4160,"positive,positive"
4161,"neutral,neutral"
4162,"positive,positive"
4163,"positive,positive"
4164,"negative,negative"
4165,"positive,positive"
4166,"negative,negative"
4167,"negative,negative"
4168,"positive,positive"
4169,"positive,positive"
4170,"positive,positive"
4171,"neutral,neutral"
4172,"positive,positive"
4173,"negative,negative"
4174,"negative,negative"
4175,"negative,negative"
4176,"neutral,neutral"
4177,"positive,positive"
4178,"positive,positive"
4179,"positive,positive"
4180,"positive,positive"
4181,"positive,positive"
4182,"positive,positive"
4183,"positive,positive"
4184,"positive,positive"
4185,"positive,positive"
4186,"positive,positive"
4187,"positive,positive"
4188,"positive,positive"
4189,"positive,positive"
4190,"positive,positive"
4191,"positive,positive"
4192,"negative,negative"
4193,"positive,positive"
4194,"positive,positive"
4195,"neutral,neutral"
4196,"positive,positive"
4197,"positive,positive"
4198,"positive,positive"
4199,"positive,positive"
4200,"positive,positive"
4201,"positive,positive"
4202,"positive,positive"
4203,"positive,positive"
4204,"positive,positive"
4205,"negative,negative"
4206,"positive,positive"
4207,"neutral,neutral"
4208,"negative,negative"
4209,"neutral,neutral"
4210,"neutral,neutral"
4211,"positive,positive"
4212,"positive,positive"
4213,"negative,negative"
4214,"positive,positive"
4215,"positive,positive"
4216,"positive,positive"
4217,"positive,positive"
4218,"positive,positive"
4219,"positive,positive"
4220,"positive,positive"
4221,"positive,positive"
4222,"neutral,neutral"
4223,"neutral,neutral"
4224,"negative,negative"
4225,"negative,negative"
4226,"negative,negative"
4227,"positive,positive"
4228,"negative,negative"
4229,"negative,negative"
4230,"negative,negative"
4231,"positive,positive"
4232,"positive,positive"
4233,"negative,negative"
4234,"negative,negative"
4235,"negative,negative"
4236,"negative,negative"
4237,"positive,positive"
4238,"negative,negative"
4239,"negative,negative"
4240,"negative,negative"
4241,"positive,positive"
4242,"negative,negative"
4243,"positive,positive"
4244,"negative,negative"
4245,"positive,positive"
4246,"negative,negative"
4247,"negative,negative"
4248,"negative,negative"
4249,"negative,negative"
4250,"negative,negative"
4251,"negative,negative"
4252,"negative,negative"
4253,"negative,negative"
4254,"negative,negative"
4255,"negative,negative"
4256,"negative,negative"
4257,"negative,negative"
4258,"negative,negative"
4259,"negative,negative"
4260,"positive,positive"
4261,"positive,positive"
4262,"positive,positive"
4263,"positive,positive"
4264,"neutral,neutral"
4265,"positive,positive"
4266,"positive,positive"
4267,"negative,negative"
4268,"positive,positive"
4269,"positive,positive"
4270,"positive,positive"
4271,"positive,positive"
4272,"positive,positive"
4273,"negative,negative"
4274,"negative,negative"
4275,"positive,positive"
4276,"negative,negative"
4277,"positive,positive"
4278,"negative,negative"
4279,"positive,positive"
4280,"negative,negative"
4281,"positive,positive"
4282,"positive,positive"
4283,"positive,positive"
4284,"negative,negative"
4285,"negative,negative"
4286,"positive,positive"
4287,"negative,negative"
4288,"negative,negative"
4289,"positive,positive"
4290,"positive,positive"
4291,"positive,positive"
4292,"negative,negative"
4293,"positive,positive"
4294,"positive,positive"
4295,"positive,positive"
4296,"negative,negative"
4297,"positive,positive"
4298,"negative,negative"
4299,"positive,positive"
4300,"negative,negative"
4301,"negative,negative"
4302,"negative,negative"
4303,"negative,negative"
4304,"positive,positive"
4305,"negative,negative"
4306,"positive,positive"
4307,"positive,positive"
4308,"neutral,neutral"
4309,"positive,positive"
4310,"positive,positive"
4311,"positive,positive"
4312,"negative,negative"
4313,"negative,negative"
4314,"negative,negative"
4315,"negative,negative"
4316,"negative,negative"
4317,"positive,positive"
4318,"negative,negative"
4319,"positive,positive"
4320,"negative,negative"
4321,"negative,negative"
4322,"neutral,neutral"
4323,"positive,positive"
4324,"positive,positive"
4325,"positive,positive"
4326,"negative,negative"
4327,"positive,positive"
4328,"positive,positive"
4329,"neutral,neutral"
4330,"negative,negative"
4331,"positive,positive"
4332,"positive,positive"
4333,"positive,positive"
4334,"positive,positive"
4335,"negative,negative"
4336,"negative,negative"
4337,"positive,positive"
4338,"positive,positive"
4339,"positive,positive"
4340,"negative,negative"
4341,"negative,negative"
4342,"positive,positive"
4343,"positive,positive"
4344,"negative,negative"
4345,"negative,negative"
4346,"negative,negative"
4347,"positive,positive"
4348,"positive,positive"
4349,"positive,positive"
4350,"positive,positive"
4351,"positive,positive"
4352,"positive,positive"
4353,"positive,positive"
4354,"positive,positive"
4355,"negative,negative"
4356,"positive,positive"
4357,"positive,positive"
4358,"positive,positive"
4359,"positive,positive"
4360,"positive,positive"
4361,"positive,positive"
4362,"positive,positive"
4363,"negative,negative"
4364,"positive,positive"
4365,"positive,positive"
4366,"positive,positive"
4367,"positive,positive"
4368,"positive,positive"
4369,"positive,positive"
4370,"positive,positive"
4371,"negative,negative"
4372,"positive,positive"
4373,"positive,positive"
4374,"negative,negative"
4375,"positive,positive"
4376,"positive,positive"
4377,"negative,negative"
4378,"negative,negative"
4379,"negative,negative"
4380,"positive,positive"
4381,"positive,positive"
4382,"negative,negative"
4383,"positive,positive"
4384,"positive,positive"
4385,"positive,positive"
4386,"negative,negative"
4387,"positive,positive"
4388,"positive,positive"
4389,"positive,positive"
4390,"positive,positive"
4391,"negative,negative"
4392,"negative,negative"
4393,"negative,negative"
4394,"negative,negative"
4395,"negative,negative"
4396,"negative,negative"
4397,"positive,positive"
4398,"positive,positive"
4399,"positive,positive"
4400,"positive,positive"
4401,"positive,positive"
4402,"positive,positive"
4403,"positive,positive"
4404,"positive,positive"
4405,"positive,positive"
4406,"positive,positive"
4407,"positive,positive"
4408,"positive,positive"
4409,"negative,negative"
4410,"positive,positive"
4411,"positive,positive"
4412,"negative,negative"
4413,"positive,positive"
4414,"positive,positive"
4415,"negative,negative"
4416,"positive,positive"
4417,"positive,positive"
4418,"neutral,neutral"
4419,"positive,positive"
4420,"positive,positive"
4421,"positive,positive"
4422,"positive,positive"
4423,"positive,positive"
4424,"positive,positive"
4425,"positive,positive"
4426,"positive,positive"
4427,"positive,positive"
4428,"positive,positive"
4429,"positive,positive"
4430,"positive,positive"
4431,"positive,positive"
4432,"neutral,neutral"
4433,"positive,positive"
4434,"positive,positive"
4435,"positive,positive"
4436,"positive,positive"
4437,"negative,negative"
4438,"positive,positive"
4439,"positive,positive"
4440,"positive,positive"
4441,"negative,negative"
4442,"positive,positive"
4443,"negative,negative"
4444,"positive,positive"
4445,"positive,positive"
4446,"negative,negative"
4447,"positive,positive"
4448,"positive,positive"
4449,"negative,negative"
4450,"positive,positive"
4451,"negative,negative"
4452,"positive,positive"
4453,"negative,negative"
4454,"negative,negative"
4455,"positive,positive"
4456,"negative,negative"
4457,"neutral,neutral"
4458,"negative,negative"
4459,"negative,negative"
4460,"negative,negative"
4461,"negative,negative"
4462,"negative,negative"
4463,"negative,negative"
4464,"negative,negative"
4465,"positive,positive"
4466,"positive,positive"
4467,"negative,negative"
4468,"negative,negative"
4469,"negative,negative"
4470,"positive,positive"
4471,"positive,positive"
4472,"negative,negative"
4473,"negative,negative"
4474,"positive,positive"
4475,"negative,negative"
4476,"positive,positive"
4477,"positive,positive"
4478,"negative,negative"
4479,"positive,positive"
4480,"negative,negative"
4481,"positive,positive"
4482,"negative,negative"
4483,"positive,positive"
4484,"positive,positive"
4485,"positive,positive"
4486,"positive,positive"
4487,"positive,positive"
4488,"positive,positive"
4489,"negative,negative"
4490,"negative,negative"
4491,"negative,negative"
4492,"positive,positive"
4493,"negative,negative"
4494,"positive,positive"
4495,"negative,negative"
4496,"negative,negative"
4497,"positive,positive"
4498,"negative,negative"
4499,"negative,negative"
4500,"positive,positive"
4501,"positive,positive"
4502,"positive,positive"
4503,"positive,positive"
4504,"positive,positive"
4505,"negative,negative"
4506,"negative,negative"
4507,"positive,positive"
4508,"positive,positive"
4509,"positive,positive"
4510,"positive,positive"
4511,"positive,positive"
